policy,cycle,latency_ms,tier
fixed_t1,0,12.201028,1
fixed_t1,1,10.002697,1
fixed_t1,2,3.826244,1
fixed_t1,3,6.037225,1
fixed_t1,4,9.856110,1
fixed_t1,5,3.022559,1
fixed_t1,6,15.495035,1
fixed_t1,7,11.621255,1
fixed_t1,8,16.742618,1
fixed_t1,9,6.547620,1
fixed_t1,10,12.360069,1
fixed_t1,11,8.824336,1
fixed_t1,12,5.551590,1
fixed_t1,13,6.270942,1
fixed_t1,14,26.033211,1
fixed_t1,15,10.592928,1
fixed_t1,16,11.407134,1
fixed_t1,17,6.008798,1
fixed_t1,18,10.034673,1
fixed_t1,19,6.308119,1
fixed_t1,20,10.289282,1
fixed_t1,21,6.420044,1
fixed_t1,22,6.738617,1
fixed_t1,23,8.247915,1
fixed_t1,24,13.079823,1
fixed_t1,25,9.001461,1
fixed_t1,26,9.482480,1
fixed_t1,27,10.144640,1
fixed_t1,28,13.425978,1
fixed_t1,29,7.512275,1
fixed_t1,30,13.034642,1
fixed_t1,31,17.690357,1
fixed_t1,32,12.312509,1
fixed_t1,33,5.190777,1
fixed_t1,34,4.584444,1
fixed_t1,35,7.489973,1
fixed_t1,36,9.743129,1
fixed_t1,37,5.581532,1
fixed_t1,38,4.258402,1
fixed_t1,39,4.999586,1
fixed_t1,40,5.176444,1
fixed_t1,41,4.925836,1
fixed_t1,42,13.332965,1
fixed_t1,43,10.603736,1
fixed_t1,44,7.750381,1
fixed_t1,45,2.253669,1
fixed_t1,46,8.909228,1
fixed_t1,47,11.415835,1
fixed_t1,48,8.354020,1
fixed_t1,49,11.378910,1
fixed_t1,50,8.335406,1
fixed_t1,51,14.281587,1
fixed_t1,52,3.879575,1
fixed_t1,53,5.416880,1
fixed_t1,54,9.597890,1
fixed_t1,55,5.674058,1
fixed_t1,56,9.946097,1
fixed_t1,57,8.570982,1
fixed_t1,58,6.374248,1
fixed_t1,59,8.211235,1
fixed_t1,60,5.250775,1
fixed_t1,61,8.771377,1
fixed_t1,62,6.608422,1
fixed_t1,63,12.297459,1
fixed_t1,64,17.028310,1
fixed_t1,65,6.986572,1
fixed_t1,66,10.783357,1
fixed_t1,67,17.799210,1
fixed_t1,68,9.199653,1
fixed_t1,69,4.196883,1
fixed_t1,70,9.141881,1
fixed_t1,71,9.457688,1
fixed_t1,72,10.670498,1
fixed_t1,73,11.180080,1
fixed_t1,74,10.422252,1
fixed_t1,75,14.582761,1
fixed_t1,76,4.107585,1
fixed_t1,77,8.844456,1
fixed_t1,78,15.833096,1
fixed_t1,79,8.991635,1
fixed_t1,80,9.938518,1
fixed_t1,81,13.649956,1
fixed_t1,82,7.122735,1
fixed_t1,83,9.772167,1
fixed_t1,84,6.062466,1
fixed_t1,85,12.387860,1
fixed_t1,86,8.425578,1
fixed_t1,87,14.354980,1
fixed_t1,88,4.068402,1
fixed_t1,89,9.797140,1
fixed_t1,90,4.151751,1
fixed_t1,91,8.731600,1
fixed_t1,92,5.302284,1
fixed_t1,93,9.701701,1
fixed_t1,94,7.508605,1
fixed_t1,95,13.958776,1
fixed_t1,96,8.307152,1
fixed_t1,97,8.336978,1
fixed_t1,98,4.264170,1
fixed_t1,99,9.812088,1
fixed_t1,100,16.888458,1
fixed_t1,101,21.225565,1
fixed_t1,102,3.418956,1
fixed_t1,103,6.193442,1
fixed_t1,104,15.740096,1
fixed_t1,105,2.449877,1
fixed_t1,106,4.153519,1
fixed_t1,107,7.154841,1
fixed_t1,108,7.687467,1
fixed_t1,109,6.748428,1
fixed_t1,110,6.169725,1
fixed_t1,111,9.841896,1
fixed_t1,112,6.919795,1
fixed_t1,113,4.078989,1
fixed_t1,114,3.847540,1
fixed_t1,115,14.459498,1
fixed_t1,116,5.951320,1
fixed_t1,117,6.440582,1
fixed_t1,118,7.037037,1
fixed_t1,119,5.919282,1
fixed_t1,120,7.570089,1
fixed_t1,121,8.085235,1
fixed_t1,122,11.689492,1
fixed_t1,123,6.864251,1
fixed_t1,124,4.828108,1
fixed_t1,125,7.236705,1
fixed_t1,126,10.655581,1
fixed_t1,127,6.930018,1
fixed_t1,128,6.088213,1
fixed_t1,129,9.285005,1
fixed_t1,130,8.509953,1
fixed_t1,131,3.079146,1
fixed_t1,132,4.406622,1
fixed_t1,133,13.497790,1
fixed_t1,134,4.895320,1
fixed_t1,135,6.124725,1
fixed_t1,136,12.613895,1
fixed_t1,137,8.850775,1
fixed_t1,138,7.944028,1
fixed_t1,139,13.525589,1
fixed_t1,140,8.445005,1
fixed_t1,141,9.817796,1
fixed_t1,142,6.465612,1
fixed_t1,143,12.233476,1
fixed_t1,144,16.036787,1
fixed_t1,145,4.575051,1
fixed_t1,146,3.094648,1
fixed_t1,147,4.131785,1
fixed_t1,148,11.723612,1
fixed_t1,149,10.391241,1
fixed_t1,150,9.327336,1
fixed_t1,151,5.179983,1
fixed_t1,152,13.576286,1
fixed_t1,153,9.935593,1
fixed_t1,154,11.012896,1
fixed_t1,155,7.386200,1
fixed_t1,156,5.466667,1
fixed_t1,157,12.061580,1
fixed_t1,158,8.442423,1
fixed_t1,159,4.540419,1
fixed_t1,160,8.366668,1
fixed_t1,161,4.323332,1
fixed_t1,162,8.940720,1
fixed_t1,163,5.100225,1
fixed_t1,164,7.977482,1
fixed_t1,165,11.051427,1
fixed_t1,166,7.367292,1
fixed_t1,167,17.929859,1
fixed_t1,168,21.236492,1
fixed_t1,169,6.604775,1
fixed_t1,170,11.359148,1
fixed_t1,171,7.644546,1
fixed_t1,172,5.087100,1
fixed_t1,173,8.783716,1
fixed_t1,174,7.439094,1
fixed_t1,175,7.726496,1
fixed_t1,176,6.351523,1
fixed_t1,177,7.746193,1
fixed_t1,178,8.143925,1
fixed_t1,179,7.820567,1
fixed_t1,180,6.810656,1
fixed_t1,181,5.929498,1
fixed_t1,182,7.194614,1
fixed_t1,183,19.630407,1
fixed_t1,184,10.216906,1
fixed_t1,185,7.863022,1
fixed_t1,186,10.458271,1
fixed_t1,187,6.470294,1
fixed_t1,188,8.585179,1
fixed_t1,189,9.789421,1
fixed_t1,190,10.688221,1
fixed_t1,191,7.368493,1
fixed_t1,192,6.122522,1
fixed_t1,193,5.320972,1
fixed_t1,194,12.518337,1
fixed_t1,195,8.373293,1
fixed_t1,196,7.133784,1
fixed_t1,197,5.775066,1
fixed_t1,198,13.842261,1
fixed_t1,199,13.610968,1
fixed_t1,200,15.909677,1
fixed_t1,201,14.341567,1
fixed_t1,202,8.151766,1
fixed_t1,203,6.660658,1
fixed_t1,204,5.499213,1
fixed_t1,205,11.309464,1
fixed_t1,206,5.508073,1
fixed_t1,207,8.737769,1
fixed_t1,208,10.931954,1
fixed_t1,209,6.659320,1
fixed_t1,210,14.355334,1
fixed_t1,211,3.134400,1
fixed_t1,212,9.719176,1
fixed_t1,213,9.558770,1
fixed_t1,214,5.118186,1
fixed_t1,215,6.273331,1
fixed_t1,216,14.260284,1
fixed_t1,217,4.637697,1
fixed_t1,218,9.241134,1
fixed_t1,219,7.194094,1
fixed_t1,220,14.945127,1
fixed_t1,221,11.349865,1
fixed_t1,222,13.320445,1
fixed_t1,223,4.887654,1
fixed_t1,224,5.579250,1
fixed_t1,225,8.041625,1
fixed_t1,226,8.252049,1
fixed_t1,227,8.273924,1
fixed_t1,228,11.271012,1
fixed_t1,229,6.005886,1
fixed_t1,230,7.786057,1
fixed_t1,231,8.449146,1
fixed_t1,232,6.167558,1
fixed_t1,233,12.612358,1
fixed_t1,234,6.959352,1
fixed_t1,235,7.633097,1
fixed_t1,236,6.136561,1
fixed_t1,237,10.465928,1
fixed_t1,238,8.650566,1
fixed_t1,239,9.392805,1
fixed_t1,240,6.149731,1
fixed_t1,241,9.622429,1
fixed_t1,242,5.559716,1
fixed_t1,243,4.776231,1
fixed_t1,244,4.096061,1
fixed_t1,245,4.182946,1
fixed_t1,246,11.452416,1
fixed_t1,247,18.263126,1
fixed_t1,248,10.818398,1
fixed_t1,249,13.672549,1
fixed_t1,250,4.007263,1
fixed_t1,251,6.216111,1
fixed_t1,252,8.490810,1
fixed_t1,253,9.932313,1
fixed_t1,254,7.744072,1
fixed_t1,255,10.237399,1
fixed_t1,256,14.363489,1
fixed_t1,257,5.130391,1
fixed_t1,258,5.352767,1
fixed_t1,259,8.383113,1
fixed_t1,260,18.350670,1
fixed_t1,261,5.958238,1
fixed_t1,262,15.688070,1
fixed_t1,263,6.976694,1
fixed_t1,264,10.767753,1
fixed_t1,265,7.015063,1
fixed_t1,266,6.326029,1
fixed_t1,267,7.536780,1
fixed_t1,268,12.576380,1
fixed_t1,269,16.077457,1
fixed_t1,270,9.967208,1
fixed_t1,271,5.957820,1
fixed_t1,272,4.664349,1
fixed_t1,273,11.427318,1
fixed_t1,274,12.669952,1
fixed_t1,275,5.648928,1
fixed_t1,276,6.496409,1
fixed_t1,277,7.831713,1
fixed_t1,278,9.428480,1
fixed_t1,279,5.747408,1
fixed_t1,280,6.470617,1
fixed_t1,281,6.286611,1
fixed_t1,282,6.549630,1
fixed_t1,283,9.680301,1
fixed_t1,284,3.256848,1
fixed_t1,285,8.536745,1
fixed_t1,286,9.837560,1
fixed_t1,287,8.547805,1
fixed_t1,288,16.257902,1
fixed_t1,289,17.178868,1
fixed_t1,290,10.273564,1
fixed_t1,291,10.529471,1
fixed_t1,292,13.162573,1
fixed_t1,293,11.862343,1
fixed_t1,294,13.555008,1
fixed_t1,295,5.593655,1
fixed_t1,296,9.609063,1
fixed_t1,297,7.079501,1
fixed_t1,298,4.805489,1
fixed_t1,299,4.280024,1
fixed_t1,300,13.930839,1
fixed_t1,301,12.137530,1
fixed_t1,302,12.561890,1
fixed_t1,303,7.669079,1
fixed_t1,304,7.955248,1
fixed_t1,305,9.971776,1
fixed_t1,306,3.378565,1
fixed_t1,307,5.917126,1
fixed_t1,308,3.475178,1
fixed_t1,309,6.621261,1
fixed_t1,310,8.685729,1
fixed_t1,311,13.048904,1
fixed_t1,312,23.130163,1
fixed_t1,313,5.324580,1
fixed_t1,314,7.580977,1
fixed_t1,315,13.362117,1
fixed_t1,316,12.563686,1
fixed_t1,317,10.620807,1
fixed_t1,318,13.401369,1
fixed_t1,319,6.305409,1
fixed_t1,320,8.346952,1
fixed_t1,321,7.863664,1
fixed_t1,322,10.843987,1
fixed_t1,323,6.457539,1
fixed_t1,324,8.459315,1
fixed_t1,325,8.213088,1
fixed_t1,326,9.302751,1
fixed_t1,327,7.686068,1
fixed_t1,328,3.931940,1
fixed_t1,329,10.107663,1
fixed_t1,330,15.124076,1
fixed_t1,331,7.133056,1
fixed_t1,332,10.778803,1
fixed_t1,333,7.670268,1
fixed_t1,334,3.774257,1
fixed_t1,335,7.757690,1
fixed_t1,336,10.404466,1
fixed_t1,337,7.062994,1
fixed_t1,338,5.320203,1
fixed_t1,339,4.249053,1
fixed_t1,340,9.166640,1
fixed_t1,341,10.861974,1
fixed_t1,342,5.487598,1
fixed_t1,343,6.414237,1
fixed_t1,344,5.399443,1
fixed_t1,345,5.973589,1
fixed_t1,346,5.578519,1
fixed_t1,347,18.821585,1
fixed_t1,348,6.503981,1
fixed_t1,349,14.295251,1
fixed_t1,350,9.038077,1
fixed_t1,351,9.649065,1
fixed_t1,352,12.725148,1
fixed_t1,353,3.356741,1
fixed_t1,354,7.148152,1
fixed_t1,355,5.342442,1
fixed_t1,356,7.091136,1
fixed_t1,357,7.216922,1
fixed_t1,358,14.671451,1
fixed_t1,359,5.201043,1
fixed_t1,360,7.419808,1
fixed_t1,361,6.368086,1
fixed_t1,362,20.916994,1
fixed_t1,363,8.713739,1
fixed_t1,364,5.396100,1
fixed_t1,365,6.053952,1
fixed_t1,366,9.765897,1
fixed_t1,367,4.192374,1
fixed_t1,368,5.524232,1
fixed_t1,369,9.149917,1
fixed_t1,370,5.326991,1
fixed_t1,371,14.437156,1
fixed_t1,372,12.052142,1
fixed_t1,373,14.919814,1
fixed_t1,374,10.084250,1
fixed_t1,375,9.746876,1
fixed_t1,376,10.514346,1
fixed_t1,377,7.082874,1
fixed_t1,378,9.184584,1
fixed_t1,379,5.668494,1
fixed_t1,380,8.017151,1
fixed_t1,381,8.526967,1
fixed_t1,382,10.967464,1
fixed_t1,383,3.526083,1
fixed_t1,384,9.515172,1
fixed_t1,385,6.343694,1
fixed_t1,386,12.296671,1
fixed_t1,387,6.187672,1
fixed_t1,388,6.556637,1
fixed_t1,389,7.629251,1
fixed_t1,390,8.411321,1
fixed_t1,391,10.473689,1
fixed_t1,392,4.945023,1
fixed_t1,393,7.238659,1
fixed_t1,394,7.772885,1
fixed_t1,395,8.795291,1
fixed_t1,396,7.513908,1
fixed_t1,397,5.808562,1
fixed_t1,398,10.030099,1
fixed_t1,399,6.694191,1
fixed_t1,400,4.236606,1
fixed_t1,401,6.480570,1
fixed_t1,402,4.768636,1
fixed_t1,403,21.702604,1
fixed_t1,404,3.732166,1
fixed_t1,405,5.508917,1
fixed_t1,406,14.039072,1
fixed_t1,407,18.874191,1
fixed_t1,408,7.545351,1
fixed_t1,409,10.350470,1
fixed_t1,410,5.122256,1
fixed_t1,411,10.024261,1
fixed_t1,412,7.695935,1
fixed_t1,413,8.946814,1
fixed_t1,414,7.362075,1
fixed_t1,415,4.792994,1
fixed_t1,416,10.096724,1
fixed_t1,417,5.024723,1
fixed_t1,418,11.431735,1
fixed_t1,419,10.630360,1
fixed_t1,420,7.351934,1
fixed_t1,421,6.246158,1
fixed_t1,422,11.289242,1
fixed_t1,423,3.283564,1
fixed_t1,424,6.309153,1
fixed_t1,425,11.975751,1
fixed_t1,426,13.545006,1
fixed_t1,427,14.849204,1
fixed_t1,428,8.694268,1
fixed_t1,429,5.405978,1
fixed_t1,430,7.794825,1
fixed_t1,431,12.809446,1
fixed_t1,432,18.390456,1
fixed_t1,433,6.130660,1
fixed_t1,434,6.761634,1
fixed_t1,435,16.135521,1
fixed_t1,436,14.651386,1
fixed_t1,437,6.959347,1
fixed_t1,438,6.243852,1
fixed_t1,439,7.877503,1
fixed_t1,440,7.032105,1
fixed_t1,441,5.237963,1
fixed_t1,442,6.692392,1
fixed_t1,443,4.851429,1
fixed_t1,444,6.453159,1
fixed_t1,445,9.728197,1
fixed_t1,446,5.633098,1
fixed_t1,447,7.748329,1
fixed_t1,448,4.324268,1
fixed_t1,449,12.905147,1
fixed_t1,450,10.082936,1
fixed_t1,451,5.488391,1
fixed_t1,452,3.772463,1
fixed_t1,453,10.112137,1
fixed_t1,454,8.302349,1
fixed_t1,455,4.926067,1
fixed_t1,456,6.080295,1
fixed_t1,457,13.832468,1
fixed_t1,458,16.937230,1
fixed_t1,459,5.864296,1
fixed_t1,460,8.897864,1
fixed_t1,461,4.890133,1
fixed_t1,462,6.984574,1
fixed_t1,463,12.182362,1
fixed_t1,464,4.034426,1
fixed_t1,465,17.936493,1
fixed_t1,466,5.872165,1
fixed_t1,467,10.095251,1
fixed_t1,468,12.508048,1
fixed_t1,469,5.805553,1
fixed_t1,470,9.315788,1
fixed_t1,471,7.157279,1
fixed_t1,472,7.416747,1
fixed_t1,473,5.070236,1
fixed_t1,474,5.066074,1
fixed_t1,475,7.962163,1
fixed_t1,476,11.798551,1
fixed_t1,477,4.547133,1
fixed_t1,478,5.125851,1
fixed_t1,479,12.685579,1
fixed_t1,480,14.339310,1
fixed_t1,481,7.023807,1
fixed_t1,482,20.286374,1
fixed_t1,483,6.153642,1
fixed_t1,484,7.427849,1
fixed_t1,485,20.075332,1
fixed_t1,486,8.014980,1
fixed_t1,487,4.820764,1
fixed_t1,488,11.989703,1
fixed_t1,489,6.068433,1
fixed_t1,490,7.803821,1
fixed_t1,491,8.827667,1
fixed_t1,492,11.283608,1
fixed_t1,493,21.156650,1
fixed_t1,494,4.962283,1
fixed_t1,495,6.262059,1
fixed_t1,496,7.883834,1
fixed_t1,497,8.042271,1
fixed_t1,498,13.927112,1
fixed_t1,499,14.537393,1
fixed_t1,500,5.898161,1
fixed_t1,501,8.016808,1
fixed_t1,502,14.610406,1
fixed_t1,503,7.290903,1
fixed_t1,504,7.440885,1
fixed_t1,505,8.639345,1
fixed_t1,506,7.199804,1
fixed_t1,507,11.605598,1
fixed_t1,508,8.689959,1
fixed_t1,509,6.862148,1
fixed_t1,510,8.195509,1
fixed_t1,511,12.356305,1
fixed_t1,512,9.351274,1
fixed_t1,513,12.449226,1
fixed_t1,514,11.732461,1
fixed_t1,515,8.388139,1
fixed_t1,516,4.831850,1
fixed_t1,517,5.954290,1
fixed_t1,518,6.759872,1
fixed_t1,519,7.546516,1
fixed_t1,520,13.043657,1
fixed_t1,521,7.637433,1
fixed_t1,522,8.030208,1
fixed_t1,523,10.669737,1
fixed_t1,524,10.484738,1
fixed_t1,525,5.750957,1
fixed_t1,526,7.067208,1
fixed_t1,527,5.566162,1
fixed_t1,528,4.407302,1
fixed_t1,529,16.598733,1
fixed_t1,530,9.087521,1
fixed_t1,531,6.599589,1
fixed_t1,532,6.127959,1
fixed_t1,533,5.947703,1
fixed_t1,534,8.458701,1
fixed_t1,535,12.673191,1
fixed_t1,536,7.668552,1
fixed_t1,537,8.803086,1
fixed_t1,538,10.742506,1
fixed_t1,539,9.126375,1
fixed_t1,540,8.868996,1
fixed_t1,541,8.911103,1
fixed_t1,542,8.616748,1
fixed_t1,543,5.430653,1
fixed_t1,544,5.403927,1
fixed_t1,545,9.281465,1
fixed_t1,546,4.460373,1
fixed_t1,547,10.924795,1
fixed_t1,548,15.556804,1
fixed_t1,549,10.201297,1
fixed_t1,550,6.048617,1
fixed_t1,551,6.418414,1
fixed_t1,552,5.672143,1
fixed_t1,553,13.083941,1
fixed_t1,554,6.209004,1
fixed_t1,555,9.138885,1
fixed_t1,556,3.950191,1
fixed_t1,557,7.598913,1
fixed_t1,558,6.903404,1
fixed_t1,559,6.396286,1
fixed_t1,560,15.290031,1
fixed_t1,561,13.711112,1
fixed_t1,562,5.583898,1
fixed_t1,563,3.924457,1
fixed_t1,564,13.505640,1
fixed_t1,565,4.485560,1
fixed_t1,566,18.920671,1
fixed_t1,567,7.387283,1
fixed_t1,568,13.515736,1
fixed_t1,569,8.777178,1
fixed_t1,570,10.966552,1
fixed_t1,571,8.239429,1
fixed_t1,572,10.672776,1
fixed_t1,573,9.328559,1
fixed_t1,574,6.908280,1
fixed_t1,575,7.653459,1
fixed_t1,576,4.946463,1
fixed_t1,577,11.653557,1
fixed_t1,578,8.479240,1
fixed_t1,579,14.051820,1
fixed_t1,580,11.300468,1
fixed_t1,581,11.983614,1
fixed_t1,582,9.545212,1
fixed_t1,583,14.367867,1
fixed_t1,584,7.419646,1
fixed_t1,585,5.832659,1
fixed_t1,586,8.828089,1
fixed_t1,587,10.295293,1
fixed_t1,588,8.508514,1
fixed_t1,589,4.686476,1
fixed_t1,590,6.237909,1
fixed_t1,591,14.131988,1
fixed_t1,592,8.075277,1
fixed_t1,593,5.030192,1
fixed_t1,594,7.325932,1
fixed_t1,595,9.445336,1
fixed_t1,596,10.414660,1
fixed_t1,597,10.088381,1
fixed_t1,598,5.390823,1
fixed_t1,599,7.182139,1
fixed_t1,600,5.050171,1
fixed_t1,601,7.806005,1
fixed_t1,602,7.228816,1
fixed_t1,603,5.614995,1
fixed_t1,604,4.822226,1
fixed_t1,605,4.632032,1
fixed_t1,606,8.500196,1
fixed_t1,607,9.796077,1
fixed_t1,608,4.495703,1
fixed_t1,609,4.547923,1
fixed_t1,610,9.336449,1
fixed_t1,611,8.094322,1
fixed_t1,612,3.303535,1
fixed_t1,613,6.415169,1
fixed_t1,614,7.694835,1
fixed_t1,615,7.313018,1
fixed_t1,616,6.863734,1
fixed_t1,617,3.506909,1
fixed_t1,618,10.732969,1
fixed_t1,619,7.481187,1
fixed_t1,620,4.877254,1
fixed_t1,621,9.135706,1
fixed_t1,622,5.423898,1
fixed_t1,623,8.238437,1
fixed_t1,624,9.116426,1
fixed_t1,625,5.941314,1
fixed_t1,626,9.042794,1
fixed_t1,627,7.365057,1
fixed_t1,628,8.365802,1
fixed_t1,629,5.426370,1
fixed_t1,630,3.252420,1
fixed_t1,631,6.941272,1
fixed_t1,632,6.952200,1
fixed_t1,633,8.225333,1
fixed_t1,634,3.945206,1
fixed_t1,635,7.384239,1
fixed_t1,636,11.651482,1
fixed_t1,637,5.807968,1
fixed_t1,638,4.070806,1
fixed_t1,639,14.267560,1
fixed_t1,640,6.332299,1
fixed_t1,641,8.700682,1
fixed_t1,642,5.070895,1
fixed_t1,643,6.269389,1
fixed_t1,644,8.539057,1
fixed_t1,645,17.500016,1
fixed_t1,646,13.254538,1
fixed_t1,647,5.800627,1
fixed_t1,648,7.587951,1
fixed_t1,649,11.069791,1
fixed_t1,650,6.378749,1
fixed_t1,651,10.054026,1
fixed_t1,652,6.303109,1
fixed_t1,653,5.618954,1
fixed_t1,654,8.877942,1
fixed_t1,655,10.056170,1
fixed_t1,656,15.870824,1
fixed_t1,657,4.242117,1
fixed_t1,658,18.414075,1
fixed_t1,659,8.370295,1
fixed_t1,660,7.203176,1
fixed_t1,661,12.538107,1
fixed_t1,662,6.041956,1
fixed_t1,663,12.341840,1
fixed_t1,664,7.475242,1
fixed_t1,665,8.333223,1
fixed_t1,666,5.396592,1
fixed_t1,667,6.965809,1
fixed_t1,668,2.930011,1
fixed_t1,669,5.193490,1
fixed_t1,670,6.242807,1
fixed_t1,671,4.753423,1
fixed_t1,672,4.492988,1
fixed_t1,673,7.191939,1
fixed_t1,674,10.726405,1
fixed_t1,675,5.947499,1
fixed_t1,676,10.546206,1
fixed_t1,677,7.590821,1
fixed_t1,678,7.382471,1
fixed_t1,679,13.557305,1
fixed_t1,680,6.766093,1
fixed_t1,681,7.432331,1
fixed_t1,682,11.124943,1
fixed_t1,683,9.116399,1
fixed_t1,684,8.110905,1
fixed_t1,685,7.692913,1
fixed_t1,686,6.845245,1
fixed_t1,687,9.166705,1
fixed_t1,688,10.206482,1
fixed_t1,689,8.238472,1
fixed_t1,690,7.229727,1
fixed_t1,691,12.420075,1
fixed_t1,692,9.727772,1
fixed_t1,693,8.639470,1
fixed_t1,694,7.965848,1
fixed_t1,695,11.980726,1
fixed_t1,696,7.846115,1
fixed_t1,697,5.897715,1
fixed_t1,698,13.728491,1
fixed_t1,699,12.235295,1
fixed_t1,700,11.011484,1
fixed_t1,701,8.133049,1
fixed_t1,702,5.214831,1
fixed_t1,703,8.536147,1
fixed_t1,704,7.741783,1
fixed_t1,705,9.526942,1
fixed_t1,706,8.900138,1
fixed_t1,707,3.672356,1
fixed_t1,708,7.331370,1
fixed_t1,709,7.774752,1
fixed_t1,710,9.593303,1
fixed_t1,711,6.508395,1
fixed_t1,712,4.897388,1
fixed_t1,713,9.861078,1
fixed_t1,714,7.986799,1
fixed_t1,715,10.217730,1
fixed_t1,716,11.417964,1
fixed_t1,717,11.176917,1
fixed_t1,718,8.392841,1
fixed_t1,719,4.416760,1
fixed_t1,720,6.814306,1
fixed_t1,721,8.421155,1
fixed_t1,722,9.293192,1
fixed_t1,723,14.441965,1
fixed_t1,724,9.872020,1
fixed_t1,725,4.858637,1
fixed_t1,726,11.070506,1
fixed_t1,727,9.134517,1
fixed_t1,728,11.375957,1
fixed_t1,729,11.342778,1
fixed_t1,730,5.794657,1
fixed_t1,731,15.498194,1
fixed_t1,732,6.820055,1
fixed_t1,733,9.035000,1
fixed_t1,734,6.136415,1
fixed_t1,735,9.217579,1
fixed_t1,736,9.730768,1
fixed_t1,737,8.384748,1
fixed_t1,738,3.552246,1
fixed_t1,739,6.661092,1
fixed_t1,740,12.622564,1
fixed_t1,741,7.256852,1
fixed_t1,742,3.112414,1
fixed_t1,743,8.725062,1
fixed_t1,744,9.700592,1
fixed_t1,745,4.927772,1
fixed_t1,746,17.063989,1
fixed_t1,747,5.371558,1
fixed_t1,748,12.591484,1
fixed_t1,749,8.483607,1
fixed_t1,750,10.419866,1
fixed_t1,751,9.566818,1
fixed_t1,752,4.952078,1
fixed_t1,753,5.292430,1
fixed_t1,754,7.454004,1
fixed_t1,755,9.837640,1
fixed_t1,756,6.701290,1
fixed_t1,757,9.070674,1
fixed_t1,758,10.907172,1
fixed_t1,759,13.110381,1
fixed_t1,760,14.645219,1
fixed_t1,761,7.921779,1
fixed_t1,762,7.939796,1
fixed_t1,763,5.093201,1
fixed_t1,764,7.404830,1
fixed_t1,765,8.621329,1
fixed_t1,766,5.024687,1
fixed_t1,767,6.642432,1
fixed_t1,768,6.140381,1
fixed_t1,769,9.297195,1
fixed_t1,770,14.969296,1
fixed_t1,771,6.534378,1
fixed_t1,772,6.468528,1
fixed_t1,773,13.480638,1
fixed_t1,774,8.900152,1
fixed_t1,775,4.076875,1
fixed_t1,776,12.653751,1
fixed_t1,777,15.421745,1
fixed_t1,778,6.972024,1
fixed_t1,779,6.288615,1
fixed_t1,780,10.275386,1
fixed_t1,781,4.299632,1
fixed_t1,782,9.428037,1
fixed_t1,783,7.535866,1
fixed_t1,784,6.500473,1
fixed_t1,785,11.825900,1
fixed_t1,786,6.366126,1
fixed_t1,787,5.687505,1
fixed_t1,788,10.033841,1
fixed_t1,789,10.486113,1
fixed_t1,790,5.495329,1
fixed_t1,791,2.167842,1
fixed_t1,792,12.906469,1
fixed_t1,793,13.328369,1
fixed_t1,794,2.296240,1
fixed_t1,795,11.831930,1
fixed_t1,796,8.691747,1
fixed_t1,797,5.798779,1
fixed_t1,798,6.530366,1
fixed_t1,799,7.917397,1
fixed_t1,800,13.822661,1
fixed_t1,801,10.318012,1
fixed_t1,802,14.166686,1
fixed_t1,803,8.563349,1
fixed_t1,804,5.155786,1
fixed_t1,805,6.526578,1
fixed_t1,806,5.300928,1
fixed_t1,807,23.790901,1
fixed_t1,808,9.472423,1
fixed_t1,809,8.794445,1
fixed_t1,810,15.820771,1
fixed_t1,811,5.315149,1
fixed_t1,812,8.722346,1
fixed_t1,813,5.686146,1
fixed_t1,814,11.174942,1
fixed_t1,815,4.785339,1
fixed_t1,816,6.642761,1
fixed_t1,817,10.276481,1
fixed_t1,818,4.377535,1
fixed_t1,819,7.729862,1
fixed_t1,820,7.458628,1
fixed_t1,821,9.167545,1
fixed_t1,822,7.117663,1
fixed_t1,823,9.268426,1
fixed_t1,824,3.493432,1
fixed_t1,825,18.135370,1
fixed_t1,826,11.636108,1
fixed_t1,827,6.552709,1
fixed_t1,828,9.789049,1
fixed_t1,829,14.178089,1
fixed_t1,830,7.972887,1
fixed_t1,831,9.551980,1
fixed_t1,832,14.781122,1
fixed_t1,833,10.224418,1
fixed_t1,834,8.908816,1
fixed_t1,835,8.145191,1
fixed_t1,836,6.662996,1
fixed_t1,837,7.124615,1
fixed_t1,838,5.421351,1
fixed_t1,839,4.687651,1
fixed_t1,840,7.221603,1
fixed_t1,841,13.965569,1
fixed_t1,842,9.719460,1
fixed_t1,843,7.825478,1
fixed_t1,844,9.120889,1
fixed_t1,845,11.300533,1
fixed_t1,846,13.069761,1
fixed_t1,847,10.608325,1
fixed_t1,848,12.530865,1
fixed_t1,849,7.148829,1
fixed_t1,850,24.624192,1
fixed_t1,851,11.991991,1
fixed_t1,852,9.365318,1
fixed_t1,853,4.649869,1
fixed_t1,854,9.446889,1
fixed_t1,855,5.613274,1
fixed_t1,856,9.594751,1
fixed_t1,857,8.027608,1
fixed_t1,858,5.853851,1
fixed_t1,859,6.527334,1
fixed_t1,860,9.217021,1
fixed_t1,861,5.134808,1
fixed_t1,862,6.875653,1
fixed_t1,863,6.938917,1
fixed_t1,864,7.854193,1
fixed_t1,865,8.971371,1
fixed_t1,866,9.983170,1
fixed_t1,867,8.029140,1
fixed_t1,868,7.449852,1
fixed_t1,869,7.202106,1
fixed_t1,870,6.344007,1
fixed_t1,871,9.427668,1
fixed_t1,872,12.721925,1
fixed_t1,873,10.019244,1
fixed_t1,874,12.041587,1
fixed_t1,875,4.397900,1
fixed_t1,876,4.904713,1
fixed_t1,877,5.836841,1
fixed_t1,878,10.760456,1
fixed_t1,879,9.399966,1
fixed_t1,880,8.400509,1
fixed_t1,881,17.434976,1
fixed_t1,882,4.162599,1
fixed_t1,883,12.741279,1
fixed_t1,884,10.588989,1
fixed_t1,885,8.905485,1
fixed_t1,886,10.831498,1
fixed_t1,887,13.011112,1
fixed_t1,888,14.567173,1
fixed_t1,889,6.254275,1
fixed_t1,890,12.122391,1
fixed_t1,891,8.690101,1
fixed_t1,892,4.799367,1
fixed_t1,893,7.520233,1
fixed_t1,894,8.458358,1
fixed_t1,895,9.555737,1
fixed_t1,896,9.894580,1
fixed_t1,897,11.513788,1
fixed_t1,898,8.081910,1
fixed_t1,899,7.411843,1
fixed_t1,900,5.134280,1
fixed_t1,901,8.643431,1
fixed_t1,902,6.539704,1
fixed_t1,903,12.348734,1
fixed_t1,904,5.862948,1
fixed_t1,905,7.560978,1
fixed_t1,906,3.312154,1
fixed_t1,907,10.403752,1
fixed_t1,908,8.484466,1
fixed_t1,909,7.031379,1
fixed_t1,910,10.557882,1
fixed_t1,911,5.245427,1
fixed_t1,912,5.097486,1
fixed_t1,913,5.604208,1
fixed_t1,914,6.489797,1
fixed_t1,915,12.684670,1
fixed_t1,916,5.739864,1
fixed_t1,917,8.370071,1
fixed_t1,918,6.405753,1
fixed_t1,919,5.820005,1
fixed_t1,920,13.082713,1
fixed_t1,921,8.454807,1
fixed_t1,922,15.433579,1
fixed_t1,923,3.141363,1
fixed_t1,924,5.812144,1
fixed_t1,925,11.219802,1
fixed_t1,926,7.083767,1
fixed_t1,927,7.957285,1
fixed_t1,928,11.976028,1
fixed_t1,929,14.033235,1
fixed_t1,930,8.997728,1
fixed_t1,931,7.067599,1
fixed_t1,932,11.205339,1
fixed_t1,933,7.016555,1
fixed_t1,934,4.681965,1
fixed_t1,935,6.750989,1
fixed_t1,936,6.741057,1
fixed_t1,937,12.256351,1
fixed_t1,938,5.214328,1
fixed_t1,939,11.158101,1
fixed_t1,940,9.021144,1
fixed_t1,941,6.317264,1
fixed_t1,942,9.617602,1
fixed_t1,943,10.940817,1
fixed_t1,944,12.793119,1
fixed_t1,945,7.125412,1
fixed_t1,946,8.126244,1
fixed_t1,947,9.998407,1
fixed_t1,948,8.442438,1
fixed_t1,949,20.372118,1
fixed_t1,950,12.505290,1
fixed_t1,951,20.123522,1
fixed_t1,952,5.780083,1
fixed_t1,953,8.189517,1
fixed_t1,954,8.155427,1
fixed_t1,955,5.587197,1
fixed_t1,956,6.478844,1
fixed_t1,957,7.830490,1
fixed_t1,958,9.799338,1
fixed_t1,959,7.537847,1
fixed_t1,960,6.582293,1
fixed_t1,961,6.327995,1
fixed_t1,962,6.099941,1
fixed_t1,963,15.271071,1
fixed_t1,964,6.466641,1
fixed_t1,965,7.059528,1
fixed_t1,966,15.617293,1
fixed_t1,967,5.925621,1
fixed_t1,968,12.752873,1
fixed_t1,969,10.446756,1
fixed_t1,970,7.371121,1
fixed_t1,971,11.251472,1
fixed_t1,972,16.546795,1
fixed_t1,973,6.111690,1
fixed_t1,974,5.744326,1
fixed_t1,975,7.408036,1
fixed_t1,976,7.726563,1
fixed_t1,977,7.106626,1
fixed_t1,978,3.467607,1
fixed_t1,979,3.465558,1
fixed_t1,980,8.903150,1
fixed_t1,981,11.817306,1
fixed_t1,982,8.191802,1
fixed_t1,983,11.951423,1
fixed_t1,984,6.420283,1
fixed_t1,985,17.934832,1
fixed_t1,986,16.083864,1
fixed_t1,987,8.474867,1
fixed_t1,988,8.808681,1
fixed_t1,989,7.810091,1
fixed_t1,990,8.421512,1
fixed_t1,991,14.101604,1
fixed_t1,992,6.662870,1
fixed_t1,993,4.517649,1
fixed_t1,994,9.295077,1
fixed_t1,995,10.168208,1
fixed_t1,996,7.266079,1
fixed_t1,997,6.221292,1
fixed_t1,998,14.854069,1
fixed_t1,999,13.136204,1
fixed_t1,1000,18.532897,1
fixed_t1,1001,9.224731,1
fixed_t1,1002,4.217288,1
fixed_t1,1003,4.217474,1
fixed_t1,1004,7.112134,1
fixed_t1,1005,8.608279,1
fixed_t1,1006,5.822314,1
fixed_t1,1007,10.600219,1
fixed_t1,1008,17.964089,1
fixed_t1,1009,15.114804,1
fixed_t1,1010,6.003958,1
fixed_t1,1011,10.146109,1
fixed_t1,1012,14.445455,1
fixed_t1,1013,7.335988,1
fixed_t1,1014,4.460303,1
fixed_t1,1015,6.072608,1
fixed_t1,1016,9.129450,1
fixed_t1,1017,8.070653,1
fixed_t1,1018,7.501669,1
fixed_t1,1019,5.823791,1
fixed_t1,1020,3.939606,1
fixed_t1,1021,6.536232,1
fixed_t1,1022,7.099743,1
fixed_t1,1023,6.937695,1
fixed_t1,1024,5.639516,1
fixed_t1,1025,6.121109,1
fixed_t1,1026,4.673376,1
fixed_t1,1027,9.412188,1
fixed_t1,1028,4.841983,1
fixed_t1,1029,4.638939,1
fixed_t1,1030,8.781634,1
fixed_t1,1031,7.841984,1
fixed_t1,1032,4.968279,1
fixed_t1,1033,5.389533,1
fixed_t1,1034,5.635570,1
fixed_t1,1035,12.808425,1
fixed_t1,1036,8.696971,1
fixed_t1,1037,9.989860,1
fixed_t1,1038,10.359960,1
fixed_t1,1039,8.792947,1
fixed_t1,1040,24.305084,1
fixed_t1,1041,7.331149,1
fixed_t1,1042,3.785253,1
fixed_t1,1043,19.348874,1
fixed_t1,1044,14.446381,1
fixed_t1,1045,4.072912,1
fixed_t1,1046,6.974910,1
fixed_t1,1047,6.662738,1
fixed_t1,1048,7.377257,1
fixed_t1,1049,8.609344,1
fixed_t1,1050,8.591063,1
fixed_t1,1051,14.422272,1
fixed_t1,1052,8.326356,1
fixed_t1,1053,9.238575,1
fixed_t1,1054,5.106460,1
fixed_t1,1055,5.760943,1
fixed_t1,1056,6.416948,1
fixed_t1,1057,6.402359,1
fixed_t1,1058,14.348435,1
fixed_t1,1059,7.256529,1
fixed_t1,1060,11.577323,1
fixed_t1,1061,9.244331,1
fixed_t1,1062,3.721599,1
fixed_t1,1063,6.122076,1
fixed_t1,1064,5.906412,1
fixed_t1,1065,8.413682,1
fixed_t1,1066,6.970176,1
fixed_t1,1067,6.509495,1
fixed_t1,1068,9.210302,1
fixed_t1,1069,8.263677,1
fixed_t1,1070,8.772387,1
fixed_t1,1071,23.001712,1
fixed_t1,1072,8.328870,1
fixed_t1,1073,5.756992,1
fixed_t1,1074,16.950968,1
fixed_t1,1075,8.309146,1
fixed_t1,1076,11.293227,1
fixed_t1,1077,12.978695,1
fixed_t1,1078,9.046337,1
fixed_t1,1079,10.413096,1
fixed_t1,1080,10.966214,1
fixed_t1,1081,12.841683,1
fixed_t1,1082,6.988381,1
fixed_t1,1083,3.877065,1
fixed_t1,1084,8.250395,1
fixed_t1,1085,9.363200,1
fixed_t1,1086,10.978606,1
fixed_t1,1087,5.359615,1
fixed_t1,1088,6.178307,1
fixed_t1,1089,8.090538,1
fixed_t1,1090,11.102752,1
fixed_t1,1091,8.035786,1
fixed_t1,1092,9.548496,1
fixed_t1,1093,10.658957,1
fixed_t1,1094,9.539213,1
fixed_t1,1095,13.564670,1
fixed_t1,1096,10.663917,1
fixed_t1,1097,7.246282,1
fixed_t1,1098,9.255193,1
fixed_t1,1099,7.098980,1
fixed_t1,1100,13.692495,1
fixed_t1,1101,15.567777,1
fixed_t1,1102,10.877903,1
fixed_t1,1103,7.253297,1
fixed_t1,1104,3.408326,1
fixed_t1,1105,5.008699,1
fixed_t1,1106,8.122100,1
fixed_t1,1107,11.190310,1
fixed_t1,1108,11.177654,1
fixed_t1,1109,6.478554,1
fixed_t1,1110,17.676956,1
fixed_t1,1111,8.074147,1
fixed_t1,1112,8.156264,1
fixed_t1,1113,12.840681,1
fixed_t1,1114,10.129521,1
fixed_t1,1115,8.420219,1
fixed_t1,1116,4.417205,1
fixed_t1,1117,8.849907,1
fixed_t1,1118,3.614904,1
fixed_t1,1119,9.459372,1
fixed_t1,1120,7.833701,1
fixed_t1,1121,6.852866,1
fixed_t1,1122,6.363461,1
fixed_t1,1123,13.354385,1
fixed_t1,1124,5.555924,1
fixed_t1,1125,11.734115,1
fixed_t1,1126,6.699832,1
fixed_t1,1127,5.111549,1
fixed_t1,1128,13.768461,1
fixed_t1,1129,7.512223,1
fixed_t1,1130,8.977654,1
fixed_t1,1131,8.853817,1
fixed_t1,1132,7.637592,1
fixed_t1,1133,8.327385,1
fixed_t1,1134,8.613198,1
fixed_t1,1135,3.487763,1
fixed_t1,1136,9.449285,1
fixed_t1,1137,4.397468,1
fixed_t1,1138,8.387229,1
fixed_t1,1139,4.383092,1
fixed_t1,1140,6.022432,1
fixed_t1,1141,8.675790,1
fixed_t1,1142,7.471449,1
fixed_t1,1143,14.439222,1
fixed_t1,1144,11.282919,1
fixed_t1,1145,6.725953,1
fixed_t1,1146,10.851746,1
fixed_t1,1147,5.983160,1
fixed_t1,1148,19.638981,1
fixed_t1,1149,7.554238,1
fixed_t1,1150,9.770215,1
fixed_t1,1151,5.389607,1
fixed_t1,1152,7.183746,1
fixed_t1,1153,7.543639,1
fixed_t1,1154,11.788473,1
fixed_t1,1155,8.439272,1
fixed_t1,1156,9.878183,1
fixed_t1,1157,7.325689,1
fixed_t1,1158,12.795563,1
fixed_t1,1159,15.261945,1
fixed_t1,1160,4.702914,1
fixed_t1,1161,8.455276,1
fixed_t1,1162,5.434041,1
fixed_t1,1163,7.705295,1
fixed_t1,1164,10.955351,1
fixed_t1,1165,7.039072,1
fixed_t1,1166,11.578252,1
fixed_t1,1167,14.693612,1
fixed_t1,1168,10.343933,1
fixed_t1,1169,6.931546,1
fixed_t1,1170,11.535674,1
fixed_t1,1171,13.089932,1
fixed_t1,1172,5.100779,1
fixed_t1,1173,11.821948,1
fixed_t1,1174,5.578663,1
fixed_t1,1175,4.517672,1
fixed_t1,1176,7.609591,1
fixed_t1,1177,4.298063,1
fixed_t1,1178,15.141849,1
fixed_t1,1179,6.198684,1
fixed_t1,1180,11.802777,1
fixed_t1,1181,8.127598,1
fixed_t1,1182,11.052533,1
fixed_t1,1183,9.255452,1
fixed_t1,1184,16.293302,1
fixed_t1,1185,9.140543,1
fixed_t1,1186,16.473021,1
fixed_t1,1187,15.921893,1
fixed_t1,1188,11.053508,1
fixed_t1,1189,6.411593,1
fixed_t1,1190,5.838715,1
fixed_t1,1191,8.668264,1
fixed_t1,1192,7.097362,1
fixed_t1,1193,11.765763,1
fixed_t1,1194,4.844271,1
fixed_t1,1195,13.973825,1
fixed_t1,1196,8.895261,1
fixed_t1,1197,5.537118,1
fixed_t1,1198,8.255228,1
fixed_t1,1199,10.552339,1
fixed_t1,1200,5.349437,1
fixed_t1,1201,10.120589,1
fixed_t1,1202,5.337661,1
fixed_t1,1203,5.784704,1
fixed_t1,1204,5.639249,1
fixed_t1,1205,8.652550,1
fixed_t1,1206,6.001679,1
fixed_t1,1207,7.637650,1
fixed_t1,1208,4.241528,1
fixed_t1,1209,10.754878,1
fixed_t1,1210,12.560505,1
fixed_t1,1211,15.402126,1
fixed_t1,1212,5.553788,1
fixed_t1,1213,9.795193,1
fixed_t1,1214,7.633526,1
fixed_t1,1215,8.553070,1
fixed_t1,1216,8.127321,1
fixed_t1,1217,7.645924,1
fixed_t1,1218,7.002962,1
fixed_t1,1219,7.684816,1
fixed_t1,1220,9.550075,1
fixed_t1,1221,3.388954,1
fixed_t1,1222,11.396301,1
fixed_t1,1223,5.749871,1
fixed_t1,1224,11.417225,1
fixed_t1,1225,10.851857,1
fixed_t1,1226,11.630100,1
fixed_t1,1227,11.713277,1
fixed_t1,1228,7.008842,1
fixed_t1,1229,6.961796,1
fixed_t1,1230,6.265312,1
fixed_t1,1231,6.311899,1
fixed_t1,1232,7.745651,1
fixed_t1,1233,11.710269,1
fixed_t1,1234,7.533632,1
fixed_t1,1235,8.488864,1
fixed_t1,1236,10.745339,1
fixed_t1,1237,11.564259,1
fixed_t1,1238,5.710796,1
fixed_t1,1239,8.127576,1
fixed_t1,1240,10.236985,1
fixed_t1,1241,16.680825,1
fixed_t1,1242,4.289003,1
fixed_t1,1243,14.712681,1
fixed_t1,1244,6.624163,1
fixed_t1,1245,5.710969,1
fixed_t1,1246,8.563780,1
fixed_t1,1247,10.069703,1
fixed_t1,1248,6.729542,1
fixed_t1,1249,12.903613,1
fixed_t1,1250,12.553500,1
fixed_t1,1251,6.354349,1
fixed_t1,1252,10.137645,1
fixed_t1,1253,5.490597,1
fixed_t1,1254,8.843514,1
fixed_t1,1255,8.392590,1
fixed_t1,1256,7.711136,1
fixed_t1,1257,12.622271,1
fixed_t1,1258,4.029025,1
fixed_t1,1259,11.640218,1
fixed_t1,1260,7.745345,1
fixed_t1,1261,7.038954,1
fixed_t1,1262,6.520539,1
fixed_t1,1263,5.581108,1
fixed_t1,1264,10.113198,1
fixed_t1,1265,7.869483,1
fixed_t1,1266,8.565611,1
fixed_t1,1267,10.131976,1
fixed_t1,1268,5.749299,1
fixed_t1,1269,13.605627,1
fixed_t1,1270,10.409756,1
fixed_t1,1271,5.579226,1
fixed_t1,1272,21.533722,1
fixed_t1,1273,11.444530,1
fixed_t1,1274,12.501082,1
fixed_t1,1275,9.219327,1
fixed_t1,1276,9.334800,1
fixed_t1,1277,16.517062,1
fixed_t1,1278,6.354839,1
fixed_t1,1279,9.388661,1
fixed_t1,1280,8.698696,1
fixed_t1,1281,6.525273,1
fixed_t1,1282,8.808848,1
fixed_t1,1283,8.307111,1
fixed_t1,1284,11.567107,1
fixed_t1,1285,11.308087,1
fixed_t1,1286,5.841422,1
fixed_t1,1287,12.806183,1
fixed_t1,1288,15.490514,1
fixed_t1,1289,4.520812,1
fixed_t1,1290,10.299987,1
fixed_t1,1291,14.072244,1
fixed_t1,1292,4.509669,1
fixed_t1,1293,13.479028,1
fixed_t1,1294,12.512467,1
fixed_t1,1295,10.743708,1
fixed_t1,1296,6.618443,1
fixed_t1,1297,9.500541,1
fixed_t1,1298,14.524936,1
fixed_t1,1299,7.215879,1
fixed_t1,1300,8.830670,1
fixed_t1,1301,6.164294,1
fixed_t1,1302,4.125856,1
fixed_t1,1303,11.070762,1
fixed_t1,1304,6.352933,1
fixed_t1,1305,9.729727,1
fixed_t1,1306,5.477370,1
fixed_t1,1307,13.111283,1
fixed_t1,1308,10.474923,1
fixed_t1,1309,8.958961,1
fixed_t1,1310,7.491213,1
fixed_t1,1311,12.612037,1
fixed_t1,1312,6.903268,1
fixed_t1,1313,9.386444,1
fixed_t1,1314,10.217261,1
fixed_t1,1315,9.536154,1
fixed_t1,1316,14.130536,1
fixed_t1,1317,15.024905,1
fixed_t1,1318,6.943195,1
fixed_t1,1319,17.144620,1
fixed_t1,1320,6.075835,1
fixed_t1,1321,12.215685,1
fixed_t1,1322,6.049459,1
fixed_t1,1323,8.920727,1
fixed_t1,1324,9.402023,1
fixed_t1,1325,13.988364,1
fixed_t1,1326,7.293740,1
fixed_t1,1327,6.527499,1
fixed_t1,1328,3.963596,1
fixed_t1,1329,3.908919,1
fixed_t1,1330,8.439998,1
fixed_t1,1331,14.875025,1
fixed_t1,1332,7.591828,1
fixed_t1,1333,5.456123,1
fixed_t1,1334,15.043317,1
fixed_t1,1335,9.180612,1
fixed_t1,1336,6.440461,1
fixed_t1,1337,6.757384,1
fixed_t1,1338,7.307914,1
fixed_t1,1339,5.055107,1
fixed_t1,1340,8.807327,1
fixed_t1,1341,6.792240,1
fixed_t1,1342,8.599310,1
fixed_t1,1343,7.412663,1
fixed_t1,1344,15.911967,1
fixed_t1,1345,7.327041,1
fixed_t1,1346,12.807462,1
fixed_t1,1347,5.182702,1
fixed_t1,1348,4.146455,1
fixed_t1,1349,8.111378,1
fixed_t1,1350,6.306758,1
fixed_t1,1351,2.870336,1
fixed_t1,1352,4.700047,1
fixed_t1,1353,17.533779,1
fixed_t1,1354,5.840006,1
fixed_t1,1355,7.206951,1
fixed_t1,1356,5.108690,1
fixed_t1,1357,4.583722,1
fixed_t1,1358,6.363201,1
fixed_t1,1359,7.638717,1
fixed_t1,1360,10.098887,1
fixed_t1,1361,6.893156,1
fixed_t1,1362,8.168302,1
fixed_t1,1363,3.887934,1
fixed_t1,1364,5.512029,1
fixed_t1,1365,7.490632,1
fixed_t1,1366,6.656180,1
fixed_t1,1367,11.820852,1
fixed_t1,1368,5.798463,1
fixed_t1,1369,5.378301,1
fixed_t1,1370,12.018655,1
fixed_t1,1371,9.281618,1
fixed_t1,1372,5.740199,1
fixed_t1,1373,6.469199,1
fixed_t1,1374,8.946057,1
fixed_t1,1375,9.189724,1
fixed_t1,1376,8.561010,1
fixed_t1,1377,7.324082,1
fixed_t1,1378,5.884874,1
fixed_t1,1379,14.235099,1
fixed_t1,1380,9.328841,1
fixed_t1,1381,19.254024,1
fixed_t1,1382,6.160323,1
fixed_t1,1383,11.254951,1
fixed_t1,1384,10.027874,1
fixed_t1,1385,10.234304,1
fixed_t1,1386,8.294417,1
fixed_t1,1387,9.486120,1
fixed_t1,1388,7.709472,1
fixed_t1,1389,7.915740,1
fixed_t1,1390,8.164827,1
fixed_t1,1391,7.001616,1
fixed_t1,1392,4.640974,1
fixed_t1,1393,8.232663,1
fixed_t1,1394,8.517823,1
fixed_t1,1395,8.419998,1
fixed_t1,1396,5.263594,1
fixed_t1,1397,6.083796,1
fixed_t1,1398,11.838301,1
fixed_t1,1399,9.331760,1
fixed_t1,1400,16.213917,1
fixed_t1,1401,12.969976,1
fixed_t1,1402,16.283110,1
fixed_t1,1403,8.331195,1
fixed_t1,1404,7.580919,1
fixed_t1,1405,4.422485,1
fixed_t1,1406,5.168788,1
fixed_t1,1407,12.382480,1
fixed_t1,1408,8.679882,1
fixed_t1,1409,6.248062,1
fixed_t1,1410,7.153834,1
fixed_t1,1411,5.275071,1
fixed_t1,1412,8.060974,1
fixed_t1,1413,20.244980,1
fixed_t1,1414,5.576876,1
fixed_t1,1415,7.006155,1
fixed_t1,1416,6.302010,1
fixed_t1,1417,6.488628,1
fixed_t1,1418,9.514812,1
fixed_t1,1419,12.000872,1
fixed_t1,1420,11.891608,1
fixed_t1,1421,6.958528,1
fixed_t1,1422,13.172655,1
fixed_t1,1423,8.968200,1
fixed_t1,1424,9.619231,1
fixed_t1,1425,7.218625,1
fixed_t1,1426,7.109326,1
fixed_t1,1427,11.332086,1
fixed_t1,1428,8.796717,1
fixed_t1,1429,9.473553,1
fixed_t1,1430,16.095656,1
fixed_t1,1431,24.850399,1
fixed_t1,1432,6.218094,1
fixed_t1,1433,14.356521,1
fixed_t1,1434,7.600588,1
fixed_t1,1435,7.805040,1
fixed_t1,1436,10.341836,1
fixed_t1,1437,4.379815,1
fixed_t1,1438,7.358685,1
fixed_t1,1439,10.646244,1
fixed_t1,1440,8.542561,1
fixed_t1,1441,6.083588,1
fixed_t1,1442,8.438094,1
fixed_t1,1443,6.041488,1
fixed_t1,1444,4.098823,1
fixed_t1,1445,6.503972,1
fixed_t1,1446,5.497846,1
fixed_t1,1447,6.614025,1
fixed_t1,1448,9.316404,1
fixed_t1,1449,15.197522,1
fixed_t1,1450,8.675933,1
fixed_t1,1451,12.297581,1
fixed_t1,1452,5.107563,1
fixed_t1,1453,12.517631,1
fixed_t1,1454,12.058610,1
fixed_t1,1455,8.406633,1
fixed_t1,1456,13.371753,1
fixed_t1,1457,8.208096,1
fixed_t1,1458,14.506606,1
fixed_t1,1459,5.238086,1
fixed_t1,1460,13.455282,1
fixed_t1,1461,8.248936,1
fixed_t1,1462,8.377439,1
fixed_t1,1463,10.184928,1
fixed_t1,1464,4.271553,1
fixed_t1,1465,6.921039,1
fixed_t1,1466,6.268154,1
fixed_t1,1467,11.702017,1
fixed_t1,1468,6.559535,1
fixed_t1,1469,10.207964,1
fixed_t1,1470,7.730953,1
fixed_t1,1471,13.518269,1
fixed_t1,1472,4.559276,1
fixed_t1,1473,6.788907,1
fixed_t1,1474,5.169402,1
fixed_t1,1475,16.745207,1
fixed_t1,1476,8.010942,1
fixed_t1,1477,18.038616,1
fixed_t1,1478,5.881139,1
fixed_t1,1479,7.874824,1
fixed_t1,1480,9.430708,1
fixed_t1,1481,7.028826,1
fixed_t1,1482,9.900015,1
fixed_t1,1483,5.525309,1
fixed_t1,1484,5.400852,1
fixed_t1,1485,12.009816,1
fixed_t1,1486,11.111933,1
fixed_t1,1487,2.377173,1
fixed_t1,1488,8.533772,1
fixed_t1,1489,7.081647,1
fixed_t1,1490,5.146531,1
fixed_t1,1491,5.344854,1
fixed_t1,1492,4.975279,1
fixed_t1,1493,7.273843,1
fixed_t1,1494,11.291098,1
fixed_t1,1495,8.877037,1
fixed_t1,1496,19.364924,1
fixed_t1,1497,11.311977,1
fixed_t1,1498,5.126686,1
fixed_t1,1499,9.907978,1
fixed_t1,1500,8.692893,1
fixed_t1,1501,11.711276,1
fixed_t1,1502,11.573102,1
fixed_t1,1503,8.020661,1
fixed_t1,1504,14.122052,1
fixed_t1,1505,4.758235,1
fixed_t1,1506,8.671785,1
fixed_t1,1507,4.260093,1
fixed_t1,1508,13.860025,1
fixed_t1,1509,6.669011,1
fixed_t1,1510,9.444215,1
fixed_t1,1511,7.642886,1
fixed_t1,1512,9.294115,1
fixed_t1,1513,7.890959,1
fixed_t1,1514,5.321998,1
fixed_t1,1515,7.340734,1
fixed_t1,1516,5.459642,1
fixed_t1,1517,11.480573,1
fixed_t1,1518,7.073134,1
fixed_t1,1519,4.023048,1
fixed_t1,1520,7.590485,1
fixed_t1,1521,5.320232,1
fixed_t1,1522,5.347867,1
fixed_t1,1523,7.312798,1
fixed_t1,1524,5.613375,1
fixed_t1,1525,10.717628,1
fixed_t1,1526,11.657295,1
fixed_t1,1527,7.654106,1
fixed_t1,1528,6.163267,1
fixed_t1,1529,10.824314,1
fixed_t1,1530,8.350013,1
fixed_t1,1531,9.424754,1
fixed_t1,1532,10.077089,1
fixed_t1,1533,5.940802,1
fixed_t1,1534,4.044400,1
fixed_t1,1535,9.351333,1
fixed_t1,1536,10.478639,1
fixed_t1,1537,4.733147,1
fixed_t1,1538,5.622780,1
fixed_t1,1539,8.842112,1
fixed_t1,1540,8.762740,1
fixed_t1,1541,5.147517,1
fixed_t1,1542,7.565291,1
fixed_t1,1543,4.888742,1
fixed_t1,1544,26.508507,1
fixed_t1,1545,6.328034,1
fixed_t1,1546,9.537690,1
fixed_t1,1547,16.191967,1
fixed_t1,1548,8.023103,1
fixed_t1,1549,3.984876,1
fixed_t1,1550,2.469906,1
fixed_t1,1551,11.134209,1
fixed_t1,1552,9.908339,1
fixed_t1,1553,7.329706,1
fixed_t1,1554,4.282009,1
fixed_t1,1555,4.296642,1
fixed_t1,1556,9.755296,1
fixed_t1,1557,13.569439,1
fixed_t1,1558,5.371761,1
fixed_t1,1559,7.620531,1
fixed_t1,1560,6.449054,1
fixed_t1,1561,6.729779,1
fixed_t1,1562,10.377356,1
fixed_t1,1563,10.986797,1
fixed_t1,1564,13.334049,1
fixed_t1,1565,4.848451,1
fixed_t1,1566,10.633128,1
fixed_t1,1567,13.413689,1
fixed_t1,1568,9.972094,1
fixed_t1,1569,9.885202,1
fixed_t1,1570,6.915215,1
fixed_t1,1571,10.379125,1
fixed_t1,1572,14.419445,1
fixed_t1,1573,6.992720,1
fixed_t1,1574,12.554106,1
fixed_t1,1575,6.618018,1
fixed_t1,1576,7.240819,1
fixed_t1,1577,11.124627,1
fixed_t1,1578,11.949001,1
fixed_t1,1579,7.757667,1
fixed_t1,1580,7.264422,1
fixed_t1,1581,8.052683,1
fixed_t1,1582,6.322437,1
fixed_t1,1583,6.624946,1
fixed_t1,1584,5.226910,1
fixed_t1,1585,7.671650,1
fixed_t1,1586,10.901335,1
fixed_t1,1587,10.575272,1
fixed_t1,1588,8.791687,1
fixed_t1,1589,9.020692,1
fixed_t1,1590,3.963003,1
fixed_t1,1591,7.606501,1
fixed_t1,1592,6.603263,1
fixed_t1,1593,7.066983,1
fixed_t1,1594,13.833329,1
fixed_t1,1595,8.260952,1
fixed_t1,1596,8.193385,1
fixed_t1,1597,8.965530,1
fixed_t1,1598,6.626712,1
fixed_t1,1599,6.679555,1
fixed_t1,1600,11.725033,1
fixed_t1,1601,4.375509,1
fixed_t1,1602,8.893440,1
fixed_t1,1603,6.029900,1
fixed_t1,1604,6.777784,1
fixed_t1,1605,13.316281,1
fixed_t1,1606,11.070509,1
fixed_t1,1607,11.955836,1
fixed_t1,1608,6.541493,1
fixed_t1,1609,11.201728,1
fixed_t1,1610,4.441626,1
fixed_t1,1611,10.669617,1
fixed_t1,1612,6.573047,1
fixed_t1,1613,17.676923,1
fixed_t1,1614,4.195419,1
fixed_t1,1615,5.844279,1
fixed_t1,1616,8.257696,1
fixed_t1,1617,13.683543,1
fixed_t1,1618,7.341723,1
fixed_t1,1619,10.358858,1
fixed_t1,1620,14.167802,1
fixed_t1,1621,10.341519,1
fixed_t1,1622,15.488766,1
fixed_t1,1623,4.786732,1
fixed_t1,1624,10.877514,1
fixed_t1,1625,10.034952,1
fixed_t1,1626,15.014988,1
fixed_t1,1627,4.475591,1
fixed_t1,1628,4.737564,1
fixed_t1,1629,14.533120,1
fixed_t1,1630,8.022480,1
fixed_t1,1631,5.573404,1
fixed_t1,1632,12.532366,1
fixed_t1,1633,10.302828,1
fixed_t1,1634,6.488438,1
fixed_t1,1635,10.275684,1
fixed_t1,1636,8.494384,1
fixed_t1,1637,17.999839,1
fixed_t1,1638,14.376131,1
fixed_t1,1639,7.732917,1
fixed_t1,1640,7.979849,1
fixed_t1,1641,9.064620,1
fixed_t1,1642,6.260217,1
fixed_t1,1643,7.440124,1
fixed_t1,1644,7.488420,1
fixed_t1,1645,6.876461,1
fixed_t1,1646,11.116434,1
fixed_t1,1647,4.451969,1
fixed_t1,1648,6.642661,1
fixed_t1,1649,8.965112,1
fixed_t1,1650,10.289544,1
fixed_t1,1651,10.923031,1
fixed_t1,1652,19.230402,1
fixed_t1,1653,3.955676,1
fixed_t1,1654,17.399905,1
fixed_t1,1655,6.197229,1
fixed_t1,1656,6.604791,1
fixed_t1,1657,7.422667,1
fixed_t1,1658,4.920965,1
fixed_t1,1659,10.751169,1
fixed_t1,1660,8.493644,1
fixed_t1,1661,10.191097,1
fixed_t1,1662,9.076295,1
fixed_t1,1663,5.839800,1
fixed_t1,1664,2.163808,1
fixed_t1,1665,6.138186,1
fixed_t1,1666,8.519504,1
fixed_t1,1667,9.963733,1
fixed_t1,1668,10.713520,1
fixed_t1,1669,6.661190,1
fixed_t1,1670,8.834455,1
fixed_t1,1671,2.787201,1
fixed_t1,1672,7.717371,1
fixed_t1,1673,8.278593,1
fixed_t1,1674,8.949169,1
fixed_t1,1675,8.417892,1
fixed_t1,1676,7.951533,1
fixed_t1,1677,10.305291,1
fixed_t1,1678,5.701062,1
fixed_t1,1679,6.965651,1
fixed_t1,1680,12.111417,1
fixed_t1,1681,8.418504,1
fixed_t1,1682,7.127159,1
fixed_t1,1683,11.379200,1
fixed_t1,1684,9.701721,1
fixed_t1,1685,3.368728,1
fixed_t1,1686,5.427365,1
fixed_t1,1687,11.711470,1
fixed_t1,1688,7.474102,1
fixed_t1,1689,4.789783,1
fixed_t1,1690,5.195628,1
fixed_t1,1691,5.132974,1
fixed_t1,1692,8.222427,1
fixed_t1,1693,9.484102,1
fixed_t1,1694,6.052716,1
fixed_t1,1695,7.304401,1
fixed_t1,1696,4.488101,1
fixed_t1,1697,6.485907,1
fixed_t1,1698,4.926437,1
fixed_t1,1699,7.438499,1
fixed_t1,1700,12.567288,1
fixed_t1,1701,5.862971,1
fixed_t1,1702,8.082800,1
fixed_t1,1703,7.850357,1
fixed_t1,1704,12.466683,1
fixed_t1,1705,7.811265,1
fixed_t1,1706,7.518669,1
fixed_t1,1707,5.245035,1
fixed_t1,1708,7.634413,1
fixed_t1,1709,9.707813,1
fixed_t1,1710,10.738168,1
fixed_t1,1711,6.623773,1
fixed_t1,1712,5.988716,1
fixed_t1,1713,9.809205,1
fixed_t1,1714,9.270474,1
fixed_t1,1715,10.081677,1
fixed_t1,1716,7.923057,1
fixed_t1,1717,6.256974,1
fixed_t1,1718,6.937743,1
fixed_t1,1719,8.345966,1
fixed_t1,1720,11.926219,1
fixed_t1,1721,5.376515,1
fixed_t1,1722,7.275715,1
fixed_t1,1723,7.943813,1
fixed_t1,1724,8.998674,1
fixed_t1,1725,7.469377,1
fixed_t1,1726,5.607873,1
fixed_t1,1727,8.737883,1
fixed_t1,1728,6.806710,1
fixed_t1,1729,8.247269,1
fixed_t1,1730,8.016504,1
fixed_t1,1731,7.053111,1
fixed_t1,1732,5.506377,1
fixed_t1,1733,6.884784,1
fixed_t1,1734,14.363616,1
fixed_t1,1735,5.983454,1
fixed_t1,1736,6.279792,1
fixed_t1,1737,6.240554,1
fixed_t1,1738,5.003869,1
fixed_t1,1739,8.162581,1
fixed_t1,1740,6.834549,1
fixed_t1,1741,6.698279,1
fixed_t1,1742,4.166402,1
fixed_t1,1743,10.708308,1
fixed_t1,1744,16.426316,1
fixed_t1,1745,4.081029,1
fixed_t1,1746,14.196654,1
fixed_t1,1747,10.435709,1
fixed_t1,1748,7.507009,1
fixed_t1,1749,11.575490,1
fixed_t1,1750,8.351255,1
fixed_t1,1751,6.972781,1
fixed_t1,1752,14.581720,1
fixed_t1,1753,4.802123,1
fixed_t1,1754,7.783040,1
fixed_t1,1755,9.478481,1
fixed_t1,1756,14.260021,1
fixed_t1,1757,11.543651,1
fixed_t1,1758,9.787529,1
fixed_t1,1759,7.148847,1
fixed_t1,1760,8.497270,1
fixed_t1,1761,8.269712,1
fixed_t1,1762,12.022807,1
fixed_t1,1763,4.794805,1
fixed_t1,1764,4.603675,1
fixed_t1,1765,8.659401,1
fixed_t1,1766,9.651772,1
fixed_t1,1767,4.298429,1
fixed_t1,1768,11.184921,1
fixed_t1,1769,8.197035,1
fixed_t1,1770,8.001717,1
fixed_t1,1771,5.916517,1
fixed_t1,1772,17.436884,1
fixed_t1,1773,3.509557,1
fixed_t1,1774,9.285936,1
fixed_t1,1775,11.434251,1
fixed_t1,1776,11.323207,1
fixed_t1,1777,3.511861,1
fixed_t1,1778,14.252530,1
fixed_t1,1779,8.386520,1
fixed_t1,1780,6.606182,1
fixed_t1,1781,9.888325,1
fixed_t1,1782,6.115343,1
fixed_t1,1783,9.912603,1
fixed_t1,1784,9.102942,1
fixed_t1,1785,10.617562,1
fixed_t1,1786,6.248588,1
fixed_t1,1787,7.719884,1
fixed_t1,1788,10.266625,1
fixed_t1,1789,6.613698,1
fixed_t1,1790,9.691904,1
fixed_t1,1791,10.719606,1
fixed_t1,1792,7.845396,1
fixed_t1,1793,5.381181,1
fixed_t1,1794,6.891139,1
fixed_t1,1795,15.235699,1
fixed_t1,1796,5.091805,1
fixed_t1,1797,8.984310,1
fixed_t1,1798,10.406400,1
fixed_t1,1799,5.092237,1
fixed_t1,1800,5.202268,1
fixed_t1,1801,7.908973,1
fixed_t1,1802,15.890282,1
fixed_t1,1803,11.924845,1
fixed_t1,1804,13.283473,1
fixed_t1,1805,6.781288,1
fixed_t1,1806,16.768262,1
fixed_t1,1807,3.770718,1
fixed_t1,1808,5.653046,1
fixed_t1,1809,5.678247,1
fixed_t1,1810,5.052340,1
fixed_t1,1811,7.250185,1
fixed_t1,1812,5.944748,1
fixed_t1,1813,9.194942,1
fixed_t1,1814,3.886107,1
fixed_t1,1815,12.066133,1
fixed_t1,1816,9.269338,1
fixed_t1,1817,6.617589,1
fixed_t1,1818,7.839293,1
fixed_t1,1819,9.617389,1
fixed_t1,1820,10.406699,1
fixed_t1,1821,7.236160,1
fixed_t1,1822,11.804945,1
fixed_t1,1823,9.028845,1
fixed_t1,1824,7.234349,1
fixed_t1,1825,4.569639,1
fixed_t1,1826,12.313984,1
fixed_t1,1827,8.019573,1
fixed_t1,1828,5.866676,1
fixed_t1,1829,14.554856,1
fixed_t1,1830,4.066368,1
fixed_t1,1831,5.920054,1
fixed_t1,1832,11.840606,1
fixed_t1,1833,9.757846,1
fixed_t1,1834,8.397789,1
fixed_t1,1835,10.256698,1
fixed_t1,1836,13.532337,1
fixed_t1,1837,7.287195,1
fixed_t1,1838,7.424037,1
fixed_t1,1839,15.924004,1
fixed_t1,1840,8.221342,1
fixed_t1,1841,5.870061,1
fixed_t1,1842,7.085790,1
fixed_t1,1843,3.723691,1
fixed_t1,1844,13.070624,1
fixed_t1,1845,11.874952,1
fixed_t1,1846,9.583785,1
fixed_t1,1847,12.477702,1
fixed_t1,1848,8.021706,1
fixed_t1,1849,9.168351,1
fixed_t1,1850,8.974558,1
fixed_t1,1851,11.929891,1
fixed_t1,1852,6.490548,1
fixed_t1,1853,7.360313,1
fixed_t1,1854,5.012341,1
fixed_t1,1855,8.197542,1
fixed_t1,1856,11.236694,1
fixed_t1,1857,12.539562,1
fixed_t1,1858,5.078643,1
fixed_t1,1859,10.636617,1
fixed_t1,1860,6.044032,1
fixed_t1,1861,15.608960,1
fixed_t1,1862,8.838535,1
fixed_t1,1863,6.206262,1
fixed_t1,1864,6.695522,1
fixed_t1,1865,9.203930,1
fixed_t1,1866,6.062220,1
fixed_t1,1867,15.801933,1
fixed_t1,1868,11.020055,1
fixed_t1,1869,6.663574,1
fixed_t1,1870,6.901560,1
fixed_t1,1871,4.424763,1
fixed_t1,1872,23.435304,1
fixed_t1,1873,6.206203,1
fixed_t1,1874,5.119724,1
fixed_t1,1875,9.233469,1
fixed_t1,1876,13.171196,1
fixed_t1,1877,4.075546,1
fixed_t1,1878,5.205649,1
fixed_t1,1879,12.176247,1
fixed_t1,1880,6.894961,1
fixed_t1,1881,9.642587,1
fixed_t1,1882,10.730227,1
fixed_t1,1883,13.238088,1
fixed_t1,1884,9.809071,1
fixed_t1,1885,5.405759,1
fixed_t1,1886,3.227089,1
fixed_t1,1887,7.911362,1
fixed_t1,1888,8.697684,1
fixed_t1,1889,9.723478,1
fixed_t1,1890,8.206356,1
fixed_t1,1891,6.573788,1
fixed_t1,1892,6.702618,1
fixed_t1,1893,9.479855,1
fixed_t1,1894,6.242288,1
fixed_t1,1895,8.715212,1
fixed_t1,1896,5.987930,1
fixed_t1,1897,10.947590,1
fixed_t1,1898,6.332459,1
fixed_t1,1899,4.871006,1
fixed_t1,1900,5.525817,1
fixed_t1,1901,7.695944,1
fixed_t1,1902,6.220206,1
fixed_t1,1903,7.074268,1
fixed_t1,1904,6.120144,1
fixed_t1,1905,8.769217,1
fixed_t1,1906,7.261099,1
fixed_t1,1907,7.225217,1
fixed_t1,1908,7.490495,1
fixed_t1,1909,14.328337,1
fixed_t1,1910,8.908503,1
fixed_t1,1911,9.044898,1
fixed_t1,1912,7.146882,1
fixed_t1,1913,14.053328,1
fixed_t1,1914,7.586547,1
fixed_t1,1915,8.949602,1
fixed_t1,1916,7.694498,1
fixed_t1,1917,5.903392,1
fixed_t1,1918,5.599587,1
fixed_t1,1919,9.464353,1
fixed_t1,1920,12.906892,1
fixed_t1,1921,5.745446,1
fixed_t1,1922,8.373819,1
fixed_t1,1923,11.353556,1
fixed_t1,1924,11.376529,1
fixed_t1,1925,5.303915,1
fixed_t1,1926,6.673199,1
fixed_t1,1927,14.322875,1
fixed_t1,1928,11.058089,1
fixed_t1,1929,6.933161,1
fixed_t1,1930,15.274442,1
fixed_t1,1931,13.679676,1
fixed_t1,1932,20.163489,1
fixed_t1,1933,7.161222,1
fixed_t1,1934,11.712746,1
fixed_t1,1935,5.460389,1
fixed_t1,1936,7.882121,1
fixed_t1,1937,6.376896,1
fixed_t1,1938,11.454417,1
fixed_t1,1939,6.285273,1
fixed_t1,1940,11.900678,1
fixed_t1,1941,12.908416,1
fixed_t1,1942,9.350337,1
fixed_t1,1943,9.680592,1
fixed_t1,1944,7.656072,1
fixed_t1,1945,12.141970,1
fixed_t1,1946,6.800411,1
fixed_t1,1947,5.945030,1
fixed_t1,1948,7.561670,1
fixed_t1,1949,4.690208,1
fixed_t1,1950,11.048289,1
fixed_t1,1951,5.411612,1
fixed_t1,1952,8.653790,1
fixed_t1,1953,8.722930,1
fixed_t1,1954,4.747913,1
fixed_t1,1955,6.613217,1
fixed_t1,1956,10.209682,1
fixed_t1,1957,8.095089,1
fixed_t1,1958,8.186316,1
fixed_t1,1959,8.208197,1
fixed_t1,1960,3.042645,1
fixed_t1,1961,13.258290,1
fixed_t1,1962,14.325499,1
fixed_t1,1963,8.427722,1
fixed_t1,1964,8.439055,1
fixed_t1,1965,3.869611,1
fixed_t1,1966,11.110273,1
fixed_t1,1967,9.836375,1
fixed_t1,1968,10.223262,1
fixed_t1,1969,12.675191,1
fixed_t1,1970,13.879220,1
fixed_t1,1971,21.648547,1
fixed_t1,1972,13.875287,1
fixed_t1,1973,10.554551,1
fixed_t1,1974,5.110573,1
fixed_t1,1975,11.109140,1
fixed_t1,1976,9.344679,1
fixed_t1,1977,8.045587,1
fixed_t1,1978,5.185179,1
fixed_t1,1979,11.736178,1
fixed_t1,1980,6.849927,1
fixed_t1,1981,11.498512,1
fixed_t1,1982,5.047266,1
fixed_t1,1983,7.816228,1
fixed_t1,1984,10.463136,1
fixed_t1,1985,8.646753,1
fixed_t1,1986,7.711464,1
fixed_t1,1987,7.194690,1
fixed_t1,1988,6.385223,1
fixed_t1,1989,10.131701,1
fixed_t1,1990,11.810608,1
fixed_t1,1991,11.066330,1
fixed_t1,1992,15.030736,1
fixed_t1,1993,9.190106,1
fixed_t1,1994,10.708759,1
fixed_t1,1995,10.967612,1
fixed_t1,1996,6.565953,1
fixed_t1,1997,7.319798,1
fixed_t1,1998,12.081350,1
fixed_t1,1999,9.359680,1
fixed_t1,2000,12.629590,1
fixed_t1,2001,7.237523,1
fixed_t1,2002,5.994308,1
fixed_t1,2003,7.987386,1
fixed_t1,2004,5.787798,1
fixed_t1,2005,3.919086,1
fixed_t1,2006,7.062339,1
fixed_t1,2007,10.393336,1
fixed_t1,2008,13.117612,1
fixed_t1,2009,5.213631,1
fixed_t1,2010,7.192152,1
fixed_t1,2011,11.376376,1
fixed_t1,2012,8.376324,1
fixed_t1,2013,3.418227,1
fixed_t1,2014,4.368560,1
fixed_t1,2015,9.155571,1
fixed_t1,2016,3.947626,1
fixed_t1,2017,34.748187,1
fixed_t1,2018,7.036627,1
fixed_t1,2019,20.384294,1
fixed_t1,2020,8.560440,1
fixed_t1,2021,6.234017,1
fixed_t1,2022,6.833661,1
fixed_t1,2023,5.254327,1
fixed_t1,2024,5.250991,1
fixed_t1,2025,4.392836,1
fixed_t1,2026,5.810972,1
fixed_t1,2027,8.938553,1
fixed_t1,2028,9.431933,1
fixed_t1,2029,11.588208,1
fixed_t1,2030,10.330558,1
fixed_t1,2031,4.811689,1
fixed_t1,2032,8.053084,1
fixed_t1,2033,10.160238,1
fixed_t1,2034,7.760025,1
fixed_t1,2035,8.702874,1
fixed_t1,2036,16.051820,1
fixed_t1,2037,7.690775,1
fixed_t1,2038,10.322878,1
fixed_t1,2039,8.365642,1
fixed_t1,2040,10.243692,1
fixed_t1,2041,6.056164,1
fixed_t1,2042,9.143856,1
fixed_t1,2043,14.721710,1
fixed_t1,2044,8.847315,1
fixed_t1,2045,5.443446,1
fixed_t1,2046,10.768834,1
fixed_t1,2047,7.316021,1
fixed_t1,2048,17.093987,1
fixed_t1,2049,8.709103,1
fixed_t1,2050,6.423928,1
fixed_t1,2051,8.948494,1
fixed_t1,2052,5.439579,1
fixed_t1,2053,8.332271,1
fixed_t1,2054,5.883640,1
fixed_t1,2055,11.443737,1
fixed_t1,2056,6.750598,1
fixed_t1,2057,9.254753,1
fixed_t1,2058,8.851517,1
fixed_t1,2059,6.769667,1
fixed_t1,2060,9.894962,1
fixed_t1,2061,6.368760,1
fixed_t1,2062,5.806200,1
fixed_t1,2063,6.353076,1
fixed_t1,2064,8.701771,1
fixed_t1,2065,9.414160,1
fixed_t1,2066,13.409479,1
fixed_t1,2067,5.282952,1
fixed_t1,2068,13.764673,1
fixed_t1,2069,12.277136,1
fixed_t1,2070,7.963059,1
fixed_t1,2071,8.482557,1
fixed_t1,2072,9.259451,1
fixed_t1,2073,6.998152,1
fixed_t1,2074,5.218956,1
fixed_t1,2075,4.133073,1
fixed_t1,2076,10.199353,1
fixed_t1,2077,6.013649,1
fixed_t1,2078,12.874833,1
fixed_t1,2079,9.897942,1
fixed_t1,2080,7.507052,1
fixed_t1,2081,9.025479,1
fixed_t1,2082,6.946207,1
fixed_t1,2083,9.023253,1
fixed_t1,2084,7.360179,1
fixed_t1,2085,13.498659,1
fixed_t1,2086,14.442476,1
fixed_t1,2087,5.090888,1
fixed_t1,2088,11.388370,1
fixed_t1,2089,4.096489,1
fixed_t1,2090,12.273452,1
fixed_t1,2091,9.800672,1
fixed_t1,2092,6.751263,1
fixed_t1,2093,9.514348,1
fixed_t1,2094,7.656344,1
fixed_t1,2095,7.476712,1
fixed_t1,2096,4.562527,1
fixed_t1,2097,7.020003,1
fixed_t1,2098,5.147484,1
fixed_t1,2099,9.486858,1
fixed_t1,2100,4.989334,1
fixed_t1,2101,10.700072,1
fixed_t1,2102,5.222723,1
fixed_t1,2103,9.510983,1
fixed_t1,2104,6.728464,1
fixed_t1,2105,6.681320,1
fixed_t1,2106,7.043063,1
fixed_t1,2107,5.348982,1
fixed_t1,2108,5.954892,1
fixed_t1,2109,12.324793,1
fixed_t1,2110,8.339130,1
fixed_t1,2111,2.990404,1
fixed_t1,2112,3.930663,1
fixed_t1,2113,9.223690,1
fixed_t1,2114,14.744837,1
fixed_t1,2115,7.106725,1
fixed_t1,2116,12.358564,1
fixed_t1,2117,6.514162,1
fixed_t1,2118,7.014780,1
fixed_t1,2119,6.307659,1
fixed_t1,2120,10.822643,1
fixed_t1,2121,4.140491,1
fixed_t1,2122,5.822264,1
fixed_t1,2123,8.090071,1
fixed_t1,2124,9.649036,1
fixed_t1,2125,10.421889,1
fixed_t1,2126,11.457842,1
fixed_t1,2127,15.431867,1
fixed_t1,2128,7.904937,1
fixed_t1,2129,7.727377,1
fixed_t1,2130,10.846749,1
fixed_t1,2131,9.233833,1
fixed_t1,2132,10.596012,1
fixed_t1,2133,5.212266,1
fixed_t1,2134,7.331251,1
fixed_t1,2135,18.413152,1
fixed_t1,2136,9.924488,1
fixed_t1,2137,8.649352,1
fixed_t1,2138,20.633401,1
fixed_t1,2139,8.759518,1
fixed_t1,2140,5.569259,1
fixed_t1,2141,11.103980,1
fixed_t1,2142,8.036459,1
fixed_t1,2143,7.678902,1
fixed_t1,2144,14.832457,1
fixed_t1,2145,7.241699,1
fixed_t1,2146,5.017554,1
fixed_t1,2147,7.648765,1
fixed_t1,2148,8.693394,1
fixed_t1,2149,5.483646,1
fixed_t1,2150,11.014715,1
fixed_t1,2151,10.161789,1
fixed_t1,2152,13.240166,1
fixed_t1,2153,6.673502,1
fixed_t1,2154,4.433479,1
fixed_t1,2155,4.736824,1
fixed_t1,2156,10.369748,1
fixed_t1,2157,9.830028,1
fixed_t1,2158,9.579939,1
fixed_t1,2159,7.381116,1
fixed_t1,2160,5.934518,1
fixed_t1,2161,7.199159,1
fixed_t1,2162,8.295399,1
fixed_t1,2163,9.742840,1
fixed_t1,2164,4.145786,1
fixed_t1,2165,4.720949,1
fixed_t1,2166,9.007548,1
fixed_t1,2167,5.411457,1
fixed_t1,2168,13.142597,1
fixed_t1,2169,5.904780,1
fixed_t1,2170,8.400439,1
fixed_t1,2171,7.546402,1
fixed_t1,2172,10.815508,1
fixed_t1,2173,11.060136,1
fixed_t1,2174,10.025742,1
fixed_t1,2175,14.694634,1
fixed_t1,2176,12.872369,1
fixed_t1,2177,6.715145,1
fixed_t1,2178,4.306571,1
fixed_t1,2179,12.845921,1
fixed_t1,2180,6.269639,1
fixed_t1,2181,4.647036,1
fixed_t1,2182,15.650167,1
fixed_t1,2183,8.973432,1
fixed_t1,2184,8.762791,1
fixed_t1,2185,9.420278,1
fixed_t1,2186,7.911689,1
fixed_t1,2187,5.805489,1
fixed_t1,2188,10.768329,1
fixed_t1,2189,10.253096,1
fixed_t1,2190,6.345654,1
fixed_t1,2191,18.577960,1
fixed_t1,2192,7.388509,1
fixed_t1,2193,25.234831,1
fixed_t1,2194,9.133805,1
fixed_t1,2195,13.491541,1
fixed_t1,2196,12.109202,1
fixed_t1,2197,9.202973,1
fixed_t1,2198,10.214069,1
fixed_t1,2199,16.366792,1
fixed_t1,2200,10.325205,1
fixed_t1,2201,9.626413,1
fixed_t1,2202,8.307437,1
fixed_t1,2203,9.082986,1
fixed_t1,2204,8.998584,1
fixed_t1,2205,4.746139,1
fixed_t1,2206,9.486498,1
fixed_t1,2207,4.278703,1
fixed_t1,2208,7.771068,1
fixed_t1,2209,11.922331,1
fixed_t1,2210,21.393011,1
fixed_t1,2211,8.963414,1
fixed_t1,2212,5.936262,1
fixed_t1,2213,5.104559,1
fixed_t1,2214,9.123703,1
fixed_t1,2215,7.845146,1
fixed_t1,2216,6.390702,1
fixed_t1,2217,10.136087,1
fixed_t1,2218,7.585087,1
fixed_t1,2219,11.735555,1
fixed_t1,2220,3.464714,1
fixed_t1,2221,5.226361,1
fixed_t1,2222,15.424062,1
fixed_t1,2223,4.108412,1
fixed_t1,2224,5.831760,1
fixed_t1,2225,8.114491,1
fixed_t1,2226,7.841851,1
fixed_t1,2227,4.466562,1
fixed_t1,2228,23.094551,1
fixed_t1,2229,6.797891,1
fixed_t1,2230,3.509849,1
fixed_t1,2231,12.504466,1
fixed_t1,2232,19.273047,1
fixed_t1,2233,11.001488,1
fixed_t1,2234,8.312051,1
fixed_t1,2235,6.330542,1
fixed_t1,2236,4.844751,1
fixed_t1,2237,6.795771,1
fixed_t1,2238,8.958013,1
fixed_t1,2239,10.112749,1
fixed_t1,2240,7.433560,1
fixed_t1,2241,15.240137,1
fixed_t1,2242,11.087943,1
fixed_t1,2243,6.395507,1
fixed_t1,2244,14.059790,1
fixed_t1,2245,4.510669,1
fixed_t1,2246,9.478158,1
fixed_t1,2247,9.918284,1
fixed_t1,2248,15.467825,1
fixed_t1,2249,12.418924,1
fixed_t1,2250,17.369874,1
fixed_t1,2251,7.464480,1
fixed_t1,2252,6.346208,1
fixed_t1,2253,7.143939,1
fixed_t1,2254,13.095573,1
fixed_t1,2255,9.472404,1
fixed_t1,2256,11.837014,1
fixed_t1,2257,5.821134,1
fixed_t1,2258,9.883062,1
fixed_t1,2259,5.027671,1
fixed_t1,2260,8.746572,1
fixed_t1,2261,7.403845,1
fixed_t1,2262,11.944001,1
fixed_t1,2263,5.179638,1
fixed_t1,2264,12.222891,1
fixed_t1,2265,7.874347,1
fixed_t1,2266,4.577976,1
fixed_t1,2267,8.709097,1
fixed_t1,2268,11.151470,1
fixed_t1,2269,8.984143,1
fixed_t1,2270,8.460464,1
fixed_t1,2271,5.799521,1
fixed_t1,2272,5.427131,1
fixed_t1,2273,8.808906,1
fixed_t1,2274,6.177802,1
fixed_t1,2275,8.533072,1
fixed_t1,2276,14.171695,1
fixed_t1,2277,18.442061,1
fixed_t1,2278,5.057519,1
fixed_t1,2279,5.346969,1
fixed_t1,2280,10.201333,1
fixed_t1,2281,10.923640,1
fixed_t1,2282,13.110239,1
fixed_t1,2283,6.419511,1
fixed_t1,2284,7.876796,1
fixed_t1,2285,9.376214,1
fixed_t1,2286,12.966119,1
fixed_t1,2287,7.549735,1
fixed_t1,2288,6.909328,1
fixed_t1,2289,7.345695,1
fixed_t1,2290,9.936096,1
fixed_t1,2291,6.797060,1
fixed_t1,2292,11.725666,1
fixed_t1,2293,2.403936,1
fixed_t1,2294,7.385880,1
fixed_t1,2295,4.501782,1
fixed_t1,2296,6.162024,1
fixed_t1,2297,14.916022,1
fixed_t1,2298,6.379363,1
fixed_t1,2299,6.204363,1
fixed_t1,2300,13.479073,1
fixed_t1,2301,3.903068,1
fixed_t1,2302,4.593169,1
fixed_t1,2303,5.339693,1
fixed_t1,2304,6.297726,1
fixed_t1,2305,9.675271,1
fixed_t1,2306,13.026522,1
fixed_t1,2307,8.973698,1
fixed_t1,2308,8.630332,1
fixed_t1,2309,10.528240,1
fixed_t1,2310,9.048322,1
fixed_t1,2311,9.635139,1
fixed_t1,2312,13.715258,1
fixed_t1,2313,8.799302,1
fixed_t1,2314,12.874333,1
fixed_t1,2315,10.721516,1
fixed_t1,2316,7.045308,1
fixed_t1,2317,13.482239,1
fixed_t1,2318,5.414882,1
fixed_t1,2319,5.688113,1
fixed_t1,2320,8.000484,1
fixed_t1,2321,11.650508,1
fixed_t1,2322,10.252178,1
fixed_t1,2323,3.836273,1
fixed_t1,2324,11.150221,1
fixed_t1,2325,7.952849,1
fixed_t1,2326,4.326504,1
fixed_t1,2327,3.789671,1
fixed_t1,2328,6.719129,1
fixed_t1,2329,3.804353,1
fixed_t1,2330,6.698725,1
fixed_t1,2331,11.384778,1
fixed_t1,2332,5.966146,1
fixed_t1,2333,6.609118,1
fixed_t1,2334,7.029378,1
fixed_t1,2335,6.759262,1
fixed_t1,2336,5.766540,1
fixed_t1,2337,7.280425,1
fixed_t1,2338,13.452824,1
fixed_t1,2339,8.932772,1
fixed_t1,2340,6.597631,1
fixed_t1,2341,15.888776,1
fixed_t1,2342,3.655171,1
fixed_t1,2343,9.973987,1
fixed_t1,2344,8.574829,1
fixed_t1,2345,9.184358,1
fixed_t1,2346,13.042652,1
fixed_t1,2347,2.641225,1
fixed_t1,2348,8.902010,1
fixed_t1,2349,12.133824,1
fixed_t1,2350,5.856025,1
fixed_t1,2351,10.626760,1
fixed_t1,2352,9.388403,1
fixed_t1,2353,7.881923,1
fixed_t1,2354,5.144338,1
fixed_t1,2355,4.550854,1
fixed_t1,2356,5.379398,1
fixed_t1,2357,5.714621,1
fixed_t1,2358,7.460981,1
fixed_t1,2359,6.656945,1
fixed_t1,2360,6.622394,1
fixed_t1,2361,7.418861,1
fixed_t1,2362,4.801796,1
fixed_t1,2363,6.869634,1
fixed_t1,2364,5.826426,1
fixed_t1,2365,6.055563,1
fixed_t1,2366,7.488813,1
fixed_t1,2367,16.732885,1
fixed_t1,2368,4.798946,1
fixed_t1,2369,9.553216,1
fixed_t1,2370,6.645762,1
fixed_t1,2371,20.999488,1
fixed_t1,2372,19.626239,1
fixed_t1,2373,8.560913,1
fixed_t1,2374,10.396301,1
fixed_t1,2375,9.404128,1
fixed_t1,2376,6.044250,1
fixed_t1,2377,5.286671,1
fixed_t1,2378,10.347170,1
fixed_t1,2379,13.805298,1
fixed_t1,2380,4.942087,1
fixed_t1,2381,3.904598,1
fixed_t1,2382,5.026889,1
fixed_t1,2383,7.610073,1
fixed_t1,2384,13.677818,1
fixed_t1,2385,12.170072,1
fixed_t1,2386,15.888734,1
fixed_t1,2387,16.008647,1
fixed_t1,2388,8.317447,1
fixed_t1,2389,3.048489,1
fixed_t1,2390,11.166175,1
fixed_t1,2391,12.597831,1
fixed_t1,2392,7.538300,1
fixed_t1,2393,2.959114,1
fixed_t1,2394,7.810804,1
fixed_t1,2395,7.891635,1
fixed_t1,2396,3.658589,1
fixed_t1,2397,6.530306,1
fixed_t1,2398,4.241451,1
fixed_t1,2399,14.091586,1
fixed_t1,2400,8.706864,1
fixed_t1,2401,4.796100,1
fixed_t1,2402,6.177552,1
fixed_t1,2403,4.478479,1
fixed_t1,2404,11.095046,1
fixed_t1,2405,5.899946,1
fixed_t1,2406,5.853049,1
fixed_t1,2407,20.061561,1
fixed_t1,2408,5.146150,1
fixed_t1,2409,14.406579,1
fixed_t1,2410,7.608095,1
fixed_t1,2411,11.312944,1
fixed_t1,2412,10.811991,1
fixed_t1,2413,9.496020,1
fixed_t1,2414,7.587514,1
fixed_t1,2415,9.587502,1
fixed_t1,2416,5.333098,1
fixed_t1,2417,8.682450,1
fixed_t1,2418,14.446748,1
fixed_t1,2419,6.651245,1
fixed_t1,2420,6.696442,1
fixed_t1,2421,5.839688,1
fixed_t1,2422,10.504082,1
fixed_t1,2423,13.260997,1
fixed_t1,2424,6.954507,1
fixed_t1,2425,10.395033,1
fixed_t1,2426,4.071371,1
fixed_t1,2427,6.060137,1
fixed_t1,2428,15.052189,1
fixed_t1,2429,5.779089,1
fixed_t1,2430,5.779471,1
fixed_t1,2431,12.721066,1
fixed_t1,2432,10.395964,1
fixed_t1,2433,4.310763,1
fixed_t1,2434,12.146635,1
fixed_t1,2435,5.469165,1
fixed_t1,2436,8.647585,1
fixed_t1,2437,8.953682,1
fixed_t1,2438,6.281158,1
fixed_t1,2439,8.137987,1
fixed_t1,2440,12.187681,1
fixed_t1,2441,5.228879,1
fixed_t1,2442,5.053065,1
fixed_t1,2443,9.110578,1
fixed_t1,2444,5.011047,1
fixed_t1,2445,12.175540,1
fixed_t1,2446,11.154415,1
fixed_t1,2447,6.993482,1
fixed_t1,2448,9.064403,1
fixed_t1,2449,8.344029,1
fixed_t1,2450,6.319297,1
fixed_t1,2451,3.769820,1
fixed_t1,2452,9.181894,1
fixed_t1,2453,7.225127,1
fixed_t1,2454,7.319730,1
fixed_t1,2455,11.161977,1
fixed_t1,2456,7.057891,1
fixed_t1,2457,8.501365,1
fixed_t1,2458,6.913759,1
fixed_t1,2459,16.363717,1
fixed_t1,2460,8.548677,1
fixed_t1,2461,11.904660,1
fixed_t1,2462,5.227384,1
fixed_t1,2463,11.113299,1
fixed_t1,2464,5.509618,1
fixed_t1,2465,9.335508,1
fixed_t1,2466,6.781979,1
fixed_t1,2467,7.686116,1
fixed_t1,2468,7.637562,1
fixed_t1,2469,7.344250,1
fixed_t1,2470,10.570563,1
fixed_t1,2471,11.835297,1
fixed_t1,2472,9.861588,1
fixed_t1,2473,6.123742,1
fixed_t1,2474,7.318769,1
fixed_t1,2475,15.888664,1
fixed_t1,2476,6.909790,1
fixed_t1,2477,8.791829,1
fixed_t1,2478,7.161883,1
fixed_t1,2479,3.820327,1
fixed_t1,2480,4.472326,1
fixed_t1,2481,7.438392,1
fixed_t1,2482,8.252334,1
fixed_t1,2483,3.673718,1
fixed_t1,2484,5.526291,1
fixed_t1,2485,6.398770,1
fixed_t1,2486,7.876556,1
fixed_t1,2487,9.184280,1
fixed_t1,2488,7.587089,1
fixed_t1,2489,6.956420,1
fixed_t1,2490,6.053625,1
fixed_t1,2491,12.363688,1
fixed_t1,2492,4.560315,1
fixed_t1,2493,6.737541,1
fixed_t1,2494,6.868699,1
fixed_t1,2495,11.653541,1
fixed_t1,2496,7.612025,1
fixed_t1,2497,7.899589,1
fixed_t1,2498,15.022642,1
fixed_t1,2499,9.418030,1
fixed_t1,2500,5.689296,1
fixed_t1,2501,6.718909,1
fixed_t1,2502,5.413893,1
fixed_t1,2503,8.791468,1
fixed_t1,2504,5.571346,1
fixed_t1,2505,12.776830,1
fixed_t1,2506,5.761103,1
fixed_t1,2507,18.566006,1
fixed_t1,2508,7.349351,1
fixed_t1,2509,7.975147,1
fixed_t1,2510,3.253973,1
fixed_t1,2511,4.333035,1
fixed_t1,2512,5.370144,1
fixed_t1,2513,7.606941,1
fixed_t1,2514,5.102375,1
fixed_t1,2515,7.999057,1
fixed_t1,2516,6.953818,1
fixed_t1,2517,12.079115,1
fixed_t1,2518,14.234483,1
fixed_t1,2519,9.373134,1
fixed_t1,2520,6.361456,1
fixed_t1,2521,7.993231,1
fixed_t1,2522,8.387589,1
fixed_t1,2523,9.436870,1
fixed_t1,2524,7.631839,1
fixed_t1,2525,8.549166,1
fixed_t1,2526,4.316792,1
fixed_t1,2527,5.169320,1
fixed_t1,2528,6.547603,1
fixed_t1,2529,22.786272,1
fixed_t1,2530,7.609236,1
fixed_t1,2531,10.399928,1
fixed_t1,2532,8.976099,1
fixed_t1,2533,8.495054,1
fixed_t1,2534,5.990929,1
fixed_t1,2535,6.394039,1
fixed_t1,2536,6.479122,1
fixed_t1,2537,16.329437,1
fixed_t1,2538,9.724554,1
fixed_t1,2539,8.023529,1
fixed_t1,2540,7.372057,1
fixed_t1,2541,6.201212,1
fixed_t1,2542,7.244346,1
fixed_t1,2543,5.529348,1
fixed_t1,2544,5.368048,1
fixed_t1,2545,9.556331,1
fixed_t1,2546,15.094483,1
fixed_t1,2547,14.116620,1
fixed_t1,2548,5.124352,1
fixed_t1,2549,4.798698,1
fixed_t1,2550,7.824324,1
fixed_t1,2551,11.280475,1
fixed_t1,2552,9.242929,1
fixed_t1,2553,4.945163,1
fixed_t1,2554,9.760215,1
fixed_t1,2555,8.460616,1
fixed_t1,2556,7.477563,1
fixed_t1,2557,5.152585,1
fixed_t1,2558,5.515551,1
fixed_t1,2559,5.713251,1
fixed_t1,2560,3.625974,1
fixed_t1,2561,7.838985,1
fixed_t1,2562,14.304637,1
fixed_t1,2563,12.889598,1
fixed_t1,2564,7.875992,1
fixed_t1,2565,7.837930,1
fixed_t1,2566,14.354386,1
fixed_t1,2567,3.715335,1
fixed_t1,2568,7.714008,1
fixed_t1,2569,14.240437,1
fixed_t1,2570,7.003192,1
fixed_t1,2571,8.887963,1
fixed_t1,2572,10.858193,1
fixed_t1,2573,7.280660,1
fixed_t1,2574,7.772698,1
fixed_t1,2575,5.075332,1
fixed_t1,2576,7.679630,1
fixed_t1,2577,8.682806,1
fixed_t1,2578,5.124691,1
fixed_t1,2579,14.569644,1
fixed_t1,2580,9.245715,1
fixed_t1,2581,6.074907,1
fixed_t1,2582,7.954258,1
fixed_t1,2583,8.886938,1
fixed_t1,2584,14.048980,1
fixed_t1,2585,9.205715,1
fixed_t1,2586,12.997945,1
fixed_t1,2587,4.895509,1
fixed_t1,2588,13.908866,1
fixed_t1,2589,14.342093,1
fixed_t1,2590,6.035902,1
fixed_t1,2591,8.220068,1
fixed_t1,2592,6.612789,1
fixed_t1,2593,10.424547,1
fixed_t1,2594,7.855173,1
fixed_t1,2595,6.259118,1
fixed_t1,2596,6.871875,1
fixed_t1,2597,8.633821,1
fixed_t1,2598,7.714632,1
fixed_t1,2599,4.399499,1
fixed_t1,2600,7.860346,1
fixed_t1,2601,4.313795,1
fixed_t1,2602,4.477816,1
fixed_t1,2603,7.496648,1
fixed_t1,2604,10.109767,1
fixed_t1,2605,4.636767,1
fixed_t1,2606,22.963210,1
fixed_t1,2607,9.823002,1
fixed_t1,2608,10.082187,1
fixed_t1,2609,8.581859,1
fixed_t1,2610,5.251788,1
fixed_t1,2611,20.669787,1
fixed_t1,2612,4.148901,1
fixed_t1,2613,7.095886,1
fixed_t1,2614,5.160034,1
fixed_t1,2615,7.394982,1
fixed_t1,2616,9.660833,1
fixed_t1,2617,20.059174,1
fixed_t1,2618,10.820748,1
fixed_t1,2619,10.210554,1
fixed_t1,2620,12.994480,1
fixed_t1,2621,9.824519,1
fixed_t1,2622,7.050645,1
fixed_t1,2623,4.709723,1
fixed_t1,2624,10.085865,1
fixed_t1,2625,4.456773,1
fixed_t1,2626,7.744175,1
fixed_t1,2627,7.421638,1
fixed_t1,2628,4.296416,1
fixed_t1,2629,2.891982,1
fixed_t1,2630,6.143896,1
fixed_t1,2631,17.385087,1
fixed_t1,2632,7.773828,1
fixed_t1,2633,5.121054,1
fixed_t1,2634,4.944536,1
fixed_t1,2635,7.401371,1
fixed_t1,2636,5.002814,1
fixed_t1,2637,15.090715,1
fixed_t1,2638,12.720849,1
fixed_t1,2639,8.264966,1
fixed_t1,2640,11.620386,1
fixed_t1,2641,30.889426,1
fixed_t1,2642,11.881084,1
fixed_t1,2643,8.654015,1
fixed_t1,2644,12.028353,1
fixed_t1,2645,4.206620,1
fixed_t1,2646,16.464942,1
fixed_t1,2647,5.585438,1
fixed_t1,2648,8.429246,1
fixed_t1,2649,8.477675,1
fixed_t1,2650,5.922279,1
fixed_t1,2651,8.278265,1
fixed_t1,2652,2.924016,1
fixed_t1,2653,5.489961,1
fixed_t1,2654,5.460590,1
fixed_t1,2655,7.328931,1
fixed_t1,2656,7.400586,1
fixed_t1,2657,10.977791,1
fixed_t1,2658,8.054033,1
fixed_t1,2659,7.327515,1
fixed_t1,2660,9.970989,1
fixed_t1,2661,14.497858,1
fixed_t1,2662,4.987026,1
fixed_t1,2663,6.080114,1
fixed_t1,2664,8.188706,1
fixed_t1,2665,8.207543,1
fixed_t1,2666,12.532481,1
fixed_t1,2667,6.765000,1
fixed_t1,2668,12.922805,1
fixed_t1,2669,6.290897,1
fixed_t1,2670,11.528475,1
fixed_t1,2671,7.169448,1
fixed_t1,2672,5.894007,1
fixed_t1,2673,6.194216,1
fixed_t1,2674,7.852484,1
fixed_t1,2675,6.187332,1
fixed_t1,2676,9.783884,1
fixed_t1,2677,17.772778,1
fixed_t1,2678,10.197117,1
fixed_t1,2679,9.564158,1
fixed_t1,2680,11.763492,1
fixed_t1,2681,10.106710,1
fixed_t1,2682,10.055011,1
fixed_t1,2683,16.858299,1
fixed_t1,2684,5.102280,1
fixed_t1,2685,10.110595,1
fixed_t1,2686,9.706933,1
fixed_t1,2687,5.459667,1
fixed_t1,2688,12.383446,1
fixed_t1,2689,7.461151,1
fixed_t1,2690,9.114253,1
fixed_t1,2691,13.326779,1
fixed_t1,2692,6.179582,1
fixed_t1,2693,14.525120,1
fixed_t1,2694,6.514751,1
fixed_t1,2695,3.600512,1
fixed_t1,2696,6.540469,1
fixed_t1,2697,6.825211,1
fixed_t1,2698,7.139362,1
fixed_t1,2699,5.229303,1
fixed_t1,2700,6.451417,1
fixed_t1,2701,13.491448,1
fixed_t1,2702,7.211417,1
fixed_t1,2703,4.333036,1
fixed_t1,2704,8.619336,1
fixed_t1,2705,12.708845,1
fixed_t1,2706,3.770463,1
fixed_t1,2707,4.295061,1
fixed_t1,2708,10.254665,1
fixed_t1,2709,6.218682,1
fixed_t1,2710,12.805285,1
fixed_t1,2711,9.825520,1
fixed_t1,2712,15.758007,1
fixed_t1,2713,10.029615,1
fixed_t1,2714,5.882504,1
fixed_t1,2715,11.414344,1
fixed_t1,2716,11.018535,1
fixed_t1,2717,13.101790,1
fixed_t1,2718,3.998929,1
fixed_t1,2719,5.284045,1
fixed_t1,2720,7.599831,1
fixed_t1,2721,11.689194,1
fixed_t1,2722,11.426401,1
fixed_t1,2723,3.652365,1
fixed_t1,2724,5.440425,1
fixed_t1,2725,12.621148,1
fixed_t1,2726,11.676384,1
fixed_t1,2727,16.148674,1
fixed_t1,2728,7.503851,1
fixed_t1,2729,11.230356,1
fixed_t1,2730,8.984214,1
fixed_t1,2731,16.392321,1
fixed_t1,2732,11.916058,1
fixed_t1,2733,6.699105,1
fixed_t1,2734,13.526672,1
fixed_t1,2735,13.903441,1
fixed_t1,2736,8.346308,1
fixed_t1,2737,9.968689,1
fixed_t1,2738,13.976902,1
fixed_t1,2739,11.962184,1
fixed_t1,2740,4.365790,1
fixed_t1,2741,6.024904,1
fixed_t1,2742,9.246931,1
fixed_t1,2743,7.980948,1
fixed_t1,2744,5.503347,1
fixed_t1,2745,7.691855,1
fixed_t1,2746,4.348714,1
fixed_t1,2747,8.883911,1
fixed_t1,2748,8.801489,1
fixed_t1,2749,4.093135,1
fixed_t1,2750,8.527276,1
fixed_t1,2751,4.116087,1
fixed_t1,2752,11.571415,1
fixed_t1,2753,4.375931,1
fixed_t1,2754,9.827012,1
fixed_t1,2755,13.506955,1
fixed_t1,2756,5.624387,1
fixed_t1,2757,4.752253,1
fixed_t1,2758,19.276020,1
fixed_t1,2759,11.221104,1
fixed_t1,2760,18.507247,1
fixed_t1,2761,5.128674,1
fixed_t1,2762,12.846628,1
fixed_t1,2763,12.260075,1
fixed_t1,2764,11.495760,1
fixed_t1,2765,6.058471,1
fixed_t1,2766,5.638285,1
fixed_t1,2767,6.915646,1
fixed_t1,2768,8.631655,1
fixed_t1,2769,8.408784,1
fixed_t1,2770,6.897363,1
fixed_t1,2771,7.159345,1
fixed_t1,2772,9.168558,1
fixed_t1,2773,4.878082,1
fixed_t1,2774,5.149830,1
fixed_t1,2775,13.216680,1
fixed_t1,2776,6.055818,1
fixed_t1,2777,8.718323,1
fixed_t1,2778,8.836493,1
fixed_t1,2779,3.685338,1
fixed_t1,2780,5.281038,1
fixed_t1,2781,4.778970,1
fixed_t1,2782,7.799548,1
fixed_t1,2783,18.357922,1
fixed_t1,2784,7.338461,1
fixed_t1,2785,4.362196,1
fixed_t1,2786,7.850179,1
fixed_t1,2787,5.460469,1
fixed_t1,2788,5.384360,1
fixed_t1,2789,8.953529,1
fixed_t1,2790,8.581980,1
fixed_t1,2791,9.550158,1
fixed_t1,2792,5.098959,1
fixed_t1,2793,6.751864,1
fixed_t1,2794,7.708777,1
fixed_t1,2795,4.895974,1
fixed_t1,2796,10.206715,1
fixed_t1,2797,4.353399,1
fixed_t1,2798,12.415669,1
fixed_t1,2799,12.669930,1
fixed_t1,2800,5.000322,1
fixed_t1,2801,5.345233,1
fixed_t1,2802,9.185196,1
fixed_t1,2803,25.200553,1
fixed_t1,2804,9.497895,1
fixed_t1,2805,8.336673,1
fixed_t1,2806,15.042158,1
fixed_t1,2807,6.212499,1
fixed_t1,2808,10.219807,1
fixed_t1,2809,5.726464,1
fixed_t1,2810,7.623914,1
fixed_t1,2811,12.759551,1
fixed_t1,2812,10.740665,1
fixed_t1,2813,7.181874,1
fixed_t1,2814,4.098181,1
fixed_t1,2815,12.227861,1
fixed_t1,2816,2.800004,1
fixed_t1,2817,8.817327,1
fixed_t1,2818,5.815435,1
fixed_t1,2819,10.417687,1
fixed_t1,2820,9.757703,1
fixed_t1,2821,5.384391,1
fixed_t1,2822,4.456626,1
fixed_t1,2823,9.113733,1
fixed_t1,2824,14.302040,1
fixed_t1,2825,5.132324,1
fixed_t1,2826,9.289731,1
fixed_t1,2827,10.848366,1
fixed_t1,2828,5.479746,1
fixed_t1,2829,5.700510,1
fixed_t1,2830,6.348709,1
fixed_t1,2831,13.677121,1
fixed_t1,2832,5.490721,1
fixed_t1,2833,5.491036,1
fixed_t1,2834,5.734692,1
fixed_t1,2835,15.290489,1
fixed_t1,2836,6.579914,1
fixed_t1,2837,11.596873,1
fixed_t1,2838,7.010677,1
fixed_t1,2839,5.951188,1
fixed_t1,2840,7.190028,1
fixed_t1,2841,5.250306,1
fixed_t1,2842,5.417773,1
fixed_t1,2843,7.060106,1
fixed_t1,2844,7.685660,1
fixed_t1,2845,8.567148,1
fixed_t1,2846,9.559902,1
fixed_t1,2847,7.449504,1
fixed_t1,2848,8.678452,1
fixed_t1,2849,11.729288,1
fixed_t1,2850,11.492736,1
fixed_t1,2851,3.150136,1
fixed_t1,2852,13.207855,1
fixed_t1,2853,5.101795,1
fixed_t1,2854,11.081514,1
fixed_t1,2855,9.548449,1
fixed_t1,2856,7.112822,1
fixed_t1,2857,7.733587,1
fixed_t1,2858,8.109686,1
fixed_t1,2859,12.684665,1
fixed_t1,2860,9.888471,1
fixed_t1,2861,10.486982,1
fixed_t1,2862,6.918234,1
fixed_t1,2863,6.182251,1
fixed_t1,2864,7.532919,1
fixed_t1,2865,5.737484,1
fixed_t1,2866,6.387742,1
fixed_t1,2867,5.574836,1
fixed_t1,2868,6.031194,1
fixed_t1,2869,9.164654,1
fixed_t1,2870,4.003103,1
fixed_t1,2871,5.935777,1
fixed_t1,2872,11.370072,1
fixed_t1,2873,10.932481,1
fixed_t1,2874,4.320380,1
fixed_t1,2875,9.427868,1
fixed_t1,2876,2.906780,1
fixed_t1,2877,7.283131,1
fixed_t1,2878,8.195846,1
fixed_t1,2879,11.547967,1
fixed_t1,2880,9.115898,1
fixed_t1,2881,9.587612,1
fixed_t1,2882,5.642911,1
fixed_t1,2883,12.214762,1
fixed_t1,2884,11.541200,1
fixed_t1,2885,19.376664,1
fixed_t1,2886,5.994442,1
fixed_t1,2887,13.556184,1
fixed_t1,2888,13.428935,1
fixed_t1,2889,8.371087,1
fixed_t1,2890,4.277394,1
fixed_t1,2891,5.445182,1
fixed_t1,2892,17.012213,1
fixed_t1,2893,8.776776,1
fixed_t1,2894,7.363222,1
fixed_t1,2895,6.742228,1
fixed_t1,2896,8.603999,1
fixed_t1,2897,13.541235,1
fixed_t1,2898,8.136690,1
fixed_t1,2899,6.292820,1
fixed_t1,2900,6.561721,1
fixed_t1,2901,10.326317,1
fixed_t1,2902,6.927564,1
fixed_t1,2903,11.074428,1
fixed_t1,2904,13.025972,1
fixed_t1,2905,4.393113,1
fixed_t1,2906,11.829762,1
fixed_t1,2907,6.968902,1
fixed_t1,2908,8.722931,1
fixed_t1,2909,7.367187,1
fixed_t1,2910,9.532009,1
fixed_t1,2911,8.256691,1
fixed_t1,2912,10.416266,1
fixed_t1,2913,6.501092,1
fixed_t1,2914,11.159332,1
fixed_t1,2915,9.570171,1
fixed_t1,2916,14.059360,1
fixed_t1,2917,8.849376,1
fixed_t1,2918,7.952099,1
fixed_t1,2919,8.315628,1
fixed_t1,2920,6.310567,1
fixed_t1,2921,15.474775,1
fixed_t1,2922,9.058456,1
fixed_t1,2923,8.318499,1
fixed_t1,2924,4.333081,1
fixed_t1,2925,15.087780,1
fixed_t1,2926,19.891874,1
fixed_t1,2927,6.431318,1
fixed_t1,2928,22.470153,1
fixed_t1,2929,10.065002,1
fixed_t1,2930,7.398545,1
fixed_t1,2931,7.741921,1
fixed_t1,2932,6.187462,1
fixed_t1,2933,6.849895,1
fixed_t1,2934,14.073313,1
fixed_t1,2935,12.576354,1
fixed_t1,2936,6.872458,1
fixed_t1,2937,14.619509,1
fixed_t1,2938,5.983024,1
fixed_t1,2939,12.322978,1
fixed_t1,2940,9.841214,1
fixed_t1,2941,5.824927,1
fixed_t1,2942,5.582996,1
fixed_t1,2943,4.698280,1
fixed_t1,2944,8.475407,1
fixed_t1,2945,6.595818,1
fixed_t1,2946,4.622443,1
fixed_t1,2947,11.492999,1
fixed_t1,2948,7.440088,1
fixed_t1,2949,6.382775,1
fixed_t1,2950,8.576000,1
fixed_t1,2951,13.486998,1
fixed_t1,2952,6.067961,1
fixed_t1,2953,6.648959,1
fixed_t1,2954,25.090820,1
fixed_t1,2955,7.227636,1
fixed_t1,2956,12.038654,1
fixed_t1,2957,8.798818,1
fixed_t1,2958,9.877761,1
fixed_t1,2959,3.320938,1
fixed_t1,2960,8.764149,1
fixed_t1,2961,8.028607,1
fixed_t1,2962,2.766190,1
fixed_t1,2963,9.293845,1
fixed_t1,2964,11.498085,1
fixed_t1,2965,7.998063,1
fixed_t1,2966,5.297082,1
fixed_t1,2967,9.249746,1
fixed_t1,2968,8.242220,1
fixed_t1,2969,5.412835,1
fixed_t1,2970,7.032813,1
fixed_t1,2971,7.951640,1
fixed_t1,2972,10.214458,1
fixed_t1,2973,12.626703,1
fixed_t1,2974,11.489671,1
fixed_t1,2975,10.879001,1
fixed_t1,2976,14.145729,1
fixed_t1,2977,7.643517,1
fixed_t1,2978,7.465765,1
fixed_t1,2979,8.599607,1
fixed_t1,2980,6.041413,1
fixed_t1,2981,8.745300,1
fixed_t1,2982,5.316856,1
fixed_t1,2983,11.788720,1
fixed_t1,2984,9.349185,1
fixed_t1,2985,13.748164,1
fixed_t1,2986,7.413478,1
fixed_t1,2987,6.862353,1
fixed_t1,2988,4.820748,1
fixed_t1,2989,9.716539,1
fixed_t1,2990,8.697263,1
fixed_t1,2991,8.205519,1
fixed_t1,2992,7.108808,1
fixed_t1,2993,13.771472,1
fixed_t1,2994,14.143484,1
fixed_t1,2995,7.239476,1
fixed_t1,2996,8.628254,1
fixed_t1,2997,9.429104,1
fixed_t1,2998,7.372280,1
fixed_t1,2999,7.313670,1
fixed_t1,3000,8.561880,1
fixed_t1,3001,13.443879,1
fixed_t1,3002,4.788773,1
fixed_t1,3003,8.388696,1
fixed_t1,3004,9.090040,1
fixed_t1,3005,4.599094,1
fixed_t1,3006,16.740990,1
fixed_t1,3007,13.242374,1
fixed_t1,3008,10.267784,1
fixed_t1,3009,3.835643,1
fixed_t1,3010,12.334845,1
fixed_t1,3011,8.974168,1
fixed_t1,3012,15.224740,1
fixed_t1,3013,3.531671,1
fixed_t1,3014,6.171716,1
fixed_t1,3015,7.725706,1
fixed_t1,3016,6.187350,1
fixed_t1,3017,10.932814,1
fixed_t1,3018,10.680003,1
fixed_t1,3019,7.246333,1
fixed_t1,3020,5.530247,1
fixed_t1,3021,9.149334,1
fixed_t1,3022,9.365531,1
fixed_t1,3023,8.423816,1
fixed_t1,3024,6.027912,1
fixed_t1,3025,4.862878,1
fixed_t1,3026,6.437327,1
fixed_t1,3027,8.097862,1
fixed_t1,3028,10.894157,1
fixed_t1,3029,10.263743,1
fixed_t1,3030,5.870084,1
fixed_t1,3031,20.902208,1
fixed_t1,3032,17.057039,1
fixed_t1,3033,6.235876,1
fixed_t1,3034,3.938736,1
fixed_t1,3035,8.270477,1
fixed_t1,3036,4.916835,1
fixed_t1,3037,6.200785,1
fixed_t1,3038,6.113920,1
fixed_t1,3039,6.768910,1
fixed_t1,3040,20.203219,1
fixed_t1,3041,5.229717,1
fixed_t1,3042,2.897078,1
fixed_t1,3043,6.143504,1
fixed_t1,3044,2.724379,1
fixed_t1,3045,17.597549,1
fixed_t1,3046,9.831904,1
fixed_t1,3047,11.840873,1
fixed_t1,3048,6.126266,1
fixed_t1,3049,6.672429,1
fixed_t1,3050,5.603977,1
fixed_t1,3051,18.407992,1
fixed_t1,3052,6.095446,1
fixed_t1,3053,7.864855,1
fixed_t1,3054,6.132190,1
fixed_t1,3055,4.992478,1
fixed_t1,3056,8.187404,1
fixed_t1,3057,13.435713,1
fixed_t1,3058,17.051434,1
fixed_t1,3059,6.474928,1
fixed_t1,3060,11.868912,1
fixed_t1,3061,6.396125,1
fixed_t1,3062,10.311924,1
fixed_t1,3063,8.375749,1
fixed_t1,3064,8.815886,1
fixed_t1,3065,4.217249,1
fixed_t1,3066,10.626505,1
fixed_t1,3067,8.606518,1
fixed_t1,3068,15.662459,1
fixed_t1,3069,6.726164,1
fixed_t1,3070,17.998958,1
fixed_t1,3071,5.609322,1
fixed_t1,3072,16.463395,1
fixed_t1,3073,7.825006,1
fixed_t1,3074,4.282685,1
fixed_t1,3075,7.930775,1
fixed_t1,3076,24.062531,1
fixed_t1,3077,4.724174,1
fixed_t1,3078,8.394295,1
fixed_t1,3079,8.498709,1
fixed_t1,3080,10.722405,1
fixed_t1,3081,7.014549,1
fixed_t1,3082,8.407452,1
fixed_t1,3083,14.779319,1
fixed_t1,3084,15.064960,1
fixed_t1,3085,7.197380,1
fixed_t1,3086,5.692798,1
fixed_t1,3087,6.796514,1
fixed_t1,3088,10.860079,1
fixed_t1,3089,7.697837,1
fixed_t1,3090,11.590451,1
fixed_t1,3091,7.121271,1
fixed_t1,3092,5.059566,1
fixed_t1,3093,12.320673,1
fixed_t1,3094,10.195255,1
fixed_t1,3095,7.219090,1
fixed_t1,3096,10.032489,1
fixed_t1,3097,9.406710,1
fixed_t1,3098,9.499442,1
fixed_t1,3099,4.420311,1
fixed_t1,3100,8.486483,1
fixed_t1,3101,12.227216,1
fixed_t1,3102,7.258498,1
fixed_t1,3103,7.643825,1
fixed_t1,3104,8.772353,1
fixed_t1,3105,6.504724,1
fixed_t1,3106,3.901548,1
fixed_t1,3107,4.449214,1
fixed_t1,3108,11.665742,1
fixed_t1,3109,8.479056,1
fixed_t1,3110,19.386696,1
fixed_t1,3111,10.196854,1
fixed_t1,3112,32.975837,1
fixed_t1,3113,5.927166,1
fixed_t1,3114,8.618164,1
fixed_t1,3115,7.752510,1
fixed_t1,3116,6.112415,1
fixed_t1,3117,4.479150,1
fixed_t1,3118,9.953410,1
fixed_t1,3119,15.042606,1
fixed_t1,3120,4.080224,1
fixed_t1,3121,3.866553,1
fixed_t1,3122,7.685527,1
fixed_t1,3123,12.265201,1
fixed_t1,3124,9.451019,1
fixed_t1,3125,5.745521,1
fixed_t1,3126,7.138572,1
fixed_t1,3127,5.961750,1
fixed_t1,3128,5.838086,1
fixed_t1,3129,5.936382,1
fixed_t1,3130,6.059045,1
fixed_t1,3131,4.963395,1
fixed_t1,3132,7.494119,1
fixed_t1,3133,9.899400,1
fixed_t1,3134,7.135932,1
fixed_t1,3135,7.549459,1
fixed_t1,3136,7.090867,1
fixed_t1,3137,7.196036,1
fixed_t1,3138,4.874209,1
fixed_t1,3139,5.130786,1
fixed_t1,3140,7.322891,1
fixed_t1,3141,9.389874,1
fixed_t1,3142,8.447136,1
fixed_t1,3143,6.138473,1
fixed_t1,3144,15.836629,1
fixed_t1,3145,15.777933,1
fixed_t1,3146,6.981200,1
fixed_t1,3147,7.250608,1
fixed_t1,3148,10.172788,1
fixed_t1,3149,10.242279,1
fixed_t1,3150,6.414834,1
fixed_t1,3151,6.073138,1
fixed_t1,3152,8.440246,1
fixed_t1,3153,8.718586,1
fixed_t1,3154,11.443100,1
fixed_t1,3155,16.007559,1
fixed_t1,3156,11.873580,1
fixed_t1,3157,5.894564,1
fixed_t1,3158,9.374863,1
fixed_t1,3159,7.379600,1
fixed_t1,3160,14.364487,1
fixed_t1,3161,11.781559,1
fixed_t1,3162,4.611947,1
fixed_t1,3163,5.781016,1
fixed_t1,3164,7.790001,1
fixed_t1,3165,6.735454,1
fixed_t1,3166,8.836746,1
fixed_t1,3167,10.311291,1
fixed_t1,3168,7.760365,1
fixed_t1,3169,14.629473,1
fixed_t1,3170,14.029683,1
fixed_t1,3171,5.626306,1
fixed_t1,3172,8.120071,1
fixed_t1,3173,15.541776,1
fixed_t1,3174,3.257979,1
fixed_t1,3175,13.558644,1
fixed_t1,3176,6.226000,1
fixed_t1,3177,8.802525,1
fixed_t1,3178,4.614974,1
fixed_t1,3179,4.537914,1
fixed_t1,3180,7.002208,1
fixed_t1,3181,4.559829,1
fixed_t1,3182,7.715141,1
fixed_t1,3183,23.013906,1
fixed_t1,3184,11.413925,1
fixed_t1,3185,11.462791,1
fixed_t1,3186,6.941540,1
fixed_t1,3187,10.279831,1
fixed_t1,3188,5.071810,1
fixed_t1,3189,6.876530,1
fixed_t1,3190,11.590676,1
fixed_t1,3191,5.147597,1
fixed_t1,3192,11.447826,1
fixed_t1,3193,6.323035,1
fixed_t1,3194,6.936110,1
fixed_t1,3195,8.272696,1
fixed_t1,3196,8.341583,1
fixed_t1,3197,10.637781,1
fixed_t1,3198,10.272310,1
fixed_t1,3199,6.145054,1
fixed_t1,3200,8.083197,1
fixed_t1,3201,16.362440,1
fixed_t1,3202,5.688044,1
fixed_t1,3203,9.129009,1
fixed_t1,3204,8.126319,1
fixed_t1,3205,4.364695,1
fixed_t1,3206,7.856688,1
fixed_t1,3207,9.622320,1
fixed_t1,3208,15.056479,1
fixed_t1,3209,3.497100,1
fixed_t1,3210,9.429735,1
fixed_t1,3211,6.667528,1
fixed_t1,3212,10.554354,1
fixed_t1,3213,7.190610,1
fixed_t1,3214,10.211900,1
fixed_t1,3215,6.876344,1
fixed_t1,3216,4.056578,1
fixed_t1,3217,5.943105,1
fixed_t1,3218,9.637826,1
fixed_t1,3219,10.701004,1
fixed_t1,3220,12.839837,1
fixed_t1,3221,7.267027,1
fixed_t1,3222,2.592147,1
fixed_t1,3223,10.727467,1
fixed_t1,3224,3.785796,1
fixed_t1,3225,6.659568,1
fixed_t1,3226,11.350391,1
fixed_t1,3227,17.570918,1
fixed_t1,3228,3.877110,1
fixed_t1,3229,3.562190,1
fixed_t1,3230,10.466737,1
fixed_t1,3231,13.485047,1
fixed_t1,3232,8.614440,1
fixed_t1,3233,7.066414,1
fixed_t1,3234,4.281500,1
fixed_t1,3235,3.278965,1
fixed_t1,3236,9.033536,1
fixed_t1,3237,5.374317,1
fixed_t1,3238,7.640494,1
fixed_t1,3239,8.333190,1
fixed_t1,3240,12.778261,1
fixed_t1,3241,11.424049,1
fixed_t1,3242,4.443405,1
fixed_t1,3243,12.908612,1
fixed_t1,3244,5.720512,1
fixed_t1,3245,9.682323,1
fixed_t1,3246,7.988256,1
fixed_t1,3247,9.437793,1
fixed_t1,3248,6.767691,1
fixed_t1,3249,6.756385,1
fixed_t1,3250,7.938725,1
fixed_t1,3251,8.737087,1
fixed_t1,3252,6.152609,1
fixed_t1,3253,11.698814,1
fixed_t1,3254,4.985292,1
fixed_t1,3255,5.837023,1
fixed_t1,3256,11.058882,1
fixed_t1,3257,21.118535,1
fixed_t1,3258,7.685585,1
fixed_t1,3259,9.093776,1
fixed_t1,3260,4.230289,1
fixed_t1,3261,7.112641,1
fixed_t1,3262,17.783236,1
fixed_t1,3263,6.091998,1
fixed_t1,3264,6.330755,1
fixed_t1,3265,7.791446,1
fixed_t1,3266,12.601450,1
fixed_t1,3267,9.572592,1
fixed_t1,3268,12.661568,1
fixed_t1,3269,3.652457,1
fixed_t1,3270,13.788184,1
fixed_t1,3271,8.545075,1
fixed_t1,3272,3.428447,1
fixed_t1,3273,6.969508,1
fixed_t1,3274,6.799337,1
fixed_t1,3275,7.675187,1
fixed_t1,3276,4.896430,1
fixed_t1,3277,13.279868,1
fixed_t1,3278,8.384459,1
fixed_t1,3279,8.838048,1
fixed_t1,3280,13.736277,1
fixed_t1,3281,8.069787,1
fixed_t1,3282,10.964702,1
fixed_t1,3283,6.750965,1
fixed_t1,3284,4.593905,1
fixed_t1,3285,10.313153,1
fixed_t1,3286,7.878864,1
fixed_t1,3287,15.117577,1
fixed_t1,3288,3.520349,1
fixed_t1,3289,7.819798,1
fixed_t1,3290,6.398163,1
fixed_t1,3291,8.879049,1
fixed_t1,3292,8.332507,1
fixed_t1,3293,6.709076,1
fixed_t1,3294,5.942028,1
fixed_t1,3295,18.182421,1
fixed_t1,3296,4.262845,1
fixed_t1,3297,9.867228,1
fixed_t1,3298,12.103410,1
fixed_t1,3299,6.149612,1
fixed_t1,3300,9.482975,1
fixed_t1,3301,10.888321,1
fixed_t1,3302,8.559581,1
fixed_t1,3303,9.785288,1
fixed_t1,3304,10.818609,1
fixed_t1,3305,14.253975,1
fixed_t1,3306,9.131069,1
fixed_t1,3307,6.369794,1
fixed_t1,3308,4.219370,1
fixed_t1,3309,6.973454,1
fixed_t1,3310,9.270405,1
fixed_t1,3311,7.924154,1
fixed_t1,3312,8.022054,1
fixed_t1,3313,6.698899,1
fixed_t1,3314,15.972756,1
fixed_t1,3315,13.398472,1
fixed_t1,3316,12.747810,1
fixed_t1,3317,7.819573,1
fixed_t1,3318,12.310875,1
fixed_t1,3319,6.394235,1
fixed_t1,3320,10.675470,1
fixed_t1,3321,6.207159,1
fixed_t1,3322,13.996834,1
fixed_t1,3323,4.643943,1
fixed_t1,3324,15.802433,1
fixed_t1,3325,8.547320,1
fixed_t1,3326,6.481755,1
fixed_t1,3327,14.377994,1
fixed_t1,3328,7.624887,1
fixed_t1,3329,12.734078,1
fixed_t1,3330,16.671622,1
fixed_t1,3331,7.155191,1
fixed_t1,3332,5.045083,1
fixed_t1,3333,12.507481,1
fixed_t1,3334,3.109926,1
fixed_t1,3335,6.592816,1
fixed_t1,3336,3.767144,1
fixed_t1,3337,10.360249,1
fixed_t1,3338,7.392759,1
fixed_t1,3339,10.829913,1
fixed_t1,3340,25.857062,1
fixed_t1,3341,4.912377,1
fixed_t1,3342,15.347012,1
fixed_t1,3343,5.870806,1
fixed_t1,3344,13.336786,1
fixed_t1,3345,11.549973,1
fixed_t1,3346,7.214085,1
fixed_t1,3347,18.381908,1
fixed_t1,3348,3.222980,1
fixed_t1,3349,6.398070,1
fixed_t1,3350,5.824043,1
fixed_t1,3351,8.012517,1
fixed_t1,3352,7.946196,1
fixed_t1,3353,9.339548,1
fixed_t1,3354,11.215454,1
fixed_t1,3355,16.764330,1
fixed_t1,3356,12.694325,1
fixed_t1,3357,7.138048,1
fixed_t1,3358,9.618628,1
fixed_t1,3359,11.297850,1
fixed_t1,3360,13.521397,1
fixed_t1,3361,8.575450,1
fixed_t1,3362,5.172186,1
fixed_t1,3363,9.331025,1
fixed_t1,3364,17.411096,1
fixed_t1,3365,7.244532,1
fixed_t1,3366,16.658751,1
fixed_t1,3367,13.996120,1
fixed_t1,3368,12.364707,1
fixed_t1,3369,8.619476,1
fixed_t1,3370,7.063882,1
fixed_t1,3371,4.372503,1
fixed_t1,3372,13.021258,1
fixed_t1,3373,9.827197,1
fixed_t1,3374,22.189762,1
fixed_t1,3375,9.055521,1
fixed_t1,3376,8.514821,1
fixed_t1,3377,6.876525,1
fixed_t1,3378,6.554846,1
fixed_t1,3379,10.922845,1
fixed_t1,3380,6.435989,1
fixed_t1,3381,7.357065,1
fixed_t1,3382,6.112771,1
fixed_t1,3383,9.021995,1
fixed_t1,3384,11.288971,1
fixed_t1,3385,11.376255,1
fixed_t1,3386,14.274857,1
fixed_t1,3387,8.146205,1
fixed_t1,3388,9.799833,1
fixed_t1,3389,7.834044,1
fixed_t1,3390,10.797051,1
fixed_t1,3391,5.346547,1
fixed_t1,3392,11.444634,1
fixed_t1,3393,12.473890,1
fixed_t1,3394,9.475937,1
fixed_t1,3395,5.732803,1
fixed_t1,3396,6.182823,1
fixed_t1,3397,4.638668,1
fixed_t1,3398,4.813905,1
fixed_t1,3399,10.811047,1
fixed_t1,3400,11.391765,1
fixed_t1,3401,5.809958,1
fixed_t1,3402,3.858634,1
fixed_t1,3403,14.189474,1
fixed_t1,3404,13.641153,1
fixed_t1,3405,4.432469,1
fixed_t1,3406,12.432464,1
fixed_t1,3407,6.886618,1
fixed_t1,3408,6.943483,1
fixed_t1,3409,9.515431,1
fixed_t1,3410,4.750663,1
fixed_t1,3411,10.900578,1
fixed_t1,3412,8.351298,1
fixed_t1,3413,9.345944,1
fixed_t1,3414,4.285276,1
fixed_t1,3415,11.077716,1
fixed_t1,3416,6.764631,1
fixed_t1,3417,4.799383,1
fixed_t1,3418,12.107813,1
fixed_t1,3419,13.416340,1
fixed_t1,3420,9.602989,1
fixed_t1,3421,7.934304,1
fixed_t1,3422,5.004138,1
fixed_t1,3423,5.382722,1
fixed_t1,3424,7.494052,1
fixed_t1,3425,6.605821,1
fixed_t1,3426,8.794598,1
fixed_t1,3427,4.905185,1
fixed_t1,3428,6.652772,1
fixed_t1,3429,4.842045,1
fixed_t1,3430,6.406195,1
fixed_t1,3431,16.980383,1
fixed_t1,3432,12.834029,1
fixed_t1,3433,3.800331,1
fixed_t1,3434,7.959766,1
fixed_t1,3435,8.692820,1
fixed_t1,3436,8.634494,1
fixed_t1,3437,6.428667,1
fixed_t1,3438,11.277663,1
fixed_t1,3439,12.153980,1
fixed_t1,3440,8.531888,1
fixed_t1,3441,14.913127,1
fixed_t1,3442,9.704611,1
fixed_t1,3443,8.002544,1
fixed_t1,3444,10.264797,1
fixed_t1,3445,8.309168,1
fixed_t1,3446,10.272507,1
fixed_t1,3447,3.776787,1
fixed_t1,3448,10.893737,1
fixed_t1,3449,13.331119,1
fixed_t1,3450,13.776451,1
fixed_t1,3451,5.367210,1
fixed_t1,3452,8.219017,1
fixed_t1,3453,4.870967,1
fixed_t1,3454,7.590862,1
fixed_t1,3455,10.729228,1
fixed_t1,3456,12.443441,1
fixed_t1,3457,6.660616,1
fixed_t1,3458,13.175279,1
fixed_t1,3459,8.339200,1
fixed_t1,3460,13.216099,1
fixed_t1,3461,6.274469,1
fixed_t1,3462,4.406861,1
fixed_t1,3463,8.710517,1
fixed_t1,3464,9.860923,1
fixed_t1,3465,14.862793,1
fixed_t1,3466,17.613997,1
fixed_t1,3467,15.563533,1
fixed_t1,3468,10.730051,1
fixed_t1,3469,6.383718,1
fixed_t1,3470,6.983163,1
fixed_t1,3471,8.899917,1
fixed_t1,3472,6.008363,1
fixed_t1,3473,9.928808,1
fixed_t1,3474,15.259980,1
fixed_t1,3475,7.235110,1
fixed_t1,3476,10.424680,1
fixed_t1,3477,5.613399,1
fixed_t1,3478,9.334213,1
fixed_t1,3479,4.825763,1
fixed_t1,3480,7.792339,1
fixed_t1,3481,8.862311,1
fixed_t1,3482,11.822134,1
fixed_t1,3483,4.613786,1
fixed_t1,3484,9.432570,1
fixed_t1,3485,5.314055,1
fixed_t1,3486,6.605081,1
fixed_t1,3487,9.314870,1
fixed_t1,3488,10.296122,1
fixed_t1,3489,6.263314,1
fixed_t1,3490,5.938670,1
fixed_t1,3491,8.820060,1
fixed_t1,3492,5.220777,1
fixed_t1,3493,7.181734,1
fixed_t1,3494,5.574326,1
fixed_t1,3495,9.157680,1
fixed_t1,3496,10.390308,1
fixed_t1,3497,7.032048,1
fixed_t1,3498,8.237923,1
fixed_t1,3499,8.728044,1
fixed_t1,3500,16.746795,1
fixed_t1,3501,7.638744,1
fixed_t1,3502,9.092316,1
fixed_t1,3503,6.546023,1
fixed_t1,3504,11.277813,1
fixed_t1,3505,7.983593,1
fixed_t1,3506,7.054320,1
fixed_t1,3507,13.489884,1
fixed_t1,3508,8.010940,1
fixed_t1,3509,12.307860,1
fixed_t1,3510,8.733144,1
fixed_t1,3511,6.663162,1
fixed_t1,3512,2.629623,1
fixed_t1,3513,6.299807,1
fixed_t1,3514,5.028031,1
fixed_t1,3515,6.863862,1
fixed_t1,3516,8.667539,1
fixed_t1,3517,14.951874,1
fixed_t1,3518,12.097979,1
fixed_t1,3519,12.738130,1
fixed_t1,3520,4.326469,1
fixed_t1,3521,4.228003,1
fixed_t1,3522,4.894232,1
fixed_t1,3523,7.972817,1
fixed_t1,3524,10.794177,1
fixed_t1,3525,4.805044,1
fixed_t1,3526,6.409822,1
fixed_t1,3527,14.868662,1
fixed_t1,3528,16.758266,1
fixed_t1,3529,8.041752,1
fixed_t1,3530,15.662353,1
fixed_t1,3531,11.313068,1
fixed_t1,3532,8.765657,1
fixed_t1,3533,7.496410,1
fixed_t1,3534,6.747397,1
fixed_t1,3535,6.034803,1
fixed_t1,3536,9.057884,1
fixed_t1,3537,14.738800,1
fixed_t1,3538,6.241673,1
fixed_t1,3539,9.028150,1
fixed_t1,3540,8.089216,1
fixed_t1,3541,17.358323,1
fixed_t1,3542,6.725332,1
fixed_t1,3543,8.188624,1
fixed_t1,3544,8.975736,1
fixed_t1,3545,4.666123,1
fixed_t1,3546,4.687957,1
fixed_t1,3547,5.265075,1
fixed_t1,3548,7.027601,1
fixed_t1,3549,7.741225,1
fixed_t1,3550,7.170449,1
fixed_t1,3551,6.504578,1
fixed_t1,3552,10.947911,1
fixed_t1,3553,4.422954,1
fixed_t1,3554,8.416000,1
fixed_t1,3555,11.446086,1
fixed_t1,3556,5.879371,1
fixed_t1,3557,8.565774,1
fixed_t1,3558,8.971232,1
fixed_t1,3559,4.228565,1
fixed_t1,3560,5.863143,1
fixed_t1,3561,8.548760,1
fixed_t1,3562,14.079406,1
fixed_t1,3563,10.322870,1
fixed_t1,3564,3.731274,1
fixed_t1,3565,12.200121,1
fixed_t1,3566,12.647081,1
fixed_t1,3567,2.582874,1
fixed_t1,3568,8.406126,1
fixed_t1,3569,4.983658,1
fixed_t1,3570,7.026210,1
fixed_t1,3571,12.434155,1
fixed_t1,3572,14.174999,1
fixed_t1,3573,11.681605,1
fixed_t1,3574,6.434945,1
fixed_t1,3575,10.534693,1
fixed_t1,3576,3.885107,1
fixed_t1,3577,6.768010,1
fixed_t1,3578,7.034829,1
fixed_t1,3579,9.407991,1
fixed_t1,3580,12.766111,1
fixed_t1,3581,7.006449,1
fixed_t1,3582,11.390270,1
fixed_t1,3583,6.229273,1
fixed_t1,3584,8.275226,1
fixed_t1,3585,8.079304,1
fixed_t1,3586,6.308779,1
fixed_t1,3587,7.832448,1
fixed_t1,3588,10.360758,1
fixed_t1,3589,7.071066,1
fixed_t1,3590,6.375592,1
fixed_t1,3591,3.601756,1
fixed_t1,3592,8.047129,1
fixed_t1,3593,8.468456,1
fixed_t1,3594,4.269917,1
fixed_t1,3595,9.250567,1
fixed_t1,3596,5.265783,1
fixed_t1,3597,8.182615,1
fixed_t1,3598,9.930457,1
fixed_t1,3599,6.679378,1
fixed_t1,3600,10.325689,1
fixed_t1,3601,8.037123,1
fixed_t1,3602,8.365615,1
fixed_t1,3603,11.012371,1
fixed_t1,3604,9.939754,1
fixed_t1,3605,13.470290,1
fixed_t1,3606,11.687538,1
fixed_t1,3607,23.479758,1
fixed_t1,3608,16.047980,1
fixed_t1,3609,8.875110,1
fixed_t1,3610,4.394839,1
fixed_t1,3611,5.378857,1
fixed_t1,3612,7.732183,1
fixed_t1,3613,10.617787,1
fixed_t1,3614,19.498087,1
fixed_t1,3615,14.849748,1
fixed_t1,3616,7.469189,1
fixed_t1,3617,19.698854,1
fixed_t1,3618,19.391575,1
fixed_t1,3619,10.577801,1
fixed_t1,3620,17.025254,1
fixed_t1,3621,7.694180,1
fixed_t1,3622,18.998495,1
fixed_t1,3623,8.179396,1
fixed_t1,3624,20.839449,1
fixed_t1,3625,10.170693,1
fixed_t1,3626,7.679629,1
fixed_t1,3627,24.684748,1
fixed_t1,3628,11.597817,1
fixed_t1,3629,7.726402,1
fixed_t1,3630,11.890439,1
fixed_t1,3631,15.002063,1
fixed_t1,3632,8.104798,1
fixed_t1,3633,13.012069,1
fixed_t1,3634,11.716296,1
fixed_t1,3635,7.816247,1
fixed_t1,3636,11.969360,1
fixed_t1,3637,8.257943,1
fixed_t1,3638,9.988024,1
fixed_t1,3639,6.533831,1
fixed_t1,3640,12.974990,1
fixed_t1,3641,10.047661,1
fixed_t1,3642,9.100816,1
fixed_t1,3643,22.562780,1
fixed_t1,3644,8.886906,1
fixed_t1,3645,22.243717,1
fixed_t1,3646,18.513387,1
fixed_t1,3647,18.357912,1
fixed_t1,3648,9.948961,1
fixed_t1,3649,8.546096,1
fixed_t1,3650,5.791105,1
fixed_t1,3651,26.313404,1
fixed_t1,3652,6.533020,1
fixed_t1,3653,10.364848,1
fixed_t1,3654,13.452912,1
fixed_t1,3655,12.138421,1
fixed_t1,3656,4.968908,1
fixed_t1,3657,6.070243,1
fixed_t1,3658,12.827422,1
fixed_t1,3659,15.152278,1
fixed_t1,3660,8.545247,1
fixed_t1,3661,15.797999,1
fixed_t1,3662,15.992059,1
fixed_t1,3663,6.323670,1
fixed_t1,3664,14.545779,1
fixed_t1,3665,13.193331,1
fixed_t1,3666,20.643458,1
fixed_t1,3667,7.755688,1
fixed_t1,3668,11.310864,1
fixed_t1,3669,13.043563,1
fixed_t1,3670,12.441077,1
fixed_t1,3671,4.783261,1
fixed_t1,3672,24.762914,1
fixed_t1,3673,5.885235,1
fixed_t1,3674,17.591503,1
fixed_t1,3675,22.837737,1
fixed_t1,3676,15.700637,1
fixed_t1,3677,11.657135,1
fixed_t1,3678,19.631362,1
fixed_t1,3679,7.987678,1
fixed_t1,3680,14.320733,1
fixed_t1,3681,13.674741,1
fixed_t1,3682,14.649707,1
fixed_t1,3683,10.203365,1
fixed_t1,3684,22.831449,1
fixed_t1,3685,11.705365,1
fixed_t1,3686,17.713798,1
fixed_t1,3687,9.839787,1
fixed_t1,3688,12.505365,1
fixed_t1,3689,14.265719,1
fixed_t1,3690,17.744873,1
fixed_t1,3691,4.969203,1
fixed_t1,3692,24.071675,1
fixed_t1,3693,12.398210,1
fixed_t1,3694,11.862791,1
fixed_t1,3695,11.910167,1
fixed_t1,3696,11.397707,1
fixed_t1,3697,16.478059,1
fixed_t1,3698,12.012863,1
fixed_t1,3699,6.860359,1
fixed_t1,3700,11.815690,1
fixed_t1,3701,13.649322,1
fixed_t1,3702,6.457888,1
fixed_t1,3703,3.344349,1
fixed_t1,3704,9.788747,1
fixed_t1,3705,9.510235,1
fixed_t1,3706,9.292408,1
fixed_t1,3707,6.981856,1
fixed_t1,3708,4.625334,1
fixed_t1,3709,6.199744,1
fixed_t1,3710,10.625366,1
fixed_t1,3711,21.093058,1
fixed_t1,3712,6.004464,1
fixed_t1,3713,19.768295,1
fixed_t1,3714,7.683588,1
fixed_t1,3715,12.294518,1
fixed_t1,3716,24.352059,1
fixed_t1,3717,9.613574,1
fixed_t1,3718,14.113027,1
fixed_t1,3719,13.007093,1
fixed_t1,3720,4.906912,1
fixed_t1,3721,8.835395,1
fixed_t1,3722,9.506956,1
fixed_t1,3723,10.598489,1
fixed_t1,3724,11.443067,1
fixed_t1,3725,15.258762,1
fixed_t1,3726,10.654361,1
fixed_t1,3727,21.604563,1
fixed_t1,3728,11.766090,1
fixed_t1,3729,11.758117,1
fixed_t1,3730,10.969606,1
fixed_t1,3731,7.177045,1
fixed_t1,3732,8.913567,1
fixed_t1,3733,9.528378,1
fixed_t1,3734,14.762775,1
fixed_t1,3735,8.349524,1
fixed_t1,3736,5.447021,1
fixed_t1,3737,10.205237,1
fixed_t1,3738,9.392695,1
fixed_t1,3739,21.054033,1
fixed_t1,3740,19.871113,1
fixed_t1,3741,6.457942,1
fixed_t1,3742,8.600754,1
fixed_t1,3743,8.776519,1
fixed_t1,3744,11.404766,1
fixed_t1,3745,8.282405,1
fixed_t1,3746,11.672738,1
fixed_t1,3747,13.836318,1
fixed_t1,3748,8.733366,1
fixed_t1,3749,15.124307,1
fixed_t1,3750,20.571223,1
fixed_t1,3751,13.770761,1
fixed_t1,3752,11.138571,1
fixed_t1,3753,12.391659,1
fixed_t1,3754,14.291335,1
fixed_t1,3755,12.085330,1
fixed_t1,3756,25.210447,1
fixed_t1,3757,12.184732,1
fixed_t1,3758,8.485265,1
fixed_t1,3759,11.333868,1
fixed_t1,3760,7.451896,1
fixed_t1,3761,20.565389,1
fixed_t1,3762,10.987265,1
fixed_t1,3763,13.801438,1
fixed_t1,3764,8.760357,1
fixed_t1,3765,7.702982,1
fixed_t1,3766,12.273145,1
fixed_t1,3767,14.390435,1
fixed_t1,3768,8.570114,1
fixed_t1,3769,9.723245,1
fixed_t1,3770,15.651866,1
fixed_t1,3771,8.992027,1
fixed_t1,3772,8.918949,1
fixed_t1,3773,11.425168,1
fixed_t1,3774,13.220056,1
fixed_t1,3775,11.116415,1
fixed_t1,3776,5.907384,1
fixed_t1,3777,12.898863,1
fixed_t1,3778,5.626238,1
fixed_t1,3779,12.537623,1
fixed_t1,3780,14.745687,1
fixed_t1,3781,5.342414,1
fixed_t1,3782,13.198365,1
fixed_t1,3783,15.732722,1
fixed_t1,3784,17.629771,1
fixed_t1,3785,48.853071,1
fixed_t1,3786,32.443472,1
fixed_t1,3787,12.352022,1
fixed_t1,3788,7.374677,1
fixed_t1,3789,17.764461,1
fixed_t1,3790,6.791040,1
fixed_t1,3791,10.855404,1
fixed_t1,3792,6.973457,1
fixed_t1,3793,16.048560,1
fixed_t1,3794,18.142720,1
fixed_t1,3795,12.900119,1
fixed_t1,3796,12.986826,1
fixed_t1,3797,9.127547,1
fixed_t1,3798,7.582452,1
fixed_t1,3799,16.734000,1
fixed_t1,3800,10.847003,1
fixed_t1,3801,6.520014,1
fixed_t1,3802,8.814898,1
fixed_t1,3803,14.635988,1
fixed_t1,3804,24.544955,1
fixed_t1,3805,22.720667,1
fixed_t1,3806,13.584933,1
fixed_t1,3807,13.067819,1
fixed_t1,3808,28.934567,1
fixed_t1,3809,22.856263,1
fixed_t1,3810,5.898939,1
fixed_t1,3811,9.049830,1
fixed_t1,3812,14.529021,1
fixed_t1,3813,17.060578,1
fixed_t1,3814,10.492035,1
fixed_t1,3815,5.507950,1
fixed_t1,3816,22.007769,1
fixed_t1,3817,20.220163,1
fixed_t1,3818,14.479575,1
fixed_t1,3819,23.152788,1
fixed_t1,3820,23.049607,1
fixed_t1,3821,13.581744,1
fixed_t1,3822,22.682602,1
fixed_t1,3823,8.694420,1
fixed_t1,3824,9.505797,1
fixed_t1,3825,7.475554,1
fixed_t1,3826,12.084602,1
fixed_t1,3827,16.934024,1
fixed_t1,3828,8.973727,1
fixed_t1,3829,11.268759,1
fixed_t1,3830,15.351049,1
fixed_t1,3831,31.658633,1
fixed_t1,3832,14.531511,1
fixed_t1,3833,19.211845,1
fixed_t1,3834,16.066406,1
fixed_t1,3835,12.308398,1
fixed_t1,3836,8.026177,1
fixed_t1,3837,18.981314,1
fixed_t1,3838,15.536000,1
fixed_t1,3839,18.511657,1
fixed_t1,3840,7.975974,1
fixed_t1,3841,11.514908,1
fixed_t1,3842,21.242467,1
fixed_t1,3843,12.570711,1
fixed_t1,3844,13.050405,1
fixed_t1,3845,13.767340,1
fixed_t1,3846,12.195945,1
fixed_t1,3847,22.746119,1
fixed_t1,3848,12.311016,1
fixed_t1,3849,5.503687,1
fixed_t1,3850,11.525142,1
fixed_t1,3851,4.882067,1
fixed_t1,3852,7.149453,1
fixed_t1,3853,9.541195,1
fixed_t1,3854,13.956825,1
fixed_t1,3855,6.838822,1
fixed_t1,3856,9.490538,1
fixed_t1,3857,28.310359,1
fixed_t1,3858,20.334990,1
fixed_t1,3859,22.337169,1
fixed_t1,3860,8.699263,1
fixed_t1,3861,9.329003,1
fixed_t1,3862,38.081777,1
fixed_t1,3863,26.965874,1
fixed_t1,3864,11.730405,1
fixed_t1,3865,7.569056,1
fixed_t1,3866,14.724359,1
fixed_t1,3867,13.514904,1
fixed_t1,3868,10.596391,1
fixed_t1,3869,11.475866,1
fixed_t1,3870,18.082277,1
fixed_t1,3871,18.148851,1
fixed_t1,3872,11.719041,1
fixed_t1,3873,7.466489,1
fixed_t1,3874,13.672904,1
fixed_t1,3875,17.990341,1
fixed_t1,3876,14.140863,1
fixed_t1,3877,21.695013,1
fixed_t1,3878,12.474842,1
fixed_t1,3879,17.358952,1
fixed_t1,3880,20.214712,1
fixed_t1,3881,10.028559,1
fixed_t1,3882,9.739064,1
fixed_t1,3883,15.162681,1
fixed_t1,3884,7.651732,1
fixed_t1,3885,21.741291,1
fixed_t1,3886,17.083578,1
fixed_t1,3887,21.410153,1
fixed_t1,3888,12.920968,1
fixed_t1,3889,13.200581,1
fixed_t1,3890,12.673974,1
fixed_t1,3891,7.280563,1
fixed_t1,3892,9.486178,1
fixed_t1,3893,18.205685,1
fixed_t1,3894,16.074761,1
fixed_t1,3895,8.906698,1
fixed_t1,3896,13.539382,1
fixed_t1,3897,10.196277,1
fixed_t1,3898,16.136022,1
fixed_t1,3899,15.126125,1
fixed_t1,3900,26.650612,1
fixed_t1,3901,11.371728,1
fixed_t1,3902,8.575058,1
fixed_t1,3903,26.274429,1
fixed_t1,3904,8.826355,1
fixed_t1,3905,9.981259,1
fixed_t1,3906,10.430154,1
fixed_t1,3907,13.587447,1
fixed_t1,3908,13.448455,1
fixed_t1,3909,5.183509,1
fixed_t1,3910,23.629304,1
fixed_t1,3911,20.764785,1
fixed_t1,3912,15.011549,1
fixed_t1,3913,9.832603,1
fixed_t1,3914,13.034576,1
fixed_t1,3915,4.422306,1
fixed_t1,3916,23.724487,1
fixed_t1,3917,15.745186,1
fixed_t1,3918,31.224435,1
fixed_t1,3919,10.804305,1
fixed_t1,3920,16.362164,1
fixed_t1,3921,5.334587,1
fixed_t1,3922,11.567525,1
fixed_t1,3923,10.743605,1
fixed_t1,3924,12.337271,1
fixed_t1,3925,10.215438,1
fixed_t1,3926,7.034029,1
fixed_t1,3927,20.671403,1
fixed_t1,3928,10.210281,1
fixed_t1,3929,7.058869,1
fixed_t1,3930,12.097701,1
fixed_t1,3931,9.054043,1
fixed_t1,3932,14.110852,1
fixed_t1,3933,9.463982,1
fixed_t1,3934,10.729041,1
fixed_t1,3935,16.283517,1
fixed_t1,3936,7.950576,1
fixed_t1,3937,19.214593,1
fixed_t1,3938,5.138325,1
fixed_t1,3939,6.890352,1
fixed_t1,3940,16.366241,1
fixed_t1,3941,20.423798,1
fixed_t1,3942,12.354735,1
fixed_t1,3943,21.922120,1
fixed_t1,3944,24.496157,1
fixed_t1,3945,7.301692,1
fixed_t1,3946,20.380738,1
fixed_t1,3947,19.437449,1
fixed_t1,3948,14.382572,1
fixed_t1,3949,6.745284,1
fixed_t1,3950,18.388699,1
fixed_t1,3951,14.891975,1
fixed_t1,3952,12.593760,1
fixed_t1,3953,9.857751,1
fixed_t1,3954,13.699136,1
fixed_t1,3955,7.781224,1
fixed_t1,3956,11.378681,1
fixed_t1,3957,7.130932,1
fixed_t1,3958,10.865453,1
fixed_t1,3959,12.541756,1
fixed_t1,3960,18.982449,1
fixed_t1,3961,9.603570,1
fixed_t1,3962,9.984875,1
fixed_t1,3963,13.453718,1
fixed_t1,3964,32.422669,1
fixed_t1,3965,21.900264,1
fixed_t1,3966,13.666994,1
fixed_t1,3967,18.754047,1
fixed_t1,3968,10.953845,1
fixed_t1,3969,11.022926,1
fixed_t1,3970,10.617201,1
fixed_t1,3971,5.942267,1
fixed_t1,3972,15.875937,1
fixed_t1,3973,7.409625,1
fixed_t1,3974,9.161167,1
fixed_t1,3975,9.065589,1
fixed_t1,3976,14.629970,1
fixed_t1,3977,9.238785,1
fixed_t1,3978,14.351153,1
fixed_t1,3979,6.273541,1
fixed_t1,3980,8.390146,1
fixed_t1,3981,13.095722,1
fixed_t1,3982,30.108189,1
fixed_t1,3983,10.818568,1
fixed_t1,3984,12.605764,1
fixed_t1,3985,13.166420,1
fixed_t1,3986,10.940570,1
fixed_t1,3987,9.383850,1
fixed_t1,3988,16.991586,1
fixed_t1,3989,13.191721,1
fixed_t1,3990,5.842300,1
fixed_t1,3991,11.793966,1
fixed_t1,3992,6.764209,1
fixed_t1,3993,18.119873,1
fixed_t1,3994,7.326455,1
fixed_t1,3995,7.835031,1
fixed_t1,3996,5.527839,1
fixed_t1,3997,18.362547,1
fixed_t1,3998,13.796054,1
fixed_t1,3999,13.749687,1
fixed_t1,4000,25.378826,1
fixed_t1,4001,8.602636,1
fixed_t1,4002,26.762118,1
fixed_t1,4003,12.514059,1
fixed_t1,4004,16.123877,1
fixed_t1,4005,15.279955,1
fixed_t1,4006,12.780896,1
fixed_t1,4007,21.154306,1
fixed_t1,4008,10.688729,1
fixed_t1,4009,14.926932,1
fixed_t1,4010,11.763113,1
fixed_t1,4011,6.445365,1
fixed_t1,4012,8.171875,1
fixed_t1,4013,13.760394,1
fixed_t1,4014,11.344533,1
fixed_t1,4015,11.422788,1
fixed_t1,4016,17.268266,1
fixed_t1,4017,19.259323,1
fixed_t1,4018,22.567561,1
fixed_t1,4019,30.495928,1
fixed_t1,4020,15.147992,1
fixed_t1,4021,15.576313,1
fixed_t1,4022,19.638231,1
fixed_t1,4023,11.557997,1
fixed_t1,4024,14.731679,1
fixed_t1,4025,9.256814,1
fixed_t1,4026,8.755248,1
fixed_t1,4027,17.695900,1
fixed_t1,4028,14.897939,1
fixed_t1,4029,14.185166,1
fixed_t1,4030,16.696825,1
fixed_t1,4031,7.183851,1
fixed_t1,4032,9.415323,1
fixed_t1,4033,27.750690,1
fixed_t1,4034,5.559931,1
fixed_t1,4035,11.542627,1
fixed_t1,4036,8.453741,1
fixed_t1,4037,15.437283,1
fixed_t1,4038,21.912230,1
fixed_t1,4039,8.784351,1
fixed_t1,4040,16.462891,1
fixed_t1,4041,6.622016,1
fixed_t1,4042,16.516563,1
fixed_t1,4043,6.869439,1
fixed_t1,4044,6.748217,1
fixed_t1,4045,9.630319,1
fixed_t1,4046,7.464231,1
fixed_t1,4047,10.778895,1
fixed_t1,4048,29.647617,1
fixed_t1,4049,22.654086,1
fixed_t1,4050,5.454794,1
fixed_t1,4051,17.355957,1
fixed_t1,4052,12.936190,1
fixed_t1,4053,11.256112,1
fixed_t1,4054,10.060934,1
fixed_t1,4055,45.045800,1
fixed_t1,4056,26.865631,1
fixed_t1,4057,9.397763,1
fixed_t1,4058,8.623268,1
fixed_t1,4059,4.904842,1
fixed_t1,4060,11.417294,1
fixed_t1,4061,9.057723,1
fixed_t1,4062,11.963745,1
fixed_t1,4063,15.195502,1
fixed_t1,4064,17.321062,1
fixed_t1,4065,16.678181,1
fixed_t1,4066,7.955034,1
fixed_t1,4067,11.857395,1
fixed_t1,4068,4.067876,1
fixed_t1,4069,18.271436,1
fixed_t1,4070,12.482879,1
fixed_t1,4071,13.235148,1
fixed_t1,4072,12.722819,1
fixed_t1,4073,9.376201,1
fixed_t1,4074,17.712582,1
fixed_t1,4075,15.411428,1
fixed_t1,4076,10.539671,1
fixed_t1,4077,15.708200,1
fixed_t1,4078,21.878674,1
fixed_t1,4079,13.643362,1
fixed_t1,4080,20.298868,1
fixed_t1,4081,21.134494,1
fixed_t1,4082,32.742968,1
fixed_t1,4083,19.307457,1
fixed_t1,4084,4.975742,1
fixed_t1,4085,10.305580,1
fixed_t1,4086,18.369192,1
fixed_t1,4087,13.925223,1
fixed_t1,4088,22.566068,1
fixed_t1,4089,8.229734,1
fixed_t1,4090,10.555894,1
fixed_t1,4091,8.356164,1
fixed_t1,4092,12.217129,1
fixed_t1,4093,14.362074,1
fixed_t1,4094,26.255991,1
fixed_t1,4095,8.459634,1
fixed_t1,4096,17.037944,1
fixed_t1,4097,21.986385,1
fixed_t1,4098,11.957822,1
fixed_t1,4099,22.994729,1
fixed_t1,4100,15.125018,1
fixed_t1,4101,24.412111,1
fixed_t1,4102,20.297449,1
fixed_t1,4103,17.705149,1
fixed_t1,4104,9.716797,1
fixed_t1,4105,18.725024,1
fixed_t1,4106,20.997850,1
fixed_t1,4107,9.691790,1
fixed_t1,4108,12.297793,1
fixed_t1,4109,6.802352,1
fixed_t1,4110,16.853875,1
fixed_t1,4111,11.969786,1
fixed_t1,4112,13.421455,1
fixed_t1,4113,4.807827,1
fixed_t1,4114,21.397163,1
fixed_t1,4115,8.572149,1
fixed_t1,4116,7.022437,1
fixed_t1,4117,23.282671,1
fixed_t1,4118,8.637417,1
fixed_t1,4119,24.573275,1
fixed_t1,4120,12.749878,1
fixed_t1,4121,22.832360,1
fixed_t1,4122,12.118575,1
fixed_t1,4123,19.298115,1
fixed_t1,4124,5.016926,1
fixed_t1,4125,20.055730,1
fixed_t1,4126,14.541736,1
fixed_t1,4127,37.318858,1
fixed_t1,4128,23.604163,1
fixed_t1,4129,10.521916,1
fixed_t1,4130,7.209448,1
fixed_t1,4131,20.514194,1
fixed_t1,4132,7.195808,1
fixed_t1,4133,19.705645,1
fixed_t1,4134,7.325789,1
fixed_t1,4135,13.023048,1
fixed_t1,4136,16.524041,1
fixed_t1,4137,8.522560,1
fixed_t1,4138,13.454221,1
fixed_t1,4139,9.577011,1
fixed_t1,4140,13.540307,1
fixed_t1,4141,26.733793,1
fixed_t1,4142,14.524375,1
fixed_t1,4143,27.014700,1
fixed_t1,4144,16.379103,1
fixed_t1,4145,9.009978,1
fixed_t1,4146,16.771813,1
fixed_t1,4147,13.577996,1
fixed_t1,4148,17.701864,1
fixed_t1,4149,16.665984,1
fixed_t1,4150,6.105593,1
fixed_t1,4151,9.474864,1
fixed_t1,4152,24.544238,1
fixed_t1,4153,11.877144,1
fixed_t1,4154,14.488168,1
fixed_t1,4155,25.286834,1
fixed_t1,4156,10.637380,1
fixed_t1,4157,15.448975,1
fixed_t1,4158,12.077248,1
fixed_t1,4159,6.025187,1
fixed_t1,4160,15.676152,1
fixed_t1,4161,14.422439,1
fixed_t1,4162,8.388126,1
fixed_t1,4163,13.507946,1
fixed_t1,4164,21.268487,1
fixed_t1,4165,11.619610,1
fixed_t1,4166,10.566870,1
fixed_t1,4167,7.581191,1
fixed_t1,4168,21.763708,1
fixed_t1,4169,8.588792,1
fixed_t1,4170,9.606477,1
fixed_t1,4171,14.157230,1
fixed_t1,4172,20.880104,1
fixed_t1,4173,11.841855,1
fixed_t1,4174,8.286358,1
fixed_t1,4175,13.233951,1
fixed_t1,4176,12.841611,1
fixed_t1,4177,7.810109,1
fixed_t1,4178,13.695803,1
fixed_t1,4179,10.075452,1
fixed_t1,4180,18.750626,1
fixed_t1,4181,15.229183,1
fixed_t1,4182,11.052606,1
fixed_t1,4183,15.786806,1
fixed_t1,4184,5.181848,1
fixed_t1,4185,19.939863,1
fixed_t1,4186,29.587184,1
fixed_t1,4187,17.201475,1
fixed_t1,4188,11.041120,1
fixed_t1,4189,18.114091,1
fixed_t1,4190,7.089452,1
fixed_t1,4191,9.808583,1
fixed_t1,4192,11.491807,1
fixed_t1,4193,13.411525,1
fixed_t1,4194,8.473414,1
fixed_t1,4195,4.737511,1
fixed_t1,4196,10.730939,1
fixed_t1,4197,20.750475,1
fixed_t1,4198,10.809545,1
fixed_t1,4199,11.835078,1
fixed_t1,4200,11.236086,1
fixed_t1,4201,11.644262,1
fixed_t1,4202,12.881054,1
fixed_t1,4203,8.071704,1
fixed_t1,4204,22.582142,1
fixed_t1,4205,4.408530,1
fixed_t1,4206,11.385346,1
fixed_t1,4207,24.544553,1
fixed_t1,4208,12.166034,1
fixed_t1,4209,13.825423,1
fixed_t1,4210,17.191095,1
fixed_t1,4211,9.939120,1
fixed_t1,4212,8.884442,1
fixed_t1,4213,8.843787,1
fixed_t1,4214,9.956508,1
fixed_t1,4215,14.787691,1
fixed_t1,4216,12.172897,1
fixed_t1,4217,10.417552,1
fixed_t1,4218,13.318372,1
fixed_t1,4219,16.990472,1
fixed_t1,4220,5.570447,1
fixed_t1,4221,13.734169,1
fixed_t1,4222,9.053764,1
fixed_t1,4223,16.270431,1
fixed_t1,4224,12.303743,1
fixed_t1,4225,12.885076,1
fixed_t1,4226,11.413883,1
fixed_t1,4227,6.318100,1
fixed_t1,4228,15.840462,1
fixed_t1,4229,10.646926,1
fixed_t1,4230,11.292088,1
fixed_t1,4231,14.175167,1
fixed_t1,4232,26.382976,1
fixed_t1,4233,10.579286,1
fixed_t1,4234,12.395074,1
fixed_t1,4235,22.985118,1
fixed_t1,4236,26.423328,1
fixed_t1,4237,17.933557,1
fixed_t1,4238,13.383362,1
fixed_t1,4239,8.734925,1
fixed_t1,4240,14.387316,1
fixed_t1,4241,15.863937,1
fixed_t1,4242,10.747600,1
fixed_t1,4243,8.264841,1
fixed_t1,4244,14.695603,1
fixed_t1,4245,14.736250,1
fixed_t1,4246,13.248275,1
fixed_t1,4247,18.906078,1
fixed_t1,4248,12.062903,1
fixed_t1,4249,17.566306,1
fixed_t1,4250,11.699477,1
fixed_t1,4251,14.009210,1
fixed_t1,4252,8.915724,1
fixed_t1,4253,6.888618,1
fixed_t1,4254,13.733391,1
fixed_t1,4255,18.882828,1
fixed_t1,4256,8.103563,1
fixed_t1,4257,17.837091,1
fixed_t1,4258,14.049318,1
fixed_t1,4259,12.221563,1
fixed_t1,4260,18.853680,1
fixed_t1,4261,8.605137,1
fixed_t1,4262,7.568458,1
fixed_t1,4263,11.494485,1
fixed_t1,4264,19.034169,1
fixed_t1,4265,6.928376,1
fixed_t1,4266,15.550273,1
fixed_t1,4267,8.856518,1
fixed_t1,4268,10.551272,1
fixed_t1,4269,17.987672,1
fixed_t1,4270,21.521299,1
fixed_t1,4271,10.275041,1
fixed_t1,4272,9.616550,1
fixed_t1,4273,7.202150,1
fixed_t1,4274,9.485712,1
fixed_t1,4275,19.001557,1
fixed_t1,4276,13.507348,1
fixed_t1,4277,15.346981,1
fixed_t1,4278,19.819996,1
fixed_t1,4279,19.214955,1
fixed_t1,4280,6.653735,1
fixed_t1,4281,12.448228,1
fixed_t1,4282,12.327583,1
fixed_t1,4283,10.018616,1
fixed_t1,4284,15.308041,1
fixed_t1,4285,11.632122,1
fixed_t1,4286,10.957185,1
fixed_t1,4287,6.902429,1
fixed_t1,4288,6.375404,1
fixed_t1,4289,17.625484,1
fixed_t1,4290,11.876551,1
fixed_t1,4291,13.539846,1
fixed_t1,4292,8.982452,1
fixed_t1,4293,20.725687,1
fixed_t1,4294,7.028632,1
fixed_t1,4295,17.082581,1
fixed_t1,4296,11.818710,1
fixed_t1,4297,16.845410,1
fixed_t1,4298,20.018873,1
fixed_t1,4299,12.232189,1
fixed_t1,4300,25.079189,1
fixed_t1,4301,19.134310,1
fixed_t1,4302,12.223507,1
fixed_t1,4303,20.572169,1
fixed_t1,4304,10.372001,1
fixed_t1,4305,8.856188,1
fixed_t1,4306,11.311444,1
fixed_t1,4307,6.261795,1
fixed_t1,4308,18.822057,1
fixed_t1,4309,11.407039,1
fixed_t1,4310,5.091207,1
fixed_t1,4311,8.069952,1
fixed_t1,4312,13.575136,1
fixed_t1,4313,28.452892,1
fixed_t1,4314,11.142420,1
fixed_t1,4315,19.236910,1
fixed_t1,4316,9.687405,1
fixed_t1,4317,6.074623,1
fixed_t1,4318,14.301111,1
fixed_t1,4319,14.554638,1
fixed_t1,4320,12.213125,1
fixed_t1,4321,17.257184,1
fixed_t1,4322,26.374812,1
fixed_t1,4323,8.422250,1
fixed_t1,4324,15.049205,1
fixed_t1,4325,15.000714,1
fixed_t1,4326,17.161326,1
fixed_t1,4327,11.402284,1
fixed_t1,4328,4.721934,1
fixed_t1,4329,11.238354,1
fixed_t1,4330,29.165222,1
fixed_t1,4331,29.443524,1
fixed_t1,4332,7.054371,1
fixed_t1,4333,15.374942,1
fixed_t1,4334,20.559715,1
fixed_t1,4335,9.586261,1
fixed_t1,4336,12.899354,1
fixed_t1,4337,17.008710,1
fixed_t1,4338,14.411805,1
fixed_t1,4339,11.831841,1
fixed_t1,4340,9.976490,1
fixed_t1,4341,17.111885,1
fixed_t1,4342,27.431078,1
fixed_t1,4343,14.161711,1
fixed_t1,4344,21.692625,1
fixed_t1,4345,16.383730,1
fixed_t1,4346,8.589279,1
fixed_t1,4347,12.036037,1
fixed_t1,4348,8.520686,1
fixed_t1,4349,17.636072,1
fixed_t1,4350,16.454939,1
fixed_t1,4351,12.285924,1
fixed_t1,4352,16.449081,1
fixed_t1,4353,7.881180,1
fixed_t1,4354,10.986459,1
fixed_t1,4355,10.359342,1
fixed_t1,4356,21.689300,1
fixed_t1,4357,25.053508,1
fixed_t1,4358,18.857469,1
fixed_t1,4359,17.942393,1
fixed_t1,4360,17.228001,1
fixed_t1,4361,15.247757,1
fixed_t1,4362,7.866188,1
fixed_t1,4363,10.477124,1
fixed_t1,4364,12.689085,1
fixed_t1,4365,11.835238,1
fixed_t1,4366,9.881192,1
fixed_t1,4367,10.415290,1
fixed_t1,4368,12.621241,1
fixed_t1,4369,18.907142,1
fixed_t1,4370,10.032879,1
fixed_t1,4371,9.863987,1
fixed_t1,4372,23.447844,1
fixed_t1,4373,11.944630,1
fixed_t1,4374,12.339612,1
fixed_t1,4375,7.705426,1
fixed_t1,4376,13.838853,1
fixed_t1,4377,10.521451,1
fixed_t1,4378,11.791089,1
fixed_t1,4379,22.365375,1
fixed_t1,4380,11.997741,1
fixed_t1,4381,18.229883,1
fixed_t1,4382,16.628622,1
fixed_t1,4383,11.174044,1
fixed_t1,4384,6.292378,1
fixed_t1,4385,9.687332,1
fixed_t1,4386,19.215077,1
fixed_t1,4387,16.723675,1
fixed_t1,4388,11.610323,1
fixed_t1,4389,26.848738,1
fixed_t1,4390,13.641044,1
fixed_t1,4391,12.170466,1
fixed_t1,4392,4.934363,1
fixed_t1,4393,15.425789,1
fixed_t1,4394,11.517059,1
fixed_t1,4395,22.185557,1
fixed_t1,4396,9.103462,1
fixed_t1,4397,17.724750,1
fixed_t1,4398,8.236523,1
fixed_t1,4399,14.853967,1
fixed_t1,4400,16.781669,1
fixed_t1,4401,9.914446,1
fixed_t1,4402,8.722507,1
fixed_t1,4403,10.163599,1
fixed_t1,4404,8.618718,1
fixed_t1,4405,19.403007,1
fixed_t1,4406,11.124689,1
fixed_t1,4407,11.581593,1
fixed_t1,4408,13.520169,1
fixed_t1,4409,20.326851,1
fixed_t1,4410,9.146758,1
fixed_t1,4411,11.831451,1
fixed_t1,4412,9.174678,1
fixed_t1,4413,12.777607,1
fixed_t1,4414,28.793363,1
fixed_t1,4415,8.154936,1
fixed_t1,4416,14.127026,1
fixed_t1,4417,13.882401,1
fixed_t1,4418,16.019628,1
fixed_t1,4419,11.709032,1
fixed_t1,4420,13.144017,1
fixed_t1,4421,19.522582,1
fixed_t1,4422,18.086557,1
fixed_t1,4423,9.867169,1
fixed_t1,4424,25.484501,1
fixed_t1,4425,13.346868,1
fixed_t1,4426,13.270764,1
fixed_t1,4427,19.511725,1
fixed_t1,4428,5.676550,1
fixed_t1,4429,9.574825,1
fixed_t1,4430,11.360256,1
fixed_t1,4431,13.666456,1
fixed_t1,4432,20.490950,1
fixed_t1,4433,8.556605,1
fixed_t1,4434,23.669988,1
fixed_t1,4435,13.011685,1
fixed_t1,4436,9.495238,1
fixed_t1,4437,13.594462,1
fixed_t1,4438,18.497951,1
fixed_t1,4439,16.631336,1
fixed_t1,4440,13.484835,1
fixed_t1,4441,7.451799,1
fixed_t1,4442,24.211167,1
fixed_t1,4443,13.585000,1
fixed_t1,4444,11.440064,1
fixed_t1,4445,7.720947,1
fixed_t1,4446,14.495108,1
fixed_t1,4447,22.770221,1
fixed_t1,4448,19.368173,1
fixed_t1,4449,4.460050,1
fixed_t1,4450,13.149598,1
fixed_t1,4451,10.947227,1
fixed_t1,4452,10.213120,1
fixed_t1,4453,19.215396,1
fixed_t1,4454,14.373373,1
fixed_t1,4455,6.327771,1
fixed_t1,4456,13.702103,1
fixed_t1,4457,6.839792,1
fixed_t1,4458,18.678819,1
fixed_t1,4459,12.497675,1
fixed_t1,4460,8.690385,1
fixed_t1,4461,7.869079,1
fixed_t1,4462,7.080629,1
fixed_t1,4463,18.477381,1
fixed_t1,4464,19.875698,1
fixed_t1,4465,8.164999,1
fixed_t1,4466,11.904864,1
fixed_t1,4467,4.778246,1
fixed_t1,4468,15.393610,1
fixed_t1,4469,6.925482,1
fixed_t1,4470,24.184113,1
fixed_t1,4471,10.688215,1
fixed_t1,4472,9.047398,1
fixed_t1,4473,22.492278,1
fixed_t1,4474,13.823124,1
fixed_t1,4475,9.130599,1
fixed_t1,4476,16.870658,1
fixed_t1,4477,3.345709,1
fixed_t1,4478,12.745937,1
fixed_t1,4479,8.542791,1
fixed_t1,4480,9.024909,1
fixed_t1,4481,13.202530,1
fixed_t1,4482,7.263493,1
fixed_t1,4483,8.594809,1
fixed_t1,4484,13.157604,1
fixed_t1,4485,10.029732,1
fixed_t1,4486,11.602815,1
fixed_t1,4487,15.131138,1
fixed_t1,4488,10.739779,1
fixed_t1,4489,25.402517,1
fixed_t1,4490,8.915886,1
fixed_t1,4491,9.074706,1
fixed_t1,4492,21.723267,1
fixed_t1,4493,12.741421,1
fixed_t1,4494,9.344259,1
fixed_t1,4495,5.448556,1
fixed_t1,4496,20.373615,1
fixed_t1,4497,11.497926,1
fixed_t1,4498,13.018266,1
fixed_t1,4499,26.140709,1
fixed_t1,4500,7.171760,1
fixed_t1,4501,8.708418,1
fixed_t1,4502,16.673140,1
fixed_t1,4503,10.811670,1
fixed_t1,4504,7.980062,1
fixed_t1,4505,11.830049,1
fixed_t1,4506,15.507179,1
fixed_t1,4507,12.558993,1
fixed_t1,4508,11.536012,1
fixed_t1,4509,9.843046,1
fixed_t1,4510,20.583397,1
fixed_t1,4511,22.066534,1
fixed_t1,4512,8.299250,1
fixed_t1,4513,11.455418,1
fixed_t1,4514,11.147695,1
fixed_t1,4515,14.485738,1
fixed_t1,4516,14.737676,1
fixed_t1,4517,15.059299,1
fixed_t1,4518,17.580691,1
fixed_t1,4519,12.644076,1
fixed_t1,4520,8.794296,1
fixed_t1,4521,11.895068,1
fixed_t1,4522,13.468303,1
fixed_t1,4523,16.909601,1
fixed_t1,4524,5.096091,1
fixed_t1,4525,9.750782,1
fixed_t1,4526,19.661749,1
fixed_t1,4527,13.038451,1
fixed_t1,4528,13.773001,1
fixed_t1,4529,9.671519,1
fixed_t1,4530,17.856630,1
fixed_t1,4531,11.236596,1
fixed_t1,4532,7.931647,1
fixed_t1,4533,10.127243,1
fixed_t1,4534,12.152012,1
fixed_t1,4535,13.033659,1
fixed_t1,4536,7.806073,1
fixed_t1,4537,13.528785,1
fixed_t1,4538,4.456154,1
fixed_t1,4539,19.257819,1
fixed_t1,4540,12.349138,1
fixed_t1,4541,15.175126,1
fixed_t1,4542,11.546789,1
fixed_t1,4543,13.446788,1
fixed_t1,4544,10.599727,1
fixed_t1,4545,10.999933,1
fixed_t1,4546,19.653843,1
fixed_t1,4547,7.571566,1
fixed_t1,4548,12.103807,1
fixed_t1,4549,7.550733,1
fixed_t1,4550,8.524606,1
fixed_t1,4551,8.274798,1
fixed_t1,4552,21.336053,1
fixed_t1,4553,11.624673,1
fixed_t1,4554,10.990936,1
fixed_t1,4555,9.668492,1
fixed_t1,4556,13.221060,1
fixed_t1,4557,19.285501,1
fixed_t1,4558,9.227640,1
fixed_t1,4559,10.381750,1
fixed_t1,4560,8.457220,1
fixed_t1,4561,10.955084,1
fixed_t1,4562,7.816980,1
fixed_t1,4563,10.059208,1
fixed_t1,4564,11.452506,1
fixed_t1,4565,7.329110,1
fixed_t1,4566,16.883938,1
fixed_t1,4567,13.335036,1
fixed_t1,4568,12.581847,1
fixed_t1,4569,8.392753,1
fixed_t1,4570,16.004880,1
fixed_t1,4571,9.210942,1
fixed_t1,4572,14.878486,1
fixed_t1,4573,11.454835,1
fixed_t1,4574,9.237648,1
fixed_t1,4575,6.786184,1
fixed_t1,4576,11.830594,1
fixed_t1,4577,22.984916,1
fixed_t1,4578,11.871102,1
fixed_t1,4579,7.792019,1
fixed_t1,4580,8.428204,1
fixed_t1,4581,30.602869,1
fixed_t1,4582,13.643560,1
fixed_t1,4583,17.071488,1
fixed_t1,4584,6.289827,1
fixed_t1,4585,17.646275,1
fixed_t1,4586,10.906532,1
fixed_t1,4587,13.345691,1
fixed_t1,4588,7.940640,1
fixed_t1,4589,16.802827,1
fixed_t1,4590,11.621934,1
fixed_t1,4591,4.895520,1
fixed_t1,4592,13.866622,1
fixed_t1,4593,8.981171,1
fixed_t1,4594,8.118042,1
fixed_t1,4595,12.572232,1
fixed_t1,4596,15.198782,1
fixed_t1,4597,7.176377,1
fixed_t1,4598,15.236802,1
fixed_t1,4599,9.122368,1
fixed_t1,4600,11.529467,1
fixed_t1,4601,16.018146,1
fixed_t1,4602,10.400939,1
fixed_t1,4603,11.301227,1
fixed_t1,4604,23.904134,1
fixed_t1,4605,5.304998,1
fixed_t1,4606,15.873554,1
fixed_t1,4607,12.541127,1
fixed_t1,4608,9.754015,1
fixed_t1,4609,9.605900,1
fixed_t1,4610,13.577680,1
fixed_t1,4611,8.750164,1
fixed_t1,4612,16.189013,1
fixed_t1,4613,12.387565,1
fixed_t1,4614,15.371689,1
fixed_t1,4615,8.896475,1
fixed_t1,4616,14.547210,1
fixed_t1,4617,10.774524,1
fixed_t1,4618,10.558562,1
fixed_t1,4619,26.476824,1
fixed_t1,4620,11.353829,1
fixed_t1,4621,15.728646,1
fixed_t1,4622,15.615863,1
fixed_t1,4623,16.299142,1
fixed_t1,4624,7.641420,1
fixed_t1,4625,7.748035,1
fixed_t1,4626,14.168362,1
fixed_t1,4627,13.808856,1
fixed_t1,4628,13.602513,1
fixed_t1,4629,23.352621,1
fixed_t1,4630,14.399864,1
fixed_t1,4631,7.764230,1
fixed_t1,4632,15.721363,1
fixed_t1,4633,19.435177,1
fixed_t1,4634,13.964075,1
fixed_t1,4635,9.213100,1
fixed_t1,4636,16.419457,1
fixed_t1,4637,9.553673,1
fixed_t1,4638,18.895350,1
fixed_t1,4639,12.951969,1
fixed_t1,4640,8.669816,1
fixed_t1,4641,15.264684,1
fixed_t1,4642,17.947918,1
fixed_t1,4643,20.548613,1
fixed_t1,4644,8.805071,1
fixed_t1,4645,9.569042,1
fixed_t1,4646,4.247264,1
fixed_t1,4647,27.382115,1
fixed_t1,4648,12.069547,1
fixed_t1,4649,17.396095,1
fixed_t1,4650,12.265646,1
fixed_t1,4651,10.378745,1
fixed_t1,4652,18.957604,1
fixed_t1,4653,10.369494,1
fixed_t1,4654,15.515097,1
fixed_t1,4655,10.089137,1
fixed_t1,4656,29.740955,1
fixed_t1,4657,14.893962,1
fixed_t1,4658,15.185855,1
fixed_t1,4659,4.974121,1
fixed_t1,4660,23.407681,1
fixed_t1,4661,18.753766,1
fixed_t1,4662,5.097575,1
fixed_t1,4663,10.742820,1
fixed_t1,4664,12.205715,1
fixed_t1,4665,13.027821,1
fixed_t1,4666,16.428063,1
fixed_t1,4667,10.326066,1
fixed_t1,4668,18.932708,1
fixed_t1,4669,9.289406,1
fixed_t1,4670,11.270757,1
fixed_t1,4671,19.357259,1
fixed_t1,4672,19.773622,1
fixed_t1,4673,10.428410,1
fixed_t1,4674,20.502263,1
fixed_t1,4675,12.747767,1
fixed_t1,4676,17.175910,1
fixed_t1,4677,13.064383,1
fixed_t1,4678,11.808684,1
fixed_t1,4679,13.148455,1
fixed_t1,4680,12.195685,1
fixed_t1,4681,15.732904,1
fixed_t1,4682,10.215425,1
fixed_t1,4683,6.460579,1
fixed_t1,4684,11.037294,1
fixed_t1,4685,15.025503,1
fixed_t1,4686,14.694144,1
fixed_t1,4687,14.542477,1
fixed_t1,4688,21.300683,1
fixed_t1,4689,14.421802,1
fixed_t1,4690,14.427759,1
fixed_t1,4691,9.111024,1
fixed_t1,4692,8.044189,1
fixed_t1,4693,8.826566,1
fixed_t1,4694,10.766303,1
fixed_t1,4695,5.687023,1
fixed_t1,4696,11.440280,1
fixed_t1,4697,14.730611,1
fixed_t1,4698,15.354089,1
fixed_t1,4699,6.031528,1
fixed_t1,4700,14.443110,1
fixed_t1,4701,15.550542,1
fixed_t1,4702,9.239776,1
fixed_t1,4703,12.694557,1
fixed_t1,4704,24.424419,1
fixed_t1,4705,18.762207,1
fixed_t1,4706,12.080613,1
fixed_t1,4707,18.731362,1
fixed_t1,4708,14.276326,1
fixed_t1,4709,13.860197,1
fixed_t1,4710,13.901692,1
fixed_t1,4711,17.297156,1
fixed_t1,4712,10.138960,1
fixed_t1,4713,13.685136,1
fixed_t1,4714,13.058711,1
fixed_t1,4715,8.021248,1
fixed_t1,4716,15.158814,1
fixed_t1,4717,22.869492,1
fixed_t1,4718,11.934396,1
fixed_t1,4719,11.141024,1
fixed_t1,4720,12.879650,1
fixed_t1,4721,14.765527,1
fixed_t1,4722,14.191538,1
fixed_t1,4723,16.397535,1
fixed_t1,4724,11.045904,1
fixed_t1,4725,15.316647,1
fixed_t1,4726,8.646171,1
fixed_t1,4727,14.634574,1
fixed_t1,4728,20.271312,1
fixed_t1,4729,9.923034,1
fixed_t1,4730,11.615562,1
fixed_t1,4731,9.387975,1
fixed_t1,4732,13.808018,1
fixed_t1,4733,16.299782,1
fixed_t1,4734,10.854676,1
fixed_t1,4735,11.585389,1
fixed_t1,4736,8.987397,1
fixed_t1,4737,14.423378,1
fixed_t1,4738,16.123643,1
fixed_t1,4739,8.486851,1
fixed_t1,4740,5.454301,1
fixed_t1,4741,10.619338,1
fixed_t1,4742,12.311323,1
fixed_t1,4743,12.097569,1
fixed_t1,4744,16.866568,1
fixed_t1,4745,15.541061,1
fixed_t1,4746,8.427373,1
fixed_t1,4747,8.455916,1
fixed_t1,4748,5.607519,1
fixed_t1,4749,25.780967,1
fixed_t1,4750,7.566567,1
fixed_t1,4751,6.230744,1
fixed_t1,4752,13.749667,1
fixed_t1,4753,7.572850,1
fixed_t1,4754,11.544271,1
fixed_t1,4755,7.486367,1
fixed_t1,4756,13.845549,1
fixed_t1,4757,8.504049,1
fixed_t1,4758,8.908018,1
fixed_t1,4759,8.948730,1
fixed_t1,4760,11.511665,1
fixed_t1,4761,13.638686,1
fixed_t1,4762,10.136549,1
fixed_t1,4763,22.048383,1
fixed_t1,4764,17.848363,1
fixed_t1,4765,8.849723,1
fixed_t1,4766,8.210284,1
fixed_t1,4767,20.634537,1
fixed_t1,4768,18.808131,1
fixed_t1,4769,15.935819,1
fixed_t1,4770,7.461361,1
fixed_t1,4771,12.248942,1
fixed_t1,4772,8.758992,1
fixed_t1,4773,13.505371,1
fixed_t1,4774,10.640546,1
fixed_t1,4775,23.520409,1
fixed_t1,4776,12.489177,1
fixed_t1,4777,14.014849,1
fixed_t1,4778,11.098229,1
fixed_t1,4779,12.270623,1
fixed_t1,4780,20.550942,1
fixed_t1,4781,9.972131,1
fixed_t1,4782,10.237351,1
fixed_t1,4783,7.434533,1
fixed_t1,4784,7.869605,1
fixed_t1,4785,15.193700,1
fixed_t1,4786,19.801701,1
fixed_t1,4787,29.344030,1
fixed_t1,4788,11.175783,1
fixed_t1,4789,15.228490,1
fixed_t1,4790,10.098181,1
fixed_t1,4791,15.380372,1
fixed_t1,4792,14.864626,1
fixed_t1,4793,3.625637,1
fixed_t1,4794,17.647050,1
fixed_t1,4795,13.884890,1
fixed_t1,4796,13.535327,1
fixed_t1,4797,12.450698,1
fixed_t1,4798,5.842572,1
fixed_t1,4799,25.084537,1
fixed_t1,4800,9.734969,1
fixed_t1,4801,6.517580,1
fixed_t1,4802,4.152193,1
fixed_t1,4803,16.604823,1
fixed_t1,4804,7.056834,1
fixed_t1,4805,43.269034,1
fixed_t1,4806,22.186822,1
fixed_t1,4807,6.563967,1
fixed_t1,4808,9.220370,1
fixed_t1,4809,10.107089,1
fixed_t1,4810,29.269395,1
fixed_t1,4811,10.578619,1
fixed_t1,4812,10.600040,1
fixed_t1,4813,28.320368,1
fixed_t1,4814,13.146564,1
fixed_t1,4815,13.667375,1
fixed_t1,4816,22.577657,1
fixed_t1,4817,12.620665,1
fixed_t1,4818,14.616751,1
fixed_t1,4819,18.831690,1
fixed_t1,4820,13.830210,1
fixed_t1,4821,13.594318,1
fixed_t1,4822,13.982286,1
fixed_t1,4823,21.923800,1
fixed_t1,4824,21.128369,1
fixed_t1,4825,7.069262,1
fixed_t1,4826,29.477830,1
fixed_t1,4827,9.656374,1
fixed_t1,4828,11.453219,1
fixed_t1,4829,22.572480,1
fixed_t1,4830,6.430412,1
fixed_t1,4831,16.605166,1
fixed_t1,4832,10.524285,1
fixed_t1,4833,14.464617,1
fixed_t1,4834,10.234374,1
fixed_t1,4835,18.541691,1
fixed_t1,4836,7.870193,1
fixed_t1,4837,18.993490,1
fixed_t1,4838,15.708814,1
fixed_t1,4839,12.995063,1
fixed_t1,4840,15.040310,1
fixed_t1,4841,13.922016,1
fixed_t1,4842,11.118378,1
fixed_t1,4843,3.476079,1
fixed_t1,4844,11.986600,1
fixed_t1,4845,15.756686,1
fixed_t1,4846,10.135497,1
fixed_t1,4847,14.039027,1
fixed_t1,4848,6.530722,1
fixed_t1,4849,9.621683,1
fixed_t1,4850,17.889578,1
fixed_t1,4851,10.955588,1
fixed_t1,4852,15.863001,1
fixed_t1,4853,5.970658,1
fixed_t1,4854,12.083922,1
fixed_t1,4855,10.616285,1
fixed_t1,4856,12.070128,1
fixed_t1,4857,12.045800,1
fixed_t1,4858,11.209621,1
fixed_t1,4859,7.911381,1
fixed_t1,4860,17.103233,1
fixed_t1,4861,24.740727,1
fixed_t1,4862,16.963344,1
fixed_t1,4863,8.740659,1
fixed_t1,4864,30.088192,1
fixed_t1,4865,6.953042,1
fixed_t1,4866,16.010368,1
fixed_t1,4867,8.204131,1
fixed_t1,4868,17.659797,1
fixed_t1,4869,13.984552,1
fixed_t1,4870,13.064388,1
fixed_t1,4871,15.961083,1
fixed_t1,4872,15.203532,1
fixed_t1,4873,9.661496,1
fixed_t1,4874,10.382577,1
fixed_t1,4875,12.769061,1
fixed_t1,4876,17.311234,1
fixed_t1,4877,16.058866,1
fixed_t1,4878,19.683059,1
fixed_t1,4879,10.890289,1
fixed_t1,4880,13.963906,1
fixed_t1,4881,17.715086,1
fixed_t1,4882,17.845778,1
fixed_t1,4883,11.742952,1
fixed_t1,4884,11.578673,1
fixed_t1,4885,8.625459,1
fixed_t1,4886,17.153140,1
fixed_t1,4887,11.362776,1
fixed_t1,4888,14.648889,1
fixed_t1,4889,13.996529,1
fixed_t1,4890,9.264631,1
fixed_t1,4891,8.760465,1
fixed_t1,4892,12.158863,1
fixed_t1,4893,11.356448,1
fixed_t1,4894,11.373916,1
fixed_t1,4895,9.728261,1
fixed_t1,4896,9.955942,1
fixed_t1,4897,8.399022,1
fixed_t1,4898,9.760142,1
fixed_t1,4899,10.522568,1
fixed_t1,4900,11.385267,1
fixed_t1,4901,10.472706,1
fixed_t1,4902,13.765056,1
fixed_t1,4903,22.559941,1
fixed_t1,4904,13.903716,1
fixed_t1,4905,27.670661,1
fixed_t1,4906,13.506160,1
fixed_t1,4907,18.782006,1
fixed_t1,4908,8.778489,1
fixed_t1,4909,10.840878,1
fixed_t1,4910,12.870908,1
fixed_t1,4911,9.137284,1
fixed_t1,4912,18.457571,1
fixed_t1,4913,12.744254,1
fixed_t1,4914,7.441346,1
fixed_t1,4915,4.843070,1
fixed_t1,4916,19.136434,1
fixed_t1,4917,24.473551,1
fixed_t1,4918,9.731187,1
fixed_t1,4919,4.612749,1
fixed_t1,4920,12.177975,1
fixed_t1,4921,21.751591,1
fixed_t1,4922,13.982827,1
fixed_t1,4923,7.816546,1
fixed_t1,4924,27.980586,1
fixed_t1,4925,18.692341,1
fixed_t1,4926,17.093525,1
fixed_t1,4927,7.026003,1
fixed_t1,4928,18.124819,1
fixed_t1,4929,7.195532,1
fixed_t1,4930,12.549003,1
fixed_t1,4931,8.681111,1
fixed_t1,4932,5.245433,1
fixed_t1,4933,40.271605,1
fixed_t1,4934,12.954465,1
fixed_t1,4935,12.537683,1
fixed_t1,4936,25.823525,1
fixed_t1,4937,6.664846,1
fixed_t1,4938,12.277278,1
fixed_t1,4939,12.595728,1
fixed_t1,4940,6.384959,1
fixed_t1,4941,10.170753,1
fixed_t1,4942,11.626591,1
fixed_t1,4943,10.689866,1
fixed_t1,4944,17.665245,1
fixed_t1,4945,10.367908,1
fixed_t1,4946,19.502661,1
fixed_t1,4947,10.360755,1
fixed_t1,4948,24.020764,1
fixed_t1,4949,11.279750,1
fixed_t1,4950,18.825659,1
fixed_t1,4951,11.378457,1
fixed_t1,4952,8.724747,1
fixed_t1,4953,6.264090,1
fixed_t1,4954,7.270588,1
fixed_t1,4955,24.290008,1
fixed_t1,4956,9.006444,1
fixed_t1,4957,19.158798,1
fixed_t1,4958,24.282649,1
fixed_t1,4959,14.374720,1
fixed_t1,4960,15.132977,1
fixed_t1,4961,13.720647,1
fixed_t1,4962,15.038831,1
fixed_t1,4963,10.353878,1
fixed_t1,4964,9.211750,1
fixed_t1,4965,12.039833,1
fixed_t1,4966,11.650638,1
fixed_t1,4967,7.339192,1
fixed_t1,4968,30.212942,1
fixed_t1,4969,10.387077,1
fixed_t1,4970,8.734809,1
fixed_t1,4971,5.373012,1
fixed_t1,4972,15.411037,1
fixed_t1,4973,16.976451,1
fixed_t1,4974,13.452513,1
fixed_t1,4975,16.686432,1
fixed_t1,4976,8.319763,1
fixed_t1,4977,21.721794,1
fixed_t1,4978,22.203925,1
fixed_t1,4979,9.281809,1
fixed_t1,4980,9.195782,1
fixed_t1,4981,13.150250,1
fixed_t1,4982,12.467818,1
fixed_t1,4983,13.147494,1
fixed_t1,4984,15.070171,1
fixed_t1,4985,11.451591,1
fixed_t1,4986,14.477146,1
fixed_t1,4987,7.197121,1
fixed_t1,4988,14.363674,1
fixed_t1,4989,13.094550,1
fixed_t1,4990,21.010390,1
fixed_t1,4991,11.857432,1
fixed_t1,4992,8.698948,1
fixed_t1,4993,17.793822,1
fixed_t1,4994,6.244872,1
fixed_t1,4995,8.085744,1
fixed_t1,4996,19.732129,1
fixed_t1,4997,26.369826,1
fixed_t1,4998,17.917960,1
fixed_t1,4999,13.810880,1
fixed_t1,5000,20.421269,1
fixed_t1,5001,8.471709,1
fixed_t1,5002,36.544546,1
fixed_t1,5003,19.842477,1
fixed_t1,5004,13.522576,1
fixed_t1,5005,11.414084,1
fixed_t1,5006,8.894725,1
fixed_t1,5007,8.311595,1
fixed_t1,5008,8.694189,1
fixed_t1,5009,9.068333,1
fixed_t1,5010,25.505446,1
fixed_t1,5011,9.783185,1
fixed_t1,5012,13.152504,1
fixed_t1,5013,13.100596,1
fixed_t1,5014,11.341952,1
fixed_t1,5015,11.445316,1
fixed_t1,5016,9.024780,1
fixed_t1,5017,6.354480,1
fixed_t1,5018,22.916590,1
fixed_t1,5019,19.925603,1
fixed_t1,5020,9.863604,1
fixed_t1,5021,12.671119,1
fixed_t1,5022,6.930050,1
fixed_t1,5023,18.415129,1
fixed_t1,5024,15.739380,1
fixed_t1,5025,11.622874,1
fixed_t1,5026,8.216546,1
fixed_t1,5027,6.597236,1
fixed_t1,5028,14.543294,1
fixed_t1,5029,12.200663,1
fixed_t1,5030,14.762650,1
fixed_t1,5031,12.731792,1
fixed_t1,5032,12.362461,1
fixed_t1,5033,11.576262,1
fixed_t1,5034,11.394445,1
fixed_t1,5035,8.135766,1
fixed_t1,5036,9.437861,1
fixed_t1,5037,22.956065,1
fixed_t1,5038,6.266831,1
fixed_t1,5039,11.194856,1
fixed_t1,5040,33.127669,1
fixed_t1,5041,12.883811,1
fixed_t1,5042,14.627196,1
fixed_t1,5043,10.905406,1
fixed_t1,5044,6.405378,1
fixed_t1,5045,7.222428,1
fixed_t1,5046,11.671784,1
fixed_t1,5047,13.096354,1
fixed_t1,5048,11.174773,1
fixed_t1,5049,9.271369,1
fixed_t1,5050,13.051957,1
fixed_t1,5051,12.144191,1
fixed_t1,5052,4.709937,1
fixed_t1,5053,4.772295,1
fixed_t1,5054,8.526268,1
fixed_t1,5055,13.956850,1
fixed_t1,5056,10.651526,1
fixed_t1,5057,16.501968,1
fixed_t1,5058,14.659305,1
fixed_t1,5059,11.709574,1
fixed_t1,5060,13.188462,1
fixed_t1,5061,12.933127,1
fixed_t1,5062,11.025787,1
fixed_t1,5063,13.134644,1
fixed_t1,5064,20.832777,1
fixed_t1,5065,13.319824,1
fixed_t1,5066,18.504297,1
fixed_t1,5067,24.708420,1
fixed_t1,5068,12.897201,1
fixed_t1,5069,11.649088,1
fixed_t1,5070,5.961646,1
fixed_t1,5071,6.870496,1
fixed_t1,5072,14.334677,1
fixed_t1,5073,9.792606,1
fixed_t1,5074,8.688930,1
fixed_t1,5075,9.751083,1
fixed_t1,5076,8.134709,1
fixed_t1,5077,18.666839,1
fixed_t1,5078,8.503651,1
fixed_t1,5079,15.688836,1
fixed_t1,5080,25.541665,1
fixed_t1,5081,27.640968,1
fixed_t1,5082,5.817137,1
fixed_t1,5083,11.727030,1
fixed_t1,5084,10.090444,1
fixed_t1,5085,9.154582,1
fixed_t1,5086,8.072464,1
fixed_t1,5087,8.555948,1
fixed_t1,5088,6.175157,1
fixed_t1,5089,9.129093,1
fixed_t1,5090,11.756030,1
fixed_t1,5091,10.624028,1
fixed_t1,5092,14.539615,1
fixed_t1,5093,12.308275,1
fixed_t1,5094,9.558903,1
fixed_t1,5095,8.565977,1
fixed_t1,5096,12.124500,1
fixed_t1,5097,14.944986,1
fixed_t1,5098,17.705682,1
fixed_t1,5099,9.087381,1
fixed_t1,5100,11.136203,1
fixed_t1,5101,12.189206,1
fixed_t1,5102,6.930663,1
fixed_t1,5103,9.774898,1
fixed_t1,5104,6.233119,1
fixed_t1,5105,15.589405,1
fixed_t1,5106,20.630709,1
fixed_t1,5107,7.139984,1
fixed_t1,5108,8.306932,1
fixed_t1,5109,12.314634,1
fixed_t1,5110,12.010919,1
fixed_t1,5111,10.121195,1
fixed_t1,5112,7.790512,1
fixed_t1,5113,14.553151,1
fixed_t1,5114,12.676509,1
fixed_t1,5115,15.960053,1
fixed_t1,5116,12.458268,1
fixed_t1,5117,11.413525,1
fixed_t1,5118,10.532540,1
fixed_t1,5119,13.891825,1
fixed_t1,5120,28.672278,1
fixed_t1,5121,11.994561,1
fixed_t1,5122,9.377768,1
fixed_t1,5123,15.453501,1
fixed_t1,5124,20.094505,1
fixed_t1,5125,19.283078,1
fixed_t1,5126,4.975505,1
fixed_t1,5127,8.639704,1
fixed_t1,5128,17.748693,1
fixed_t1,5129,9.631102,1
fixed_t1,5130,8.003835,1
fixed_t1,5131,14.080381,1
fixed_t1,5132,15.504478,1
fixed_t1,5133,11.033647,1
fixed_t1,5134,8.208169,1
fixed_t1,5135,12.573655,1
fixed_t1,5136,16.249995,1
fixed_t1,5137,14.569371,1
fixed_t1,5138,14.720881,1
fixed_t1,5139,16.600540,1
fixed_t1,5140,11.724806,1
fixed_t1,5141,6.391626,1
fixed_t1,5142,16.089926,1
fixed_t1,5143,15.598686,1
fixed_t1,5144,12.536518,1
fixed_t1,5145,34.027866,1
fixed_t1,5146,10.052414,1
fixed_t1,5147,16.258281,1
fixed_t1,5148,25.025846,1
fixed_t1,5149,16.659424,1
fixed_t1,5150,12.395378,1
fixed_t1,5151,10.871549,1
fixed_t1,5152,25.166664,1
fixed_t1,5153,13.814377,1
fixed_t1,5154,10.535985,1
fixed_t1,5155,10.394078,1
fixed_t1,5156,15.363545,1
fixed_t1,5157,6.708799,1
fixed_t1,5158,12.929836,1
fixed_t1,5159,21.839572,1
fixed_t1,5160,15.966191,1
fixed_t1,5161,7.321174,1
fixed_t1,5162,16.316662,1
fixed_t1,5163,15.273833,1
fixed_t1,5164,8.734783,1
fixed_t1,5165,16.826369,1
fixed_t1,5166,8.710065,1
fixed_t1,5167,9.937455,1
fixed_t1,5168,18.480173,1
fixed_t1,5169,10.758520,1
fixed_t1,5170,8.105822,1
fixed_t1,5171,15.773657,1
fixed_t1,5172,12.960179,1
fixed_t1,5173,17.829849,1
fixed_t1,5174,10.998885,1
fixed_t1,5175,7.007333,1
fixed_t1,5176,12.171101,1
fixed_t1,5177,11.219038,1
fixed_t1,5178,8.844873,1
fixed_t1,5179,9.108156,1
fixed_t1,5180,12.065377,1
fixed_t1,5181,16.254289,1
fixed_t1,5182,19.362707,1
fixed_t1,5183,12.638439,1
fixed_t1,5184,14.077875,1
fixed_t1,5185,10.015269,1
fixed_t1,5186,4.385373,1
fixed_t1,5187,14.053851,1
fixed_t1,5188,6.863081,1
fixed_t1,5189,17.565654,1
fixed_t1,5190,17.394716,1
fixed_t1,5191,14.624920,1
fixed_t1,5192,11.050631,1
fixed_t1,5193,14.312868,1
fixed_t1,5194,21.068316,1
fixed_t1,5195,13.185986,1
fixed_t1,5196,13.017544,1
fixed_t1,5197,6.995844,1
fixed_t1,5198,14.073349,1
fixed_t1,5199,12.113123,1
fixed_t1,5200,11.067698,1
fixed_t1,5201,19.143626,1
fixed_t1,5202,16.011905,1
fixed_t1,5203,18.601018,1
fixed_t1,5204,8.862304,1
fixed_t1,5205,11.501374,1
fixed_t1,5206,13.281317,1
fixed_t1,5207,11.859673,1
fixed_t1,5208,13.606517,1
fixed_t1,5209,13.871554,1
fixed_t1,5210,11.658398,1
fixed_t1,5211,10.008123,1
fixed_t1,5212,11.753656,1
fixed_t1,5213,8.423804,1
fixed_t1,5214,6.965701,1
fixed_t1,5215,9.123265,1
fixed_t1,5216,12.985624,1
fixed_t1,5217,26.338408,1
fixed_t1,5218,14.509432,1
fixed_t1,5219,10.224794,1
fixed_t1,5220,9.640396,1
fixed_t1,5221,23.032515,1
fixed_t1,5222,24.627338,1
fixed_t1,5223,12.398436,1
fixed_t1,5224,11.414234,1
fixed_t1,5225,12.919822,1
fixed_t1,5226,12.842783,1
fixed_t1,5227,10.961569,1
fixed_t1,5228,13.033174,1
fixed_t1,5229,13.451454,1
fixed_t1,5230,9.452034,1
fixed_t1,5231,7.849565,1
fixed_t1,5232,12.620834,1
fixed_t1,5233,5.179236,1
fixed_t1,5234,12.224983,1
fixed_t1,5235,13.003514,1
fixed_t1,5236,14.178690,1
fixed_t1,5237,17.744484,1
fixed_t1,5238,10.763691,1
fixed_t1,5239,18.640787,1
fixed_t1,5240,9.303530,1
fixed_t1,5241,12.345219,1
fixed_t1,5242,16.681178,1
fixed_t1,5243,11.637471,1
fixed_t1,5244,8.406601,1
fixed_t1,5245,9.602971,1
fixed_t1,5246,23.074238,1
fixed_t1,5247,13.832443,1
fixed_t1,5248,13.395991,1
fixed_t1,5249,8.614114,1
fixed_t1,5250,7.244209,1
fixed_t1,5251,6.528167,1
fixed_t1,5252,7.439917,1
fixed_t1,5253,7.330778,1
fixed_t1,5254,5.948697,1
fixed_t1,5255,8.257982,1
fixed_t1,5256,14.032409,1
fixed_t1,5257,14.894103,1
fixed_t1,5258,9.991214,1
fixed_t1,5259,25.203649,1
fixed_t1,5260,16.877145,1
fixed_t1,5261,11.367721,1
fixed_t1,5262,14.357980,1
fixed_t1,5263,7.848492,1
fixed_t1,5264,7.912973,1
fixed_t1,5265,10.010349,1
fixed_t1,5266,11.108398,1
fixed_t1,5267,9.161357,1
fixed_t1,5268,14.128778,1
fixed_t1,5269,14.303451,1
fixed_t1,5270,7.774346,1
fixed_t1,5271,17.428247,1
fixed_t1,5272,18.368272,1
fixed_t1,5273,18.931561,1
fixed_t1,5274,12.953030,1
fixed_t1,5275,7.180373,1
fixed_t1,5276,24.944032,1
fixed_t1,5277,9.133420,1
fixed_t1,5278,12.714493,1
fixed_t1,5279,11.909146,1
fixed_t1,5280,19.379164,1
fixed_t1,5281,21.268117,1
fixed_t1,5282,9.076118,1
fixed_t1,5283,15.997160,1
fixed_t1,5284,16.671172,1
fixed_t1,5285,8.295361,1
fixed_t1,5286,8.663258,1
fixed_t1,5287,19.893627,1
fixed_t1,5288,9.445690,1
fixed_t1,5289,18.612169,1
fixed_t1,5290,20.208022,1
fixed_t1,5291,8.319683,1
fixed_t1,5292,15.454253,1
fixed_t1,5293,18.749507,1
fixed_t1,5294,11.701108,1
fixed_t1,5295,15.376211,1
fixed_t1,5296,11.876925,1
fixed_t1,5297,8.524981,1
fixed_t1,5298,18.840289,1
fixed_t1,5299,11.938736,1
fixed_t1,5300,10.666370,1
fixed_t1,5301,22.219500,1
fixed_t1,5302,5.871506,1
fixed_t1,5303,8.038901,1
fixed_t1,5304,8.193727,1
fixed_t1,5305,7.067818,1
fixed_t1,5306,5.919569,1
fixed_t1,5307,10.461815,1
fixed_t1,5308,14.793700,1
fixed_t1,5309,15.615274,1
fixed_t1,5310,7.648862,1
fixed_t1,5311,15.892848,1
fixed_t1,5312,21.448759,1
fixed_t1,5313,15.914084,1
fixed_t1,5314,25.456767,1
fixed_t1,5315,11.291643,1
fixed_t1,5316,11.640579,1
fixed_t1,5317,11.328281,1
fixed_t1,5318,9.089522,1
fixed_t1,5319,14.606905,1
fixed_t1,5320,19.459153,1
fixed_t1,5321,12.268038,1
fixed_t1,5322,9.977682,1
fixed_t1,5323,10.295628,1
fixed_t1,5324,9.548806,1
fixed_t1,5325,23.178783,1
fixed_t1,5326,7.329590,1
fixed_t1,5327,13.393478,1
fixed_t1,5328,41.441480,1
fixed_t1,5329,25.089468,1
fixed_t1,5330,18.605774,1
fixed_t1,5331,15.264158,1
fixed_t1,5332,11.539635,1
fixed_t1,5333,26.156330,1
fixed_t1,5334,22.038879,1
fixed_t1,5335,14.385971,1
fixed_t1,5336,8.370620,1
fixed_t1,5337,9.476887,1
fixed_t1,5338,20.970997,1
fixed_t1,5339,13.796867,1
fixed_t1,5340,11.192547,1
fixed_t1,5341,13.413276,1
fixed_t1,5342,19.248353,1
fixed_t1,5343,10.389077,1
fixed_t1,5344,10.808539,1
fixed_t1,5345,21.495319,1
fixed_t1,5346,22.195765,1
fixed_t1,5347,8.110495,1
fixed_t1,5348,7.476100,1
fixed_t1,5349,30.002685,1
fixed_t1,5350,18.800273,1
fixed_t1,5351,23.001132,1
fixed_t1,5352,10.521275,1
fixed_t1,5353,30.298476,1
fixed_t1,5354,16.978816,1
fixed_t1,5355,21.005573,1
fixed_t1,5356,13.907263,1
fixed_t1,5357,22.367667,1
fixed_t1,5358,15.679240,1
fixed_t1,5359,6.752139,1
fixed_t1,5360,16.713901,1
fixed_t1,5361,11.204262,1
fixed_t1,5362,11.773498,1
fixed_t1,5363,3.624188,1
fixed_t1,5364,14.125368,1
fixed_t1,5365,14.274485,1
fixed_t1,5366,13.398279,1
fixed_t1,5367,19.364498,1
fixed_t1,5368,18.999862,1
fixed_t1,5369,9.854327,1
fixed_t1,5370,8.868398,1
fixed_t1,5371,20.892066,1
fixed_t1,5372,11.794904,1
fixed_t1,5373,11.346531,1
fixed_t1,5374,8.831322,1
fixed_t1,5375,12.443928,1
fixed_t1,5376,14.406318,1
fixed_t1,5377,11.822447,1
fixed_t1,5378,9.009677,1
fixed_t1,5379,20.382411,1
fixed_t1,5380,10.773117,1
fixed_t1,5381,18.779410,1
fixed_t1,5382,14.574859,1
fixed_t1,5383,10.041375,1
fixed_t1,5384,9.926694,1
fixed_t1,5385,9.565853,1
fixed_t1,5386,6.700032,1
fixed_t1,5387,7.750331,1
fixed_t1,5388,23.096033,1
fixed_t1,5389,12.911293,1
fixed_t1,5390,9.247959,1
fixed_t1,5391,19.852755,1
fixed_t1,5392,9.371222,1
fixed_t1,5393,18.109817,1
fixed_t1,5394,16.589687,1
fixed_t1,5395,6.887141,1
fixed_t1,5396,18.952864,1
fixed_t1,5397,9.077028,1
fixed_t1,5398,13.759184,1
fixed_t1,5399,19.920553,1
fixed_t1,5400,5.973282,1
fixed_t1,5401,12.990212,1
fixed_t1,5402,15.782482,1
fixed_t1,5403,17.267926,1
fixed_t1,5404,23.742791,1
fixed_t1,5405,13.517296,1
fixed_t1,5406,17.055199,1
fixed_t1,5407,8.532763,1
fixed_t1,5408,17.027016,1
fixed_t1,5409,9.029850,1
fixed_t1,5410,10.968347,1
fixed_t1,5411,5.155180,1
fixed_t1,5412,9.656997,1
fixed_t1,5413,11.296943,1
fixed_t1,5414,14.695852,1
fixed_t1,5415,5.762041,1
fixed_t1,5416,11.727536,1
fixed_t1,5417,22.988036,1
fixed_t1,5418,15.992206,1
fixed_t1,5419,7.594552,1
fixed_t1,5420,14.073774,1
fixed_t1,5421,16.108783,1
fixed_t1,5422,5.353590,1
fixed_t1,5423,12.514325,1
fixed_t1,5424,13.111968,1
fixed_t1,5425,14.293780,1
fixed_t1,5426,25.370465,1
fixed_t1,5427,16.880666,1
fixed_t1,5428,19.471692,1
fixed_t1,5429,14.665101,1
fixed_t1,5430,10.556982,1
fixed_t1,5431,17.264316,1
fixed_t1,5432,8.082300,1
fixed_t1,5433,20.192250,1
fixed_t1,5434,22.564766,1
fixed_t1,5435,12.584561,1
fixed_t1,5436,11.371703,1
fixed_t1,5437,10.032898,1
fixed_t1,5438,11.834757,1
fixed_t1,5439,18.485384,1
fixed_t1,5440,19.205726,1
fixed_t1,5441,11.016753,1
fixed_t1,5442,13.579538,1
fixed_t1,5443,12.848453,1
fixed_t1,5444,38.440759,1
fixed_t1,5445,19.474675,1
fixed_t1,5446,11.245186,1
fixed_t1,5447,12.724254,1
fixed_t1,5448,7.850955,1
fixed_t1,5449,7.484971,1
fixed_t1,5450,18.590301,1
fixed_t1,5451,14.755106,1
fixed_t1,5452,8.238419,1
fixed_t1,5453,34.096743,1
fixed_t1,5454,10.064631,1
fixed_t1,5455,11.375389,1
fixed_t1,5456,13.845379,1
fixed_t1,5457,14.081067,1
fixed_t1,5458,13.750057,1
fixed_t1,5459,8.949795,1
fixed_t1,5460,4.715877,1
fixed_t1,5461,9.804671,1
fixed_t1,5462,24.083370,1
fixed_t1,5463,5.914886,1
fixed_t1,5464,17.668645,1
fixed_t1,5465,14.291781,1
fixed_t1,5466,13.407379,1
fixed_t1,5467,7.774051,1
fixed_t1,5468,7.800363,1
fixed_t1,5469,11.489979,1
fixed_t1,5470,8.869271,1
fixed_t1,5471,11.423879,1
fixed_t1,5472,9.992057,1
fixed_t1,5473,17.643514,1
fixed_t1,5474,18.142917,1
fixed_t1,5475,23.438487,1
fixed_t1,5476,17.035862,1
fixed_t1,5477,13.754714,1
fixed_t1,5478,12.079517,1
fixed_t1,5479,10.680714,1
fixed_t1,5480,8.667744,1
fixed_t1,5481,17.248742,1
fixed_t1,5482,18.964360,1
fixed_t1,5483,13.373029,1
fixed_t1,5484,11.871632,1
fixed_t1,5485,18.913556,1
fixed_t1,5486,6.960850,1
fixed_t1,5487,12.777765,1
fixed_t1,5488,11.985980,1
fixed_t1,5489,16.891468,1
fixed_t1,5490,12.825356,1
fixed_t1,5491,16.631877,1
fixed_t1,5492,17.202420,1
fixed_t1,5493,23.929966,1
fixed_t1,5494,4.631996,1
fixed_t1,5495,12.039316,1
fixed_t1,5496,11.987996,1
fixed_t1,5497,8.840946,1
fixed_t1,5498,20.581371,1
fixed_t1,5499,5.257616,1
fixed_t1,5500,7.434750,1
fixed_t1,5501,18.842067,1
fixed_t1,5502,14.624815,1
fixed_t1,5503,17.276335,1
fixed_t1,5504,15.995062,1
fixed_t1,5505,29.569915,1
fixed_t1,5506,10.670359,1
fixed_t1,5507,6.547774,1
fixed_t1,5508,3.852292,1
fixed_t1,5509,6.807378,1
fixed_t1,5510,20.647246,1
fixed_t1,5511,30.758152,1
fixed_t1,5512,10.116311,1
fixed_t1,5513,7.958247,1
fixed_t1,5514,12.825498,1
fixed_t1,5515,16.663709,1
fixed_t1,5516,9.277027,1
fixed_t1,5517,12.624268,1
fixed_t1,5518,22.089751,1
fixed_t1,5519,12.202649,1
fixed_t1,5520,8.919816,1
fixed_t1,5521,8.115546,1
fixed_t1,5522,23.842045,1
fixed_t1,5523,20.597733,1
fixed_t1,5524,8.503212,1
fixed_t1,5525,9.118125,1
fixed_t1,5526,20.354896,1
fixed_t1,5527,8.899946,1
fixed_t1,5528,24.373062,1
fixed_t1,5529,12.933938,1
fixed_t1,5530,12.074147,1
fixed_t1,5531,12.831082,1
fixed_t1,5532,13.122415,1
fixed_t1,5533,14.422128,1
fixed_t1,5534,11.930862,1
fixed_t1,5535,13.142710,1
fixed_t1,5536,8.903415,1
fixed_t1,5537,10.556409,1
fixed_t1,5538,14.534811,1
fixed_t1,5539,4.045990,1
fixed_t1,5540,26.124721,1
fixed_t1,5541,8.606893,1
fixed_t1,5542,6.932384,1
fixed_t1,5543,16.573635,1
fixed_t1,5544,11.760049,1
fixed_t1,5545,17.373412,1
fixed_t1,5546,8.883299,1
fixed_t1,5547,18.095269,1
fixed_t1,5548,19.207052,1
fixed_t1,5549,17.279853,1
fixed_t1,5550,10.851045,1
fixed_t1,5551,9.647183,1
fixed_t1,5552,7.323185,1
fixed_t1,5553,7.180256,1
fixed_t1,5554,13.766755,1
fixed_t1,5555,19.330888,1
fixed_t1,5556,14.755607,1
fixed_t1,5557,14.664919,1
fixed_t1,5558,5.690666,1
fixed_t1,5559,18.124329,1
fixed_t1,5560,16.130766,1
fixed_t1,5561,9.389502,1
fixed_t1,5562,12.109636,1
fixed_t1,5563,14.005056,1
fixed_t1,5564,24.052232,1
fixed_t1,5565,18.828470,1
fixed_t1,5566,17.205059,1
fixed_t1,5567,6.204534,1
fixed_t1,5568,10.644920,1
fixed_t1,5569,6.427088,1
fixed_t1,5570,21.650304,1
fixed_t1,5571,14.912621,1
fixed_t1,5572,6.466243,1
fixed_t1,5573,9.932356,1
fixed_t1,5574,7.569696,1
fixed_t1,5575,23.441177,1
fixed_t1,5576,17.567516,1
fixed_t1,5577,6.090789,1
fixed_t1,5578,8.460408,1
fixed_t1,5579,9.972335,1
fixed_t1,5580,12.513607,1
fixed_t1,5581,8.091856,1
fixed_t1,5582,13.912346,1
fixed_t1,5583,7.677194,1
fixed_t1,5584,13.528432,1
fixed_t1,5585,43.655743,1
fixed_t1,5586,20.368312,1
fixed_t1,5587,13.750688,1
fixed_t1,5588,9.010321,1
fixed_t1,5589,8.146881,1
fixed_t1,5590,10.816878,1
fixed_t1,5591,18.380727,1
fixed_t1,5592,12.683280,1
fixed_t1,5593,20.149761,1
fixed_t1,5594,18.562566,1
fixed_t1,5595,13.191571,1
fixed_t1,5596,7.363520,1
fixed_t1,5597,15.409882,1
fixed_t1,5598,5.053595,1
fixed_t1,5599,9.573773,1
fixed_t1,5600,17.496703,1
fixed_t1,5601,13.540567,1
fixed_t1,5602,13.700811,1
fixed_t1,5603,13.187790,1
fixed_t1,5604,8.600402,1
fixed_t1,5605,10.901326,1
fixed_t1,5606,23.365630,1
fixed_t1,5607,14.766603,1
fixed_t1,5608,22.068468,1
fixed_t1,5609,10.038323,1
fixed_t1,5610,11.897008,1
fixed_t1,5611,14.906044,1
fixed_t1,5612,15.942481,1
fixed_t1,5613,7.033297,1
fixed_t1,5614,12.210460,1
fixed_t1,5615,7.825407,1
fixed_t1,5616,14.344934,1
fixed_t1,5617,32.998827,1
fixed_t1,5618,17.578520,1
fixed_t1,5619,10.593742,1
fixed_t1,5620,13.887703,1
fixed_t1,5621,7.410299,1
fixed_t1,5622,12.121893,1
fixed_t1,5623,15.870510,1
fixed_t1,5624,24.585633,1
fixed_t1,5625,8.711097,1
fixed_t1,5626,6.422698,1
fixed_t1,5627,18.821047,1
fixed_t1,5628,10.635169,1
fixed_t1,5629,7.656092,1
fixed_t1,5630,15.107302,1
fixed_t1,5631,11.056764,1
fixed_t1,5632,20.821619,1
fixed_t1,5633,10.424590,1
fixed_t1,5634,13.879234,1
fixed_t1,5635,12.531889,1
fixed_t1,5636,18.161556,1
fixed_t1,5637,14.009031,1
fixed_t1,5638,16.515085,1
fixed_t1,5639,11.719543,1
fixed_t1,5640,7.251852,1
fixed_t1,5641,12.387798,1
fixed_t1,5642,14.869448,1
fixed_t1,5643,6.048556,1
fixed_t1,5644,14.196610,1
fixed_t1,5645,9.772992,1
fixed_t1,5646,8.352095,1
fixed_t1,5647,15.631109,1
fixed_t1,5648,15.699974,1
fixed_t1,5649,8.371139,1
fixed_t1,5650,8.567717,1
fixed_t1,5651,17.090466,1
fixed_t1,5652,15.970630,1
fixed_t1,5653,18.670888,1
fixed_t1,5654,7.733286,1
fixed_t1,5655,16.219005,1
fixed_t1,5656,9.706803,1
fixed_t1,5657,25.519829,1
fixed_t1,5658,15.285293,1
fixed_t1,5659,6.106017,1
fixed_t1,5660,19.527288,1
fixed_t1,5661,32.199734,1
fixed_t1,5662,17.015869,1
fixed_t1,5663,6.814327,1
fixed_t1,5664,11.042061,1
fixed_t1,5665,18.708638,1
fixed_t1,5666,17.485737,1
fixed_t1,5667,19.580838,1
fixed_t1,5668,15.465194,1
fixed_t1,5669,24.850436,1
fixed_t1,5670,8.203445,1
fixed_t1,5671,20.486156,1
fixed_t1,5672,30.593603,1
fixed_t1,5673,10.539915,1
fixed_t1,5674,27.549112,1
fixed_t1,5675,7.225398,1
fixed_t1,5676,8.023050,1
fixed_t1,5677,8.410125,1
fixed_t1,5678,11.480358,1
fixed_t1,5679,7.926724,1
fixed_t1,5680,12.634143,1
fixed_t1,5681,9.345674,1
fixed_t1,5682,9.292605,1
fixed_t1,5683,13.266093,1
fixed_t1,5684,8.987825,1
fixed_t1,5685,26.239778,1
fixed_t1,5686,12.272523,1
fixed_t1,5687,15.387736,1
fixed_t1,5688,10.329052,1
fixed_t1,5689,10.045315,1
fixed_t1,5690,16.894349,1
fixed_t1,5691,17.203246,1
fixed_t1,5692,12.405910,1
fixed_t1,5693,9.578364,1
fixed_t1,5694,7.313928,1
fixed_t1,5695,9.186253,1
fixed_t1,5696,13.244686,1
fixed_t1,5697,5.669307,1
fixed_t1,5698,11.239559,1
fixed_t1,5699,10.342408,1
fixed_t1,5700,9.191200,1
fixed_t1,5701,23.218358,1
fixed_t1,5702,18.778404,1
fixed_t1,5703,20.292280,1
fixed_t1,5704,6.420717,1
fixed_t1,5705,12.315791,1
fixed_t1,5706,14.177300,1
fixed_t1,5707,10.884837,1
fixed_t1,5708,10.977962,1
fixed_t1,5709,20.383946,1
fixed_t1,5710,15.415814,1
fixed_t1,5711,20.922442,1
fixed_t1,5712,21.208895,1
fixed_t1,5713,12.406535,1
fixed_t1,5714,12.129091,1
fixed_t1,5715,9.449460,1
fixed_t1,5716,11.031880,1
fixed_t1,5717,13.502837,1
fixed_t1,5718,28.676934,1
fixed_t1,5719,10.411982,1
fixed_t1,5720,17.040413,1
fixed_t1,5721,10.236156,1
fixed_t1,5722,11.454919,1
fixed_t1,5723,6.076351,1
fixed_t1,5724,15.603745,1
fixed_t1,5725,9.787773,1
fixed_t1,5726,12.227170,1
fixed_t1,5727,16.907412,1
fixed_t1,5728,9.618256,1
fixed_t1,5729,19.723681,1
fixed_t1,5730,8.001976,1
fixed_t1,5731,11.344320,1
fixed_t1,5732,11.350186,1
fixed_t1,5733,11.345238,1
fixed_t1,5734,12.760725,1
fixed_t1,5735,9.640534,1
fixed_t1,5736,14.073033,1
fixed_t1,5737,13.736392,1
fixed_t1,5738,16.179547,1
fixed_t1,5739,16.499749,1
fixed_t1,5740,11.836750,1
fixed_t1,5741,16.533105,1
fixed_t1,5742,11.294508,1
fixed_t1,5743,8.594645,1
fixed_t1,5744,20.567914,1
fixed_t1,5745,15.393804,1
fixed_t1,5746,18.389426,1
fixed_t1,5747,16.995995,1
fixed_t1,5748,27.413466,1
fixed_t1,5749,10.700195,1
fixed_t1,5750,17.170980,1
fixed_t1,5751,13.991675,1
fixed_t1,5752,13.089442,1
fixed_t1,5753,11.304037,1
fixed_t1,5754,18.363662,1
fixed_t1,5755,10.163868,1
fixed_t1,5756,18.492338,1
fixed_t1,5757,14.325155,1
fixed_t1,5758,11.923876,1
fixed_t1,5759,11.564394,1
fixed_t1,5760,10.448558,1
fixed_t1,5761,15.282737,1
fixed_t1,5762,13.725811,1
fixed_t1,5763,10.918895,1
fixed_t1,5764,8.628344,1
fixed_t1,5765,6.643866,1
fixed_t1,5766,14.398454,1
fixed_t1,5767,8.086107,1
fixed_t1,5768,10.909086,1
fixed_t1,5769,19.735773,1
fixed_t1,5770,25.296718,1
fixed_t1,5771,7.862197,1
fixed_t1,5772,15.137636,1
fixed_t1,5773,18.398893,1
fixed_t1,5774,15.528161,1
fixed_t1,5775,6.797613,1
fixed_t1,5776,15.536687,1
fixed_t1,5777,11.645410,1
fixed_t1,5778,10.980757,1
fixed_t1,5779,15.834393,1
fixed_t1,5780,18.886197,1
fixed_t1,5781,20.282422,1
fixed_t1,5782,7.444007,1
fixed_t1,5783,7.306576,1
fixed_t1,5784,9.097186,1
fixed_t1,5785,13.243258,1
fixed_t1,5786,8.162269,1
fixed_t1,5787,10.635792,1
fixed_t1,5788,10.905901,1
fixed_t1,5789,11.426095,1
fixed_t1,5790,9.884146,1
fixed_t1,5791,10.409614,1
fixed_t1,5792,16.166967,1
fixed_t1,5793,14.373636,1
fixed_t1,5794,8.677214,1
fixed_t1,5795,6.445592,1
fixed_t1,5796,5.454210,1
fixed_t1,5797,25.755452,1
fixed_t1,5798,26.373708,1
fixed_t1,5799,12.522131,1
fixed_t1,5800,7.847334,1
fixed_t1,5801,9.776530,1
fixed_t1,5802,8.565991,1
fixed_t1,5803,18.890349,1
fixed_t1,5804,19.168622,1
fixed_t1,5805,7.336365,1
fixed_t1,5806,19.323504,1
fixed_t1,5807,16.266236,1
fixed_t1,5808,13.888868,1
fixed_t1,5809,7.873317,1
fixed_t1,5810,11.315320,1
fixed_t1,5811,9.430760,1
fixed_t1,5812,17.786492,1
fixed_t1,5813,16.113989,1
fixed_t1,5814,7.796210,1
fixed_t1,5815,5.578386,1
fixed_t1,5816,17.178756,1
fixed_t1,5817,11.905488,1
fixed_t1,5818,10.831274,1
fixed_t1,5819,12.243214,1
fixed_t1,5820,6.628908,1
fixed_t1,5821,7.692380,1
fixed_t1,5822,15.474098,1
fixed_t1,5823,8.043080,1
fixed_t1,5824,17.516168,1
fixed_t1,5825,15.643462,1
fixed_t1,5826,9.591346,1
fixed_t1,5827,13.218034,1
fixed_t1,5828,10.685952,1
fixed_t1,5829,9.863740,1
fixed_t1,5830,9.963969,1
fixed_t1,5831,15.042234,1
fixed_t1,5832,8.050141,1
fixed_t1,5833,9.133709,1
fixed_t1,5834,8.923124,1
fixed_t1,5835,15.308147,1
fixed_t1,5836,9.978975,1
fixed_t1,5837,11.524893,1
fixed_t1,5838,9.628256,1
fixed_t1,5839,13.248225,1
fixed_t1,5840,17.472692,1
fixed_t1,5841,9.902112,1
fixed_t1,5842,13.411642,1
fixed_t1,5843,15.108983,1
fixed_t1,5844,12.075689,1
fixed_t1,5845,36.737026,1
fixed_t1,5846,25.026260,1
fixed_t1,5847,12.182170,1
fixed_t1,5848,10.917734,1
fixed_t1,5849,18.056721,1
fixed_t1,5850,5.144652,1
fixed_t1,5851,20.822691,1
fixed_t1,5852,3.917881,1
fixed_t1,5853,21.789597,1
fixed_t1,5854,9.728209,1
fixed_t1,5855,5.165772,1
fixed_t1,5856,17.267515,1
fixed_t1,5857,12.114467,1
fixed_t1,5858,20.731071,1
fixed_t1,5859,13.775375,1
fixed_t1,5860,15.487405,1
fixed_t1,5861,9.327573,1
fixed_t1,5862,10.514876,1
fixed_t1,5863,11.239479,1
fixed_t1,5864,19.909516,1
fixed_t1,5865,8.765602,1
fixed_t1,5866,10.059232,1
fixed_t1,5867,18.462110,1
fixed_t1,5868,11.359769,1
fixed_t1,5869,22.147735,1
fixed_t1,5870,22.354805,1
fixed_t1,5871,9.106204,1
fixed_t1,5872,18.641976,1
fixed_t1,5873,25.191606,1
fixed_t1,5874,18.284980,1
fixed_t1,5875,8.226331,1
fixed_t1,5876,14.577277,1
fixed_t1,5877,16.775143,1
fixed_t1,5878,9.434983,1
fixed_t1,5879,13.445890,1
fixed_t1,5880,13.969240,1
fixed_t1,5881,16.723711,1
fixed_t1,5882,15.683191,1
fixed_t1,5883,7.124973,1
fixed_t1,5884,7.861891,1
fixed_t1,5885,14.625326,1
fixed_t1,5886,9.878608,1
fixed_t1,5887,10.393538,1
fixed_t1,5888,6.948644,1
fixed_t1,5889,17.053350,1
fixed_t1,5890,10.853012,1
fixed_t1,5891,6.425745,1
fixed_t1,5892,8.395061,1
fixed_t1,5893,22.660475,1
fixed_t1,5894,7.104015,1
fixed_t1,5895,8.537884,1
fixed_t1,5896,17.134080,1
fixed_t1,5897,19.702494,1
fixed_t1,5898,16.451027,1
fixed_t1,5899,21.039432,1
fixed_t1,5900,8.403290,1
fixed_t1,5901,14.085046,1
fixed_t1,5902,17.355260,1
fixed_t1,5903,17.934758,1
fixed_t1,5904,6.548753,1
fixed_t1,5905,19.843578,1
fixed_t1,5906,20.965849,1
fixed_t1,5907,10.652764,1
fixed_t1,5908,11.346816,1
fixed_t1,5909,7.682364,1
fixed_t1,5910,7.014448,1
fixed_t1,5911,18.966551,1
fixed_t1,5912,11.179814,1
fixed_t1,5913,9.218882,1
fixed_t1,5914,14.915666,1
fixed_t1,5915,11.511863,1
fixed_t1,5916,7.434058,1
fixed_t1,5917,10.211658,1
fixed_t1,5918,16.629207,1
fixed_t1,5919,27.766416,1
fixed_t1,5920,8.084113,1
fixed_t1,5921,11.367971,1
fixed_t1,5922,9.802029,1
fixed_t1,5923,16.039697,1
fixed_t1,5924,11.158577,1
fixed_t1,5925,8.920281,1
fixed_t1,5926,13.984006,1
fixed_t1,5927,16.202470,1
fixed_t1,5928,19.231997,1
fixed_t1,5929,8.825396,1
fixed_t1,5930,9.271749,1
fixed_t1,5931,15.622284,1
fixed_t1,5932,13.727179,1
fixed_t1,5933,12.464227,1
fixed_t1,5934,11.638586,1
fixed_t1,5935,11.633844,1
fixed_t1,5936,12.824919,1
fixed_t1,5937,13.529686,1
fixed_t1,5938,13.503339,1
fixed_t1,5939,16.603092,1
fixed_t1,5940,9.607118,1
fixed_t1,5941,35.937990,1
fixed_t1,5942,23.156079,1
fixed_t1,5943,7.667710,1
fixed_t1,5944,13.451528,1
fixed_t1,5945,8.971147,1
fixed_t1,5946,13.860064,1
fixed_t1,5947,11.112764,1
fixed_t1,5948,17.235462,1
fixed_t1,5949,19.748184,1
fixed_t1,5950,7.427482,1
fixed_t1,5951,15.692842,1
fixed_t1,5952,10.600947,1
fixed_t1,5953,21.973642,1
fixed_t1,5954,11.410754,1
fixed_t1,5955,24.236754,1
fixed_t1,5956,13.455109,1
fixed_t1,5957,13.506607,1
fixed_t1,5958,19.305762,1
fixed_t1,5959,11.295737,1
fixed_t1,5960,9.851970,1
fixed_t1,5961,6.541694,1
fixed_t1,5962,5.207327,1
fixed_t1,5963,25.781336,1
fixed_t1,5964,6.534091,1
fixed_t1,5965,11.983215,1
fixed_t1,5966,21.235586,1
fixed_t1,5967,6.487546,1
fixed_t1,5968,13.076417,1
fixed_t1,5969,6.431365,1
fixed_t1,5970,9.443331,1
fixed_t1,5971,14.964124,1
fixed_t1,5972,5.839442,1
fixed_t1,5973,21.566408,1
fixed_t1,5974,8.842321,1
fixed_t1,5975,5.555202,1
fixed_t1,5976,12.667691,1
fixed_t1,5977,13.017348,1
fixed_t1,5978,4.917091,1
fixed_t1,5979,11.411141,1
fixed_t1,5980,11.645738,1
fixed_t1,5981,10.416962,1
fixed_t1,5982,15.193278,1
fixed_t1,5983,17.242293,1
fixed_t1,5984,11.735912,1
fixed_t1,5985,12.778756,1
fixed_t1,5986,19.493550,1
fixed_t1,5987,9.658053,1
fixed_t1,5988,16.427092,1
fixed_t1,5989,10.401603,1
fixed_t1,5990,12.802518,1
fixed_t1,5991,8.120793,1
fixed_t1,5992,13.797019,1
fixed_t1,5993,6.578368,1
fixed_t1,5994,6.357841,1
fixed_t1,5995,23.302586,1
fixed_t1,5996,8.366487,1
fixed_t1,5997,6.445581,1
fixed_t1,5998,18.736714,1
fixed_t1,5999,19.483912,1
fixed_t1,6000,11.072945,1
fixed_t1,6001,18.140141,1
fixed_t1,6002,17.848282,1
fixed_t1,6003,10.042046,1
fixed_t1,6004,6.865227,1
fixed_t1,6005,11.854836,1
fixed_t1,6006,13.058217,1
fixed_t1,6007,7.633074,1
fixed_t1,6008,15.561975,1
fixed_t1,6009,17.158021,1
fixed_t1,6010,7.391552,1
fixed_t1,6011,20.786586,1
fixed_t1,6012,11.364156,1
fixed_t1,6013,12.709311,1
fixed_t1,6014,15.623290,1
fixed_t1,6015,10.671552,1
fixed_t1,6016,12.808412,1
fixed_t1,6017,17.348901,1
fixed_t1,6018,17.187651,1
fixed_t1,6019,11.371301,1
fixed_t1,6020,5.066609,1
fixed_t1,6021,9.357967,1
fixed_t1,6022,15.059278,1
fixed_t1,6023,8.460227,1
fixed_t1,6024,12.775590,1
fixed_t1,6025,11.924614,1
fixed_t1,6026,15.639290,1
fixed_t1,6027,5.889243,1
fixed_t1,6028,13.662640,1
fixed_t1,6029,17.193901,1
fixed_t1,6030,10.554054,1
fixed_t1,6031,15.306191,1
fixed_t1,6032,15.866931,1
fixed_t1,6033,21.027333,1
fixed_t1,6034,16.183220,1
fixed_t1,6035,16.810755,1
fixed_t1,6036,15.629800,1
fixed_t1,6037,17.966997,1
fixed_t1,6038,11.687680,1
fixed_t1,6039,17.825187,1
fixed_t1,6040,12.699758,1
fixed_t1,6041,21.943315,1
fixed_t1,6042,23.260101,1
fixed_t1,6043,16.089654,1
fixed_t1,6044,25.132068,1
fixed_t1,6045,10.140038,1
fixed_t1,6046,15.759394,1
fixed_t1,6047,10.061019,1
fixed_t1,6048,8.212443,1
fixed_t1,6049,19.841644,1
fixed_t1,6050,10.945740,1
fixed_t1,6051,21.433137,1
fixed_t1,6052,18.085574,1
fixed_t1,6053,11.513221,1
fixed_t1,6054,14.422764,1
fixed_t1,6055,9.844764,1
fixed_t1,6056,14.539729,1
fixed_t1,6057,8.812520,1
fixed_t1,6058,18.964018,1
fixed_t1,6059,4.930493,1
fixed_t1,6060,22.460134,1
fixed_t1,6061,23.230950,1
fixed_t1,6062,9.509433,1
fixed_t1,6063,17.818326,1
fixed_t1,6064,15.392104,1
fixed_t1,6065,11.208172,1
fixed_t1,6066,11.401275,1
fixed_t1,6067,8.045215,1
fixed_t1,6068,17.969081,1
fixed_t1,6069,11.516788,1
fixed_t1,6070,11.808754,1
fixed_t1,6071,17.254368,1
fixed_t1,6072,8.067899,1
fixed_t1,6073,10.498094,1
fixed_t1,6074,16.710976,1
fixed_t1,6075,18.769971,1
fixed_t1,6076,12.128903,1
fixed_t1,6077,7.637434,1
fixed_t1,6078,16.842585,1
fixed_t1,6079,16.425678,1
fixed_t1,6080,19.988140,1
fixed_t1,6081,14.719486,1
fixed_t1,6082,13.565704,1
fixed_t1,6083,17.269970,1
fixed_t1,6084,22.249839,1
fixed_t1,6085,9.299567,1
fixed_t1,6086,8.476241,1
fixed_t1,6087,11.573695,1
fixed_t1,6088,13.284368,1
fixed_t1,6089,13.030477,1
fixed_t1,6090,7.508358,1
fixed_t1,6091,24.106212,1
fixed_t1,6092,6.022900,1
fixed_t1,6093,12.718173,1
fixed_t1,6094,6.701379,1
fixed_t1,6095,8.166363,1
fixed_t1,6096,20.881563,1
fixed_t1,6097,5.861595,1
fixed_t1,6098,9.142986,1
fixed_t1,6099,19.136289,1
fixed_t1,6100,9.580579,1
fixed_t1,6101,6.540594,1
fixed_t1,6102,11.192454,1
fixed_t1,6103,9.577323,1
fixed_t1,6104,6.049740,1
fixed_t1,6105,14.608664,1
fixed_t1,6106,12.319677,1
fixed_t1,6107,10.804073,1
fixed_t1,6108,22.873560,1
fixed_t1,6109,13.122566,1
fixed_t1,6110,15.380220,1
fixed_t1,6111,17.317028,1
fixed_t1,6112,13.467452,1
fixed_t1,6113,15.283624,1
fixed_t1,6114,24.317261,1
fixed_t1,6115,12.473230,1
fixed_t1,6116,16.743454,1
fixed_t1,6117,9.801896,1
fixed_t1,6118,25.253088,1
fixed_t1,6119,8.400667,1
fixed_t1,6120,15.567947,1
fixed_t1,6121,11.912985,1
fixed_t1,6122,11.553331,1
fixed_t1,6123,19.111508,1
fixed_t1,6124,17.108101,1
fixed_t1,6125,16.579452,1
fixed_t1,6126,7.352910,1
fixed_t1,6127,9.398681,1
fixed_t1,6128,30.510739,1
fixed_t1,6129,10.380387,1
fixed_t1,6130,13.498081,1
fixed_t1,6131,11.251878,1
fixed_t1,6132,7.627764,1
fixed_t1,6133,14.111417,1
fixed_t1,6134,20.248628,1
fixed_t1,6135,16.142737,1
fixed_t1,6136,14.003580,1
fixed_t1,6137,11.920135,1
fixed_t1,6138,10.644968,1
fixed_t1,6139,9.157343,1
fixed_t1,6140,19.409332,1
fixed_t1,6141,9.213027,1
fixed_t1,6142,11.575354,1
fixed_t1,6143,13.739801,1
fixed_t1,6144,19.074817,1
fixed_t1,6145,9.924016,1
fixed_t1,6146,7.212685,1
fixed_t1,6147,33.483620,1
fixed_t1,6148,13.372585,1
fixed_t1,6149,12.681864,1
fixed_t1,6150,12.184301,1
fixed_t1,6151,9.470681,1
fixed_t1,6152,8.308387,1
fixed_t1,6153,19.282673,1
fixed_t1,6154,8.888840,1
fixed_t1,6155,13.445608,1
fixed_t1,6156,11.636509,1
fixed_t1,6157,38.553297,1
fixed_t1,6158,20.127931,1
fixed_t1,6159,14.422503,1
fixed_t1,6160,13.326927,1
fixed_t1,6161,16.145474,1
fixed_t1,6162,11.048985,1
fixed_t1,6163,19.847529,1
fixed_t1,6164,9.986290,1
fixed_t1,6165,7.046337,1
fixed_t1,6166,15.940760,1
fixed_t1,6167,8.903946,1
fixed_t1,6168,16.969499,1
fixed_t1,6169,14.089710,1
fixed_t1,6170,16.745389,1
fixed_t1,6171,13.834898,1
fixed_t1,6172,21.027285,1
fixed_t1,6173,11.882793,1
fixed_t1,6174,11.934386,1
fixed_t1,6175,11.309176,1
fixed_t1,6176,12.467236,1
fixed_t1,6177,11.324091,1
fixed_t1,6178,10.828174,1
fixed_t1,6179,6.012049,1
fixed_t1,6180,19.411760,1
fixed_t1,6181,20.241166,1
fixed_t1,6182,8.184545,1
fixed_t1,6183,12.630337,1
fixed_t1,6184,9.430745,1
fixed_t1,6185,22.615735,1
fixed_t1,6186,9.833466,1
fixed_t1,6187,10.878817,1
fixed_t1,6188,10.209318,1
fixed_t1,6189,16.346745,1
fixed_t1,6190,16.970087,1
fixed_t1,6191,4.171790,1
fixed_t1,6192,11.312745,1
fixed_t1,6193,12.550167,1
fixed_t1,6194,13.421813,1
fixed_t1,6195,10.093472,1
fixed_t1,6196,19.484328,1
fixed_t1,6197,9.020255,1
fixed_t1,6198,12.317946,1
fixed_t1,6199,9.865751,1
fixed_t1,6200,9.358645,1
fixed_t1,6201,8.968076,1
fixed_t1,6202,11.157976,1
fixed_t1,6203,15.518064,1
fixed_t1,6204,13.299686,1
fixed_t1,6205,19.850086,1
fixed_t1,6206,14.690978,1
fixed_t1,6207,12.083445,1
fixed_t1,6208,5.739150,1
fixed_t1,6209,11.779615,1
fixed_t1,6210,10.401440,1
fixed_t1,6211,18.329355,1
fixed_t1,6212,21.165562,1
fixed_t1,6213,13.909003,1
fixed_t1,6214,11.617188,1
fixed_t1,6215,13.800799,1
fixed_t1,6216,9.478458,1
fixed_t1,6217,15.912859,1
fixed_t1,6218,8.233854,1
fixed_t1,6219,11.834564,1
fixed_t1,6220,10.248373,1
fixed_t1,6221,8.972684,1
fixed_t1,6222,11.122392,1
fixed_t1,6223,16.276213,1
fixed_t1,6224,10.138713,1
fixed_t1,6225,7.775195,1
fixed_t1,6226,10.847690,1
fixed_t1,6227,15.520314,1
fixed_t1,6228,4.719343,1
fixed_t1,6229,21.363011,1
fixed_t1,6230,8.025468,1
fixed_t1,6231,9.686996,1
fixed_t1,6232,8.448514,1
fixed_t1,6233,4.763549,1
fixed_t1,6234,11.283897,1
fixed_t1,6235,9.313708,1
fixed_t1,6236,8.530153,1
fixed_t1,6237,16.198442,1
fixed_t1,6238,7.215224,1
fixed_t1,6239,22.971712,1
fixed_t1,6240,12.368667,1
fixed_t1,6241,10.988283,1
fixed_t1,6242,11.756597,1
fixed_t1,6243,5.643987,1
fixed_t1,6244,5.706578,1
fixed_t1,6245,10.172218,1
fixed_t1,6246,18.206351,1
fixed_t1,6247,13.706663,1
fixed_t1,6248,11.414898,1
fixed_t1,6249,9.443106,1
fixed_t1,6250,9.009370,1
fixed_t1,6251,17.421092,1
fixed_t1,6252,5.920134,1
fixed_t1,6253,8.430508,1
fixed_t1,6254,16.176806,1
fixed_t1,6255,10.923930,1
fixed_t1,6256,5.631850,1
fixed_t1,6257,10.722915,1
fixed_t1,6258,14.066672,1
fixed_t1,6259,6.904695,1
fixed_t1,6260,10.603220,1
fixed_t1,6261,20.919331,1
fixed_t1,6262,11.118055,1
fixed_t1,6263,14.181587,1
fixed_t1,6264,17.066537,1
fixed_t1,6265,25.709205,1
fixed_t1,6266,12.685104,1
fixed_t1,6267,10.365428,1
fixed_t1,6268,19.348875,1
fixed_t1,6269,12.574717,1
fixed_t1,6270,6.327483,1
fixed_t1,6271,8.761215,1
fixed_t1,6272,12.668777,1
fixed_t1,6273,11.608957,1
fixed_t1,6274,15.488126,1
fixed_t1,6275,13.876325,1
fixed_t1,6276,27.094227,1
fixed_t1,6277,13.018909,1
fixed_t1,6278,11.338062,1
fixed_t1,6279,16.877279,1
fixed_t1,6280,16.812692,1
fixed_t1,6281,15.725250,1
fixed_t1,6282,9.688665,1
fixed_t1,6283,22.544083,1
fixed_t1,6284,21.518003,1
fixed_t1,6285,17.787094,1
fixed_t1,6286,19.319213,1
fixed_t1,6287,9.614289,1
fixed_t1,6288,10.358646,1
fixed_t1,6289,12.269603,1
fixed_t1,6290,17.282021,1
fixed_t1,6291,8.120564,1
fixed_t1,6292,14.090504,1
fixed_t1,6293,25.738644,1
fixed_t1,6294,8.688421,1
fixed_t1,6295,11.953824,1
fixed_t1,6296,14.677857,1
fixed_t1,6297,9.698158,1
fixed_t1,6298,12.179324,1
fixed_t1,6299,11.333757,1
fixed_t1,6300,12.937531,1
fixed_t1,6301,15.447376,1
fixed_t1,6302,21.243919,1
fixed_t1,6303,19.707056,1
fixed_t1,6304,22.968031,1
fixed_t1,6305,23.758320,1
fixed_t1,6306,13.332051,1
fixed_t1,6307,19.892723,1
fixed_t1,6308,13.581506,1
fixed_t1,6309,17.699977,1
fixed_t1,6310,18.343725,1
fixed_t1,6311,21.542160,1
fixed_t1,6312,9.065910,1
fixed_t1,6313,16.480660,1
fixed_t1,6314,10.397031,1
fixed_t1,6315,13.606156,1
fixed_t1,6316,18.308129,1
fixed_t1,6317,18.753094,1
fixed_t1,6318,23.438470,1
fixed_t1,6319,9.557296,1
fixed_t1,6320,10.654353,1
fixed_t1,6321,11.168865,1
fixed_t1,6322,13.859418,1
fixed_t1,6323,4.876244,1
fixed_t1,6324,14.610258,1
fixed_t1,6325,14.384687,1
fixed_t1,6326,13.783697,1
fixed_t1,6327,5.930235,1
fixed_t1,6328,7.840970,1
fixed_t1,6329,10.787660,1
fixed_t1,6330,6.103026,1
fixed_t1,6331,22.172821,1
fixed_t1,6332,9.058595,1
fixed_t1,6333,23.706146,1
fixed_t1,6334,8.863038,1
fixed_t1,6335,11.196871,1
fixed_t1,6336,8.453060,1
fixed_t1,6337,8.989529,1
fixed_t1,6338,8.659211,1
fixed_t1,6339,3.993568,1
fixed_t1,6340,15.405014,1
fixed_t1,6341,8.852942,1
fixed_t1,6342,5.577344,1
fixed_t1,6343,17.579286,1
fixed_t1,6344,16.649611,1
fixed_t1,6345,9.705113,1
fixed_t1,6346,10.035027,1
fixed_t1,6347,17.628096,1
fixed_t1,6348,6.232171,1
fixed_t1,6349,8.838245,1
fixed_t1,6350,9.772038,1
fixed_t1,6351,15.407759,1
fixed_t1,6352,12.381367,1
fixed_t1,6353,7.170853,1
fixed_t1,6354,20.375934,1
fixed_t1,6355,7.891787,1
fixed_t1,6356,10.720297,1
fixed_t1,6357,7.429044,1
fixed_t1,6358,11.977487,1
fixed_t1,6359,28.429066,1
fixed_t1,6360,17.496163,1
fixed_t1,6361,9.213078,1
fixed_t1,6362,6.068358,1
fixed_t1,6363,5.052810,1
fixed_t1,6364,7.787885,1
fixed_t1,6365,9.025424,1
fixed_t1,6366,14.249053,1
fixed_t1,6367,16.240054,1
fixed_t1,6368,10.065792,1
fixed_t1,6369,8.622244,1
fixed_t1,6370,11.017615,1
fixed_t1,6371,20.112217,1
fixed_t1,6372,11.614386,1
fixed_t1,6373,15.821568,1
fixed_t1,6374,16.881704,1
fixed_t1,6375,17.962450,1
fixed_t1,6376,8.292233,1
fixed_t1,6377,6.475616,1
fixed_t1,6378,17.376178,1
fixed_t1,6379,17.483684,1
fixed_t1,6380,17.878803,1
fixed_t1,6381,15.368736,1
fixed_t1,6382,12.042250,1
fixed_t1,6383,13.415023,1
fixed_t1,6384,9.653419,1
fixed_t1,6385,10.373551,1
fixed_t1,6386,20.163608,1
fixed_t1,6387,5.759326,1
fixed_t1,6388,11.454697,1
fixed_t1,6389,4.636817,1
fixed_t1,6390,19.666182,1
fixed_t1,6391,10.590355,1
fixed_t1,6392,13.384420,1
fixed_t1,6393,14.309737,1
fixed_t1,6394,18.377777,1
fixed_t1,6395,15.629389,1
fixed_t1,6396,24.148920,1
fixed_t1,6397,5.006129,1
fixed_t1,6398,21.535283,1
fixed_t1,6399,19.151409,1
fixed_t1,6400,28.557076,1
fixed_t1,6401,21.358736,1
fixed_t1,6402,15.169444,1
fixed_t1,6403,11.661710,1
fixed_t1,6404,7.908847,1
fixed_t1,6405,16.309909,1
fixed_t1,6406,7.154777,1
fixed_t1,6407,5.970161,1
fixed_t1,6408,6.599956,1
fixed_t1,6409,9.126152,1
fixed_t1,6410,14.291600,1
fixed_t1,6411,12.786107,1
fixed_t1,6412,15.907306,1
fixed_t1,6413,16.273488,1
fixed_t1,6414,17.291773,1
fixed_t1,6415,16.568177,1
fixed_t1,6416,16.158978,1
fixed_t1,6417,14.929594,1
fixed_t1,6418,13.165320,1
fixed_t1,6419,20.233704,1
fixed_t1,6420,15.183481,1
fixed_t1,6421,16.939314,1
fixed_t1,6422,19.831018,1
fixed_t1,6423,8.907590,1
fixed_t1,6424,11.528989,1
fixed_t1,6425,13.723367,1
fixed_t1,6426,9.944433,1
fixed_t1,6427,21.223059,1
fixed_t1,6428,19.724671,1
fixed_t1,6429,4.512720,1
fixed_t1,6430,23.552495,1
fixed_t1,6431,8.841259,1
fixed_t1,6432,11.801751,1
fixed_t1,6433,21.263996,1
fixed_t1,6434,6.811989,1
fixed_t1,6435,9.104880,1
fixed_t1,6436,9.881637,1
fixed_t1,6437,14.013207,1
fixed_t1,6438,23.120485,1
fixed_t1,6439,5.317902,1
fixed_t1,6440,5.550463,1
fixed_t1,6441,7.851382,1
fixed_t1,6442,11.500415,1
fixed_t1,6443,9.544439,1
fixed_t1,6444,11.956823,1
fixed_t1,6445,14.892909,1
fixed_t1,6446,12.359401,1
fixed_t1,6447,13.204791,1
fixed_t1,6448,16.598816,1
fixed_t1,6449,10.361874,1
fixed_t1,6450,25.192394,1
fixed_t1,6451,10.803794,1
fixed_t1,6452,22.341978,1
fixed_t1,6453,10.268652,1
fixed_t1,6454,11.019950,1
fixed_t1,6455,12.387376,1
fixed_t1,6456,10.082444,1
fixed_t1,6457,20.868686,1
fixed_t1,6458,11.643546,1
fixed_t1,6459,2.847919,1
fixed_t1,6460,11.177512,1
fixed_t1,6461,7.996948,1
fixed_t1,6462,11.333559,1
fixed_t1,6463,10.819723,1
fixed_t1,6464,16.304513,1
fixed_t1,6465,12.715800,1
fixed_t1,6466,11.974467,1
fixed_t1,6467,9.592326,1
fixed_t1,6468,7.088940,1
fixed_t1,6469,9.052875,1
fixed_t1,6470,26.357624,1
fixed_t1,6471,9.312517,1
fixed_t1,6472,12.997319,1
fixed_t1,6473,10.501960,1
fixed_t1,6474,12.895344,1
fixed_t1,6475,18.400154,1
fixed_t1,6476,6.489585,1
fixed_t1,6477,13.406462,1
fixed_t1,6478,10.991639,1
fixed_t1,6479,11.990875,1
fixed_t1,6480,19.070129,1
fixed_t1,6481,21.501991,1
fixed_t1,6482,17.331045,1
fixed_t1,6483,6.772642,1
fixed_t1,6484,7.658561,1
fixed_t1,6485,13.382443,1
fixed_t1,6486,10.820734,1
fixed_t1,6487,16.472064,1
fixed_t1,6488,4.695705,1
fixed_t1,6489,8.928733,1
fixed_t1,6490,17.322437,1
fixed_t1,6491,7.021884,1
fixed_t1,6492,8.464683,1
fixed_t1,6493,16.824496,1
fixed_t1,6494,8.349150,1
fixed_t1,6495,7.972915,1
fixed_t1,6496,17.853938,1
fixed_t1,6497,26.541045,1
fixed_t1,6498,10.877521,1
fixed_t1,6499,16.969663,1
fixed_t1,6500,10.786507,1
fixed_t1,6501,13.880089,1
fixed_t1,6502,12.543202,1
fixed_t1,6503,18.794138,1
fixed_t1,6504,6.653558,1
fixed_t1,6505,5.449870,1
fixed_t1,6506,12.665054,1
fixed_t1,6507,25.484022,1
fixed_t1,6508,12.952168,1
fixed_t1,6509,10.799063,1
fixed_t1,6510,20.325372,1
fixed_t1,6511,11.139990,1
fixed_t1,6512,14.430835,1
fixed_t1,6513,11.729715,1
fixed_t1,6514,12.237116,1
fixed_t1,6515,11.678206,1
fixed_t1,6516,8.273046,1
fixed_t1,6517,12.870172,1
fixed_t1,6518,11.284252,1
fixed_t1,6519,8.532726,1
fixed_t1,6520,7.705176,1
fixed_t1,6521,11.837498,1
fixed_t1,6522,9.668167,1
fixed_t1,6523,13.355034,1
fixed_t1,6524,8.275452,1
fixed_t1,6525,11.891149,1
fixed_t1,6526,16.642033,1
fixed_t1,6527,20.481101,1
fixed_t1,6528,11.574141,1
fixed_t1,6529,6.943916,1
fixed_t1,6530,16.411872,1
fixed_t1,6531,14.992096,1
fixed_t1,6532,12.834273,1
fixed_t1,6533,21.919222,1
fixed_t1,6534,7.000908,1
fixed_t1,6535,25.683711,1
fixed_t1,6536,12.717800,1
fixed_t1,6537,14.115375,1
fixed_t1,6538,15.217992,1
fixed_t1,6539,15.545808,1
fixed_t1,6540,13.904427,1
fixed_t1,6541,7.690000,1
fixed_t1,6542,18.984141,1
fixed_t1,6543,24.089114,1
fixed_t1,6544,24.001957,1
fixed_t1,6545,13.943820,1
fixed_t1,6546,5.653195,1
fixed_t1,6547,12.377581,1
fixed_t1,6548,13.799913,1
fixed_t1,6549,5.695720,1
fixed_t1,6550,13.883053,1
fixed_t1,6551,9.361851,1
fixed_t1,6552,11.276099,1
fixed_t1,6553,13.526567,1
fixed_t1,6554,15.787137,1
fixed_t1,6555,23.086534,1
fixed_t1,6556,20.721731,1
fixed_t1,6557,11.692249,1
fixed_t1,6558,7.589694,1
fixed_t1,6559,14.991192,1
fixed_t1,6560,11.494820,1
fixed_t1,6561,16.949587,1
fixed_t1,6562,12.631054,1
fixed_t1,6563,12.891267,1
fixed_t1,6564,7.087066,1
fixed_t1,6565,24.309607,1
fixed_t1,6566,8.737774,1
fixed_t1,6567,6.552730,1
fixed_t1,6568,9.887396,1
fixed_t1,6569,19.723285,1
fixed_t1,6570,18.723963,1
fixed_t1,6571,10.044702,1
fixed_t1,6572,18.614025,1
fixed_t1,6573,6.469095,1
fixed_t1,6574,6.535231,1
fixed_t1,6575,9.479197,1
fixed_t1,6576,11.928636,1
fixed_t1,6577,8.029811,1
fixed_t1,6578,8.162967,1
fixed_t1,6579,6.851867,1
fixed_t1,6580,13.908838,1
fixed_t1,6581,11.164962,1
fixed_t1,6582,19.151517,1
fixed_t1,6583,9.500350,1
fixed_t1,6584,10.986352,1
fixed_t1,6585,11.248001,1
fixed_t1,6586,18.598885,1
fixed_t1,6587,11.818357,1
fixed_t1,6588,26.986349,1
fixed_t1,6589,15.392047,1
fixed_t1,6590,8.421249,1
fixed_t1,6591,16.523319,1
fixed_t1,6592,13.626030,1
fixed_t1,6593,14.137688,1
fixed_t1,6594,15.587307,1
fixed_t1,6595,6.032608,1
fixed_t1,6596,13.734132,1
fixed_t1,6597,13.065882,1
fixed_t1,6598,8.701695,1
fixed_t1,6599,21.564609,1
fixed_t1,6600,12.784905,1
fixed_t1,6601,16.935007,1
fixed_t1,6602,16.479033,1
fixed_t1,6603,6.188533,1
fixed_t1,6604,13.256230,1
fixed_t1,6605,15.879997,1
fixed_t1,6606,16.710526,1
fixed_t1,6607,11.639064,1
fixed_t1,6608,16.361005,1
fixed_t1,6609,13.705729,1
fixed_t1,6610,18.572432,1
fixed_t1,6611,16.222374,1
fixed_t1,6612,10.216334,1
fixed_t1,6613,8.293123,1
fixed_t1,6614,12.005382,1
fixed_t1,6615,12.884606,1
fixed_t1,6616,13.561175,1
fixed_t1,6617,17.432574,1
fixed_t1,6618,10.782748,1
fixed_t1,6619,17.936606,1
fixed_t1,6620,10.428093,1
fixed_t1,6621,20.614393,1
fixed_t1,6622,11.440492,1
fixed_t1,6623,8.483097,1
fixed_t1,6624,13.460799,1
fixed_t1,6625,9.073233,1
fixed_t1,6626,10.328727,1
fixed_t1,6627,9.845398,1
fixed_t1,6628,17.875054,1
fixed_t1,6629,7.544362,1
fixed_t1,6630,11.875115,1
fixed_t1,6631,6.291237,1
fixed_t1,6632,5.830245,1
fixed_t1,6633,29.347973,1
fixed_t1,6634,9.018844,1
fixed_t1,6635,11.592522,1
fixed_t1,6636,29.230170,1
fixed_t1,6637,11.431047,1
fixed_t1,6638,15.667374,1
fixed_t1,6639,8.496410,1
fixed_t1,6640,11.138949,1
fixed_t1,6641,9.449641,1
fixed_t1,6642,12.242688,1
fixed_t1,6643,12.245744,1
fixed_t1,6644,17.819354,1
fixed_t1,6645,13.027230,1
fixed_t1,6646,12.652667,1
fixed_t1,6647,11.930606,1
fixed_t1,6648,11.322990,1
fixed_t1,6649,24.893182,1
fixed_t1,6650,11.675502,1
fixed_t1,6651,31.177827,1
fixed_t1,6652,23.706165,1
fixed_t1,6653,8.394016,1
fixed_t1,6654,16.179024,1
fixed_t1,6655,9.608962,1
fixed_t1,6656,19.550556,1
fixed_t1,6657,11.636514,1
fixed_t1,6658,12.734025,1
fixed_t1,6659,17.030981,1
fixed_t1,6660,7.666266,1
fixed_t1,6661,11.552098,1
fixed_t1,6662,9.434893,1
fixed_t1,6663,17.483538,1
fixed_t1,6664,24.522667,1
fixed_t1,6665,11.179343,1
fixed_t1,6666,5.686434,1
fixed_t1,6667,19.113875,1
fixed_t1,6668,12.349205,1
fixed_t1,6669,6.415962,1
fixed_t1,6670,11.055549,1
fixed_t1,6671,18.696234,1
fixed_t1,6672,10.245521,1
fixed_t1,6673,23.653754,1
fixed_t1,6674,15.552592,1
fixed_t1,6675,6.433320,1
fixed_t1,6676,11.501134,1
fixed_t1,6677,12.474775,1
fixed_t1,6678,9.095368,1
fixed_t1,6679,9.787267,1
fixed_t1,6680,14.402166,1
fixed_t1,6681,11.295294,1
fixed_t1,6682,18.625034,1
fixed_t1,6683,11.236274,1
fixed_t1,6684,17.584416,1
fixed_t1,6685,8.470607,1
fixed_t1,6686,20.502772,1
fixed_t1,6687,5.940117,1
fixed_t1,6688,4.421327,1
fixed_t1,6689,17.562169,1
fixed_t1,6690,7.517687,1
fixed_t1,6691,14.679560,1
fixed_t1,6692,18.174974,1
fixed_t1,6693,5.213770,1
fixed_t1,6694,6.284179,1
fixed_t1,6695,11.854546,1
fixed_t1,6696,31.901785,1
fixed_t1,6697,12.062105,1
fixed_t1,6698,11.019549,1
fixed_t1,6699,11.942083,1
fixed_t1,6700,6.026770,1
fixed_t1,6701,10.402004,1
fixed_t1,6702,18.250262,1
fixed_t1,6703,10.915214,1
fixed_t1,6704,34.138757,1
fixed_t1,6705,15.667883,1
fixed_t1,6706,10.653513,1
fixed_t1,6707,10.035934,1
fixed_t1,6708,21.988401,1
fixed_t1,6709,14.379325,1
fixed_t1,6710,12.782452,1
fixed_t1,6711,11.824261,1
fixed_t1,6712,18.814699,1
fixed_t1,6713,12.804137,1
fixed_t1,6714,14.016382,1
fixed_t1,6715,6.691809,1
fixed_t1,6716,5.248710,1
fixed_t1,6717,22.933810,1
fixed_t1,6718,13.470841,1
fixed_t1,6719,13.025951,1
fixed_t1,6720,12.934781,1
fixed_t1,6721,4.678131,1
fixed_t1,6722,10.747634,1
fixed_t1,6723,10.358083,1
fixed_t1,6724,9.132150,1
fixed_t1,6725,7.177643,1
fixed_t1,6726,7.275471,1
fixed_t1,6727,16.915371,1
fixed_t1,6728,7.427509,1
fixed_t1,6729,7.508223,1
fixed_t1,6730,25.693421,1
fixed_t1,6731,9.055711,1
fixed_t1,6732,12.890414,1
fixed_t1,6733,9.202299,1
fixed_t1,6734,15.926083,1
fixed_t1,6735,4.800454,1
fixed_t1,6736,12.248984,1
fixed_t1,6737,10.224400,1
fixed_t1,6738,19.564501,1
fixed_t1,6739,27.596100,1
fixed_t1,6740,10.294970,1
fixed_t1,6741,8.621767,1
fixed_t1,6742,5.378386,1
fixed_t1,6743,7.394174,1
fixed_t1,6744,17.610118,1
fixed_t1,6745,16.980089,1
fixed_t1,6746,12.245554,1
fixed_t1,6747,10.086419,1
fixed_t1,6748,20.537815,1
fixed_t1,6749,9.105022,1
fixed_t1,6750,7.928974,1
fixed_t1,6751,8.118611,1
fixed_t1,6752,12.480924,1
fixed_t1,6753,14.112058,1
fixed_t1,6754,12.808205,1
fixed_t1,6755,7.361478,1
fixed_t1,6756,14.287624,1
fixed_t1,6757,5.653806,1
fixed_t1,6758,10.547165,1
fixed_t1,6759,10.043973,1
fixed_t1,6760,16.679502,1
fixed_t1,6761,12.313103,1
fixed_t1,6762,15.368523,1
fixed_t1,6763,11.090678,1
fixed_t1,6764,22.661761,1
fixed_t1,6765,22.843136,1
fixed_t1,6766,13.772777,1
fixed_t1,6767,18.474715,1
fixed_t1,6768,24.872252,1
fixed_t1,6769,7.482438,1
fixed_t1,6770,9.718625,1
fixed_t1,6771,8.823120,1
fixed_t1,6772,7.577318,1
fixed_t1,6773,13.732922,1
fixed_t1,6774,6.383355,1
fixed_t1,6775,19.954657,1
fixed_t1,6776,6.839814,1
fixed_t1,6777,15.482161,1
fixed_t1,6778,9.295605,1
fixed_t1,6779,9.552547,1
fixed_t1,6780,5.455216,1
fixed_t1,6781,6.153453,1
fixed_t1,6782,11.883003,1
fixed_t1,6783,13.110718,1
fixed_t1,6784,19.935527,1
fixed_t1,6785,8.828005,1
fixed_t1,6786,10.044802,1
fixed_t1,6787,19.065979,1
fixed_t1,6788,21.177359,1
fixed_t1,6789,18.672567,1
fixed_t1,6790,15.371802,1
fixed_t1,6791,9.410076,1
fixed_t1,6792,18.969067,1
fixed_t1,6793,13.950092,1
fixed_t1,6794,8.182860,1
fixed_t1,6795,15.931859,1
fixed_t1,6796,14.999824,1
fixed_t1,6797,10.577705,1
fixed_t1,6798,10.140905,1
fixed_t1,6799,9.834508,1
fixed_t1,6800,9.057611,1
fixed_t1,6801,6.309019,1
fixed_t1,6802,14.732692,1
fixed_t1,6803,12.414590,1
fixed_t1,6804,10.343177,1
fixed_t1,6805,8.485771,1
fixed_t1,6806,9.702115,1
fixed_t1,6807,11.728843,1
fixed_t1,6808,6.640051,1
fixed_t1,6809,11.085665,1
fixed_t1,6810,15.848591,1
fixed_t1,6811,14.742799,1
fixed_t1,6812,9.122227,1
fixed_t1,6813,6.277170,1
fixed_t1,6814,9.777011,1
fixed_t1,6815,13.163464,1
fixed_t1,6816,21.135817,1
fixed_t1,6817,28.518472,1
fixed_t1,6818,16.121125,1
fixed_t1,6819,14.496697,1
fixed_t1,6820,11.126148,1
fixed_t1,6821,6.181916,1
fixed_t1,6822,7.585623,1
fixed_t1,6823,14.365304,1
fixed_t1,6824,14.449803,1
fixed_t1,6825,9.824007,1
fixed_t1,6826,16.439938,1
fixed_t1,6827,9.848464,1
fixed_t1,6828,19.037304,1
fixed_t1,6829,7.751954,1
fixed_t1,6830,11.389252,1
fixed_t1,6831,6.180743,1
fixed_t1,6832,15.077927,1
fixed_t1,6833,11.912343,1
fixed_t1,6834,11.587738,1
fixed_t1,6835,15.591119,1
fixed_t1,6836,8.398369,1
fixed_t1,6837,11.933746,1
fixed_t1,6838,15.811590,1
fixed_t1,6839,4.191042,1
fixed_t1,6840,9.805121,1
fixed_t1,6841,6.530267,1
fixed_t1,6842,5.675718,1
fixed_t1,6843,20.487996,1
fixed_t1,6844,9.524210,1
fixed_t1,6845,12.599808,1
fixed_t1,6846,14.825812,1
fixed_t1,6847,7.865642,1
fixed_t1,6848,9.630847,1
fixed_t1,6849,7.948407,1
fixed_t1,6850,10.000059,1
fixed_t1,6851,15.635280,1
fixed_t1,6852,15.789109,1
fixed_t1,6853,13.603433,1
fixed_t1,6854,9.687683,1
fixed_t1,6855,15.893216,1
fixed_t1,6856,9.601225,1
fixed_t1,6857,13.184228,1
fixed_t1,6858,14.413248,1
fixed_t1,6859,11.100171,1
fixed_t1,6860,19.027433,1
fixed_t1,6861,16.577390,1
fixed_t1,6862,19.893489,1
fixed_t1,6863,11.209586,1
fixed_t1,6864,8.640493,1
fixed_t1,6865,22.194355,1
fixed_t1,6866,13.341120,1
fixed_t1,6867,7.467546,1
fixed_t1,6868,20.450012,1
fixed_t1,6869,11.627134,1
fixed_t1,6870,11.726587,1
fixed_t1,6871,5.091699,1
fixed_t1,6872,12.339698,1
fixed_t1,6873,11.420518,1
fixed_t1,6874,8.347344,1
fixed_t1,6875,14.429774,1
fixed_t1,6876,11.847435,1
fixed_t1,6877,6.280171,1
fixed_t1,6878,13.985823,1
fixed_t1,6879,19.997947,1
fixed_t1,6880,10.267055,1
fixed_t1,6881,10.362539,1
fixed_t1,6882,6.479733,1
fixed_t1,6883,13.054330,1
fixed_t1,6884,9.454287,1
fixed_t1,6885,11.825632,1
fixed_t1,6886,22.087739,1
fixed_t1,6887,10.286907,1
fixed_t1,6888,17.031796,1
fixed_t1,6889,16.863110,1
fixed_t1,6890,13.216530,1
fixed_t1,6891,13.497816,1
fixed_t1,6892,11.452759,1
fixed_t1,6893,21.264713,1
fixed_t1,6894,12.936217,1
fixed_t1,6895,13.946418,1
fixed_t1,6896,12.000617,1
fixed_t1,6897,10.555994,1
fixed_t1,6898,6.861039,1
fixed_t1,6899,25.584889,1
fixed_t1,6900,7.200506,1
fixed_t1,6901,5.340347,1
fixed_t1,6902,16.248243,1
fixed_t1,6903,18.133555,1
fixed_t1,6904,8.104144,1
fixed_t1,6905,16.055888,1
fixed_t1,6906,8.910401,1
fixed_t1,6907,6.881117,1
fixed_t1,6908,11.067989,1
fixed_t1,6909,19.026665,1
fixed_t1,6910,12.214831,1
fixed_t1,6911,7.336722,1
fixed_t1,6912,20.798891,1
fixed_t1,6913,18.947469,1
fixed_t1,6914,9.005349,1
fixed_t1,6915,13.711374,1
fixed_t1,6916,7.390595,1
fixed_t1,6917,8.187430,1
fixed_t1,6918,22.054995,1
fixed_t1,6919,13.649362,1
fixed_t1,6920,14.993016,1
fixed_t1,6921,18.361623,1
fixed_t1,6922,13.728098,1
fixed_t1,6923,15.106149,1
fixed_t1,6924,17.243830,1
fixed_t1,6925,19.838668,1
fixed_t1,6926,13.891645,1
fixed_t1,6927,13.269539,1
fixed_t1,6928,39.541475,1
fixed_t1,6929,20.625522,1
fixed_t1,6930,19.039052,1
fixed_t1,6931,12.178666,1
fixed_t1,6932,8.808860,1
fixed_t1,6933,16.268981,1
fixed_t1,6934,21.673023,1
fixed_t1,6935,10.597774,1
fixed_t1,6936,13.859511,1
fixed_t1,6937,12.533552,1
fixed_t1,6938,15.634478,1
fixed_t1,6939,12.642265,1
fixed_t1,6940,24.400011,1
fixed_t1,6941,19.852879,1
fixed_t1,6942,9.978527,1
fixed_t1,6943,13.219153,1
fixed_t1,6944,8.589655,1
fixed_t1,6945,10.560181,1
fixed_t1,6946,6.070212,1
fixed_t1,6947,11.014725,1
fixed_t1,6948,8.592637,1
fixed_t1,6949,16.058200,1
fixed_t1,6950,19.751467,1
fixed_t1,6951,13.387197,1
fixed_t1,6952,19.981027,1
fixed_t1,6953,17.485589,1
fixed_t1,6954,10.952902,1
fixed_t1,6955,8.666991,1
fixed_t1,6956,16.771386,1
fixed_t1,6957,12.000986,1
fixed_t1,6958,12.227357,1
fixed_t1,6959,5.698554,1
fixed_t1,6960,21.941545,1
fixed_t1,6961,13.256638,1
fixed_t1,6962,17.445051,1
fixed_t1,6963,22.517839,1
fixed_t1,6964,12.301219,1
fixed_t1,6965,17.110976,1
fixed_t1,6966,21.277605,1
fixed_t1,6967,11.750858,1
fixed_t1,6968,10.347540,1
fixed_t1,6969,5.233464,1
fixed_t1,6970,22.120523,1
fixed_t1,6971,11.344434,1
fixed_t1,6972,16.763415,1
fixed_t1,6973,8.197700,1
fixed_t1,6974,9.331688,1
fixed_t1,6975,9.644607,1
fixed_t1,6976,33.441143,1
fixed_t1,6977,8.509782,1
fixed_t1,6978,11.852390,1
fixed_t1,6979,8.626007,1
fixed_t1,6980,23.944145,1
fixed_t1,6981,21.853769,1
fixed_t1,6982,11.700760,1
fixed_t1,6983,18.623232,1
fixed_t1,6984,15.267858,1
fixed_t1,6985,23.516083,1
fixed_t1,6986,11.820573,1
fixed_t1,6987,11.783845,1
fixed_t1,6988,23.905735,1
fixed_t1,6989,14.316705,1
fixed_t1,6990,13.188019,1
fixed_t1,6991,18.925717,1
fixed_t1,6992,7.873768,1
fixed_t1,6993,18.646141,1
fixed_t1,6994,21.309763,1
fixed_t1,6995,16.339218,1
fixed_t1,6996,15.749099,1
fixed_t1,6997,13.174976,1
fixed_t1,6998,24.452757,1
fixed_t1,6999,10.210918,1
fixed_t1,7000,11.516099,1
fixed_t1,7001,12.742586,1
fixed_t1,7002,11.240815,1
fixed_t1,7003,13.221363,1
fixed_t1,7004,12.740624,1
fixed_t1,7005,14.591756,1
fixed_t1,7006,16.326193,1
fixed_t1,7007,5.159333,1
fixed_t1,7008,21.373759,1
fixed_t1,7009,12.418367,1
fixed_t1,7010,17.896642,1
fixed_t1,7011,15.853741,1
fixed_t1,7012,13.381151,1
fixed_t1,7013,27.992496,1
fixed_t1,7014,14.462969,1
fixed_t1,7015,11.155179,1
fixed_t1,7016,27.594874,1
fixed_t1,7017,9.821916,1
fixed_t1,7018,19.813270,1
fixed_t1,7019,9.702319,1
fixed_t1,7020,7.199277,1
fixed_t1,7021,21.815033,1
fixed_t1,7022,25.161856,1
fixed_t1,7023,20.326274,1
fixed_t1,7024,7.086424,1
fixed_t1,7025,9.212085,1
fixed_t1,7026,10.159203,1
fixed_t1,7027,11.884912,1
fixed_t1,7028,8.606100,1
fixed_t1,7029,7.071123,1
fixed_t1,7030,24.838258,1
fixed_t1,7031,20.350134,1
fixed_t1,7032,20.377952,1
fixed_t1,7033,10.659390,1
fixed_t1,7034,25.881069,1
fixed_t1,7035,8.447544,1
fixed_t1,7036,7.998057,1
fixed_t1,7037,11.430071,1
fixed_t1,7038,14.058459,1
fixed_t1,7039,13.513548,1
fixed_t1,7040,13.686186,1
fixed_t1,7041,9.230744,1
fixed_t1,7042,18.881556,1
fixed_t1,7043,14.590587,1
fixed_t1,7044,16.784007,1
fixed_t1,7045,10.892100,1
fixed_t1,7046,17.627265,1
fixed_t1,7047,10.205354,1
fixed_t1,7048,21.374715,1
fixed_t1,7049,8.370124,1
fixed_t1,7050,15.493317,1
fixed_t1,7051,17.059257,1
fixed_t1,7052,16.755530,1
fixed_t1,7053,18.051543,1
fixed_t1,7054,14.166686,1
fixed_t1,7055,13.467794,1
fixed_t1,7056,12.779656,1
fixed_t1,7057,17.744391,1
fixed_t1,7058,8.302143,1
fixed_t1,7059,13.953859,1
fixed_t1,7060,14.201085,1
fixed_t1,7061,17.937658,1
fixed_t1,7062,12.327034,1
fixed_t1,7063,21.166579,1
fixed_t1,7064,9.100889,1
fixed_t1,7065,22.363980,1
fixed_t1,7066,12.811649,1
fixed_t1,7067,11.459897,1
fixed_t1,7068,7.374989,1
fixed_t1,7069,23.827070,1
fixed_t1,7070,20.099842,1
fixed_t1,7071,16.543510,1
fixed_t1,7072,17.461206,1
fixed_t1,7073,3.427335,1
fixed_t1,7074,16.412444,1
fixed_t1,7075,18.514561,1
fixed_t1,7076,18.678517,1
fixed_t1,7077,8.414054,1
fixed_t1,7078,15.368416,1
fixed_t1,7079,32.094161,1
fixed_t1,7080,13.726154,1
fixed_t1,7081,13.202893,1
fixed_t1,7082,6.660460,1
fixed_t1,7083,13.254707,1
fixed_t1,7084,12.179083,1
fixed_t1,7085,12.380446,1
fixed_t1,7086,16.959632,1
fixed_t1,7087,9.623157,1
fixed_t1,7088,20.276537,1
fixed_t1,7089,9.795172,1
fixed_t1,7090,10.417472,1
fixed_t1,7091,5.282013,1
fixed_t1,7092,14.694813,1
fixed_t1,7093,14.797419,1
fixed_t1,7094,26.014441,1
fixed_t1,7095,12.228025,1
fixed_t1,7096,12.603053,1
fixed_t1,7097,12.903389,1
fixed_t1,7098,16.125918,1
fixed_t1,7099,13.025096,1
fixed_t1,7100,11.108518,1
fixed_t1,7101,9.932978,1
fixed_t1,7102,17.726259,1
fixed_t1,7103,13.024682,1
fixed_t1,7104,13.850675,1
fixed_t1,7105,8.840627,1
fixed_t1,7106,11.942529,1
fixed_t1,7107,15.500328,1
fixed_t1,7108,7.637053,1
fixed_t1,7109,9.261251,1
fixed_t1,7110,8.828990,1
fixed_t1,7111,23.007773,1
fixed_t1,7112,16.646450,1
fixed_t1,7113,12.419039,1
fixed_t1,7114,18.292384,1
fixed_t1,7115,21.411160,1
fixed_t1,7116,20.166142,1
fixed_t1,7117,11.567388,1
fixed_t1,7118,23.213384,1
fixed_t1,7119,14.484266,1
fixed_t1,7120,9.892625,1
fixed_t1,7121,8.859749,1
fixed_t1,7122,19.551083,1
fixed_t1,7123,17.699347,1
fixed_t1,7124,16.379007,1
fixed_t1,7125,9.272345,1
fixed_t1,7126,10.346389,1
fixed_t1,7127,10.927461,1
fixed_t1,7128,9.335545,1
fixed_t1,7129,11.285677,1
fixed_t1,7130,9.702866,1
fixed_t1,7131,14.835621,1
fixed_t1,7132,10.266672,1
fixed_t1,7133,19.713696,1
fixed_t1,7134,10.179306,1
fixed_t1,7135,10.836076,1
fixed_t1,7136,24.887580,1
fixed_t1,7137,12.226640,1
fixed_t1,7138,14.905670,1
fixed_t1,7139,10.807929,1
fixed_t1,7140,11.559415,1
fixed_t1,7141,13.252881,1
fixed_t1,7142,14.145076,1
fixed_t1,7143,29.681658,1
fixed_t1,7144,13.853893,1
fixed_t1,7145,11.878821,1
fixed_t1,7146,9.598113,1
fixed_t1,7147,16.235971,1
fixed_t1,7148,12.100999,1
fixed_t1,7149,23.923317,1
fixed_t1,7150,25.129912,1
fixed_t1,7151,10.659708,1
fixed_t1,7152,9.245435,1
fixed_t1,7153,11.830200,1
fixed_t1,7154,14.510817,1
fixed_t1,7155,12.647396,1
fixed_t1,7156,33.142033,1
fixed_t1,7157,14.860894,1
fixed_t1,7158,16.455999,1
fixed_t1,7159,23.316151,1
fixed_t1,7160,14.611414,1
fixed_t1,7161,20.522398,1
fixed_t1,7162,13.343942,1
fixed_t1,7163,9.017819,1
fixed_t1,7164,10.241916,1
fixed_t1,7165,12.891974,1
fixed_t1,7166,11.365151,1
fixed_t1,7167,12.357917,1
fixed_t1,7168,9.097267,1
fixed_t1,7169,16.288666,1
fixed_t1,7170,8.800258,1
fixed_t1,7171,14.529388,1
fixed_t1,7172,18.273767,1
fixed_t1,7173,8.955904,1
fixed_t1,7174,13.164827,1
fixed_t1,7175,9.897757,1
fixed_t1,7176,7.187522,1
fixed_t1,7177,21.655428,1
fixed_t1,7178,14.649599,1
fixed_t1,7179,18.386457,1
fixed_t1,7180,10.230623,1
fixed_t1,7181,7.156466,1
fixed_t1,7182,10.776849,1
fixed_t1,7183,5.687800,1
fixed_t1,7184,13.966562,1
fixed_t1,7185,25.263425,1
fixed_t1,7186,7.257839,1
fixed_t1,7187,10.815167,1
fixed_t1,7188,13.556562,1
fixed_t1,7189,19.821196,1
fixed_t1,7190,12.451454,1
fixed_t1,7191,14.364837,1
fixed_t1,7192,27.923865,1
fixed_t1,7193,13.463815,1
fixed_t1,7194,16.410302,1
fixed_t1,7195,13.995947,1
fixed_t1,7196,11.985941,1
fixed_t1,7197,22.887578,1
fixed_t1,7198,10.568445,1
fixed_t1,7199,7.703401,1
fixed_t1,7200,9.469433,1
fixed_t1,7201,3.152622,1
fixed_t1,7202,9.217605,1
fixed_t1,7203,5.809293,1
fixed_t1,7204,13.880494,1
fixed_t1,7205,6.908374,1
fixed_t1,7206,8.021252,1
fixed_t1,7207,8.328978,1
fixed_t1,7208,11.047618,1
fixed_t1,7209,18.399818,1
fixed_t1,7210,9.246605,1
fixed_t1,7211,9.537075,1
fixed_t1,7212,8.619548,1
fixed_t1,7213,6.197357,1
fixed_t1,7214,3.554912,1
fixed_t1,7215,7.418927,1
fixed_t1,7216,6.451818,1
fixed_t1,7217,7.909651,1
fixed_t1,7218,17.200761,1
fixed_t1,7219,13.015691,1
fixed_t1,7220,8.124989,1
fixed_t1,7221,7.390292,1
fixed_t1,7222,14.302465,1
fixed_t1,7223,7.397628,1
fixed_t1,7224,9.325350,1
fixed_t1,7225,10.273372,1
fixed_t1,7226,22.555386,1
fixed_t1,7227,4.186085,1
fixed_t1,7228,4.340017,1
fixed_t1,7229,5.994598,1
fixed_t1,7230,17.415873,1
fixed_t1,7231,10.132219,1
fixed_t1,7232,9.528260,1
fixed_t1,7233,11.208427,1
fixed_t1,7234,11.358069,1
fixed_t1,7235,4.880745,1
fixed_t1,7236,4.967926,1
fixed_t1,7237,4.670216,1
fixed_t1,7238,12.413983,1
fixed_t1,7239,7.878696,1
fixed_t1,7240,8.287347,1
fixed_t1,7241,12.238148,1
fixed_t1,7242,6.050925,1
fixed_t1,7243,4.990655,1
fixed_t1,7244,8.370819,1
fixed_t1,7245,6.033415,1
fixed_t1,7246,2.323090,1
fixed_t1,7247,7.723299,1
fixed_t1,7248,9.465548,1
fixed_t1,7249,4.805943,1
fixed_t1,7250,5.925634,1
fixed_t1,7251,8.305041,1
fixed_t1,7252,5.130983,1
fixed_t1,7253,5.624618,1
fixed_t1,7254,5.463294,1
fixed_t1,7255,7.015555,1
fixed_t1,7256,8.135705,1
fixed_t1,7257,18.890886,1
fixed_t1,7258,6.934617,1
fixed_t1,7259,6.380508,1
fixed_t1,7260,7.575232,1
fixed_t1,7261,11.451733,1
fixed_t1,7262,8.969010,1
fixed_t1,7263,8.202386,1
fixed_t1,7264,8.633429,1
fixed_t1,7265,4.883414,1
fixed_t1,7266,16.199279,1
fixed_t1,7267,14.955475,1
fixed_t1,7268,8.211205,1
fixed_t1,7269,7.362492,1
fixed_t1,7270,5.949824,1
fixed_t1,7271,6.848941,1
fixed_t1,7272,7.467640,1
fixed_t1,7273,6.554914,1
fixed_t1,7274,12.377147,1
fixed_t1,7275,9.084718,1
fixed_t1,7276,11.281167,1
fixed_t1,7277,8.287940,1
fixed_t1,7278,14.871021,1
fixed_t1,7279,14.155325,1
fixed_t1,7280,9.800872,1
fixed_t1,7281,10.448434,1
fixed_t1,7282,19.197868,1
fixed_t1,7283,6.529785,1
fixed_t1,7284,15.637610,1
fixed_t1,7285,7.070064,1
fixed_t1,7286,9.244536,1
fixed_t1,7287,5.370957,1
fixed_t1,7288,3.560309,1
fixed_t1,7289,14.023700,1
fixed_t1,7290,14.629115,1
fixed_t1,7291,14.771177,1
fixed_t1,7292,11.733157,1
fixed_t1,7293,9.819936,1
fixed_t1,7294,5.704449,1
fixed_t1,7295,8.778966,1
fixed_t1,7296,9.208230,1
fixed_t1,7297,10.006850,1
fixed_t1,7298,4.350730,1
fixed_t1,7299,5.726404,1
fixed_t1,7300,8.361848,1
fixed_t1,7301,12.680304,1
fixed_t1,7302,6.983301,1
fixed_t1,7303,4.527010,1
fixed_t1,7304,15.179386,1
fixed_t1,7305,7.820998,1
fixed_t1,7306,5.063783,1
fixed_t1,7307,14.329958,1
fixed_t1,7308,3.744700,1
fixed_t1,7309,5.951990,1
fixed_t1,7310,8.931389,1
fixed_t1,7311,8.184086,1
fixed_t1,7312,3.978138,1
fixed_t1,7313,5.103167,1
fixed_t1,7314,10.480071,1
fixed_t1,7315,9.241771,1
fixed_t1,7316,5.718675,1
fixed_t1,7317,8.641036,1
fixed_t1,7318,7.626487,1
fixed_t1,7319,9.318628,1
fixed_t1,7320,7.078403,1
fixed_t1,7321,7.963177,1
fixed_t1,7322,17.240214,1
fixed_t1,7323,3.992665,1
fixed_t1,7324,4.131018,1
fixed_t1,7325,4.508406,1
fixed_t1,7326,3.027351,1
fixed_t1,7327,3.738183,1
fixed_t1,7328,5.541995,1
fixed_t1,7329,7.862456,1
fixed_t1,7330,8.702214,1
fixed_t1,7331,8.753830,1
fixed_t1,7332,5.262188,1
fixed_t1,7333,7.069553,1
fixed_t1,7334,5.747510,1
fixed_t1,7335,9.935915,1
fixed_t1,7336,12.434980,1
fixed_t1,7337,5.340933,1
fixed_t1,7338,7.375524,1
fixed_t1,7339,7.345984,1
fixed_t1,7340,4.197515,1
fixed_t1,7341,13.009820,1
fixed_t1,7342,6.268920,1
fixed_t1,7343,6.998190,1
fixed_t1,7344,7.059168,1
fixed_t1,7345,7.293961,1
fixed_t1,7346,14.505472,1
fixed_t1,7347,22.407451,1
fixed_t1,7348,2.299890,1
fixed_t1,7349,11.602018,1
fixed_t1,7350,7.864210,1
fixed_t1,7351,8.036542,1
fixed_t1,7352,11.441821,1
fixed_t1,7353,12.560502,1
fixed_t1,7354,6.559072,1
fixed_t1,7355,8.204870,1
fixed_t1,7356,8.241402,1
fixed_t1,7357,4.338719,1
fixed_t1,7358,9.739700,1
fixed_t1,7359,16.246658,1
fixed_t1,7360,5.886281,1
fixed_t1,7361,5.581099,1
fixed_t1,7362,5.757926,1
fixed_t1,7363,7.976763,1
fixed_t1,7364,5.359026,1
fixed_t1,7365,7.328653,1
fixed_t1,7366,13.960196,1
fixed_t1,7367,10.826555,1
fixed_t1,7368,7.132918,1
fixed_t1,7369,9.571164,1
fixed_t1,7370,9.152338,1
fixed_t1,7371,6.975254,1
fixed_t1,7372,5.105763,1
fixed_t1,7373,5.585140,1
fixed_t1,7374,12.418506,1
fixed_t1,7375,12.754869,1
fixed_t1,7376,10.130276,1
fixed_t1,7377,10.338262,1
fixed_t1,7378,3.271584,1
fixed_t1,7379,11.412962,1
fixed_t1,7380,9.369337,1
fixed_t1,7381,7.125508,1
fixed_t1,7382,5.179810,1
fixed_t1,7383,10.783269,1
fixed_t1,7384,9.846323,1
fixed_t1,7385,9.046850,1
fixed_t1,7386,8.135776,1
fixed_t1,7387,12.610538,1
fixed_t1,7388,6.234290,1
fixed_t1,7389,5.707467,1
fixed_t1,7390,9.443175,1
fixed_t1,7391,6.634459,1
fixed_t1,7392,8.651671,1
fixed_t1,7393,7.286885,1
fixed_t1,7394,5.309042,1
fixed_t1,7395,5.513762,1
fixed_t1,7396,20.707731,1
fixed_t1,7397,11.224515,1
fixed_t1,7398,8.839649,1
fixed_t1,7399,3.760600,1
fixed_t1,7400,7.675575,1
fixed_t1,7401,5.780491,1
fixed_t1,7402,7.687773,1
fixed_t1,7403,8.220948,1
fixed_t1,7404,7.177423,1
fixed_t1,7405,3.399254,1
fixed_t1,7406,5.693458,1
fixed_t1,7407,6.353895,1
fixed_t1,7408,6.355145,1
fixed_t1,7409,21.011419,1
fixed_t1,7410,20.052715,1
fixed_t1,7411,11.434646,1
fixed_t1,7412,13.259477,1
fixed_t1,7413,8.581328,1
fixed_t1,7414,5.739323,1
fixed_t1,7415,10.604368,1
fixed_t1,7416,10.938127,1
fixed_t1,7417,6.239800,1
fixed_t1,7418,21.217402,1
fixed_t1,7419,8.587169,1
fixed_t1,7420,7.370090,1
fixed_t1,7421,12.896862,1
fixed_t1,7422,7.075055,1
fixed_t1,7423,10.840231,1
fixed_t1,7424,8.196006,1
fixed_t1,7425,5.790250,1
fixed_t1,7426,5.426200,1
fixed_t1,7427,11.572922,1
fixed_t1,7428,8.992071,1
fixed_t1,7429,8.045729,1
fixed_t1,7430,3.868228,1
fixed_t1,7431,11.009495,1
fixed_t1,7432,9.091735,1
fixed_t1,7433,6.448641,1
fixed_t1,7434,3.203589,1
fixed_t1,7435,7.224633,1
fixed_t1,7436,5.935213,1
fixed_t1,7437,11.693977,1
fixed_t1,7438,7.062007,1
fixed_t1,7439,5.399690,1
fixed_t1,7440,9.024491,1
fixed_t1,7441,16.547246,1
fixed_t1,7442,12.606611,1
fixed_t1,7443,7.290894,1
fixed_t1,7444,15.866468,1
fixed_t1,7445,7.891302,1
fixed_t1,7446,6.917712,1
fixed_t1,7447,15.689433,1
fixed_t1,7448,7.009270,1
fixed_t1,7449,6.441392,1
fixed_t1,7450,11.353576,1
fixed_t1,7451,6.528115,1
fixed_t1,7452,4.487643,1
fixed_t1,7453,8.822220,1
fixed_t1,7454,5.052272,1
fixed_t1,7455,7.939688,1
fixed_t1,7456,6.849542,1
fixed_t1,7457,14.190193,1
fixed_t1,7458,9.725741,1
fixed_t1,7459,7.548129,1
fixed_t1,7460,11.748677,1
fixed_t1,7461,8.784641,1
fixed_t1,7462,8.003592,1
fixed_t1,7463,6.889192,1
fixed_t1,7464,8.074683,1
fixed_t1,7465,11.580992,1
fixed_t1,7466,6.438457,1
fixed_t1,7467,5.009197,1
fixed_t1,7468,8.421355,1
fixed_t1,7469,5.494945,1
fixed_t1,7470,7.674127,1
fixed_t1,7471,6.441836,1
fixed_t1,7472,5.252747,1
fixed_t1,7473,19.160454,1
fixed_t1,7474,15.399823,1
fixed_t1,7475,7.789168,1
fixed_t1,7476,10.196010,1
fixed_t1,7477,8.887774,1
fixed_t1,7478,12.483980,1
fixed_t1,7479,5.962260,1
fixed_t1,7480,6.194724,1
fixed_t1,7481,10.469555,1
fixed_t1,7482,8.510180,1
fixed_t1,7483,8.045693,1
fixed_t1,7484,8.032247,1
fixed_t1,7485,9.721411,1
fixed_t1,7486,11.798750,1
fixed_t1,7487,9.292007,1
fixed_t1,7488,7.617140,1
fixed_t1,7489,5.727897,1
fixed_t1,7490,7.126039,1
fixed_t1,7491,14.829277,1
fixed_t1,7492,3.686237,1
fixed_t1,7493,5.181673,1
fixed_t1,7494,6.832638,1
fixed_t1,7495,7.338525,1
fixed_t1,7496,10.875501,1
fixed_t1,7497,9.656291,1
fixed_t1,7498,12.228235,1
fixed_t1,7499,4.783884,1
fixed_t1,7500,9.579897,1
fixed_t1,7501,3.892849,1
fixed_t1,7502,9.351799,1
fixed_t1,7503,7.983023,1
fixed_t1,7504,5.691063,1
fixed_t1,7505,13.853037,1
fixed_t1,7506,11.334378,1
fixed_t1,7507,6.993451,1
fixed_t1,7508,10.338246,1
fixed_t1,7509,7.296167,1
fixed_t1,7510,6.272169,1
fixed_t1,7511,6.071686,1
fixed_t1,7512,10.636556,1
fixed_t1,7513,7.027094,1
fixed_t1,7514,5.413307,1
fixed_t1,7515,7.669724,1
fixed_t1,7516,7.795982,1
fixed_t1,7517,7.334433,1
fixed_t1,7518,14.021848,1
fixed_t1,7519,6.468013,1
fixed_t1,7520,8.667003,1
fixed_t1,7521,4.770843,1
fixed_t1,7522,9.787397,1
fixed_t1,7523,5.956930,1
fixed_t1,7524,7.896162,1
fixed_t1,7525,5.516061,1
fixed_t1,7526,14.831386,1
fixed_t1,7527,11.322298,1
fixed_t1,7528,6.617091,1
fixed_t1,7529,7.914052,1
fixed_t1,7530,5.980616,1
fixed_t1,7531,10.146601,1
fixed_t1,7532,7.808366,1
fixed_t1,7533,8.152155,1
fixed_t1,7534,8.651614,1
fixed_t1,7535,6.887023,1
fixed_t1,7536,5.318708,1
fixed_t1,7537,2.614865,1
fixed_t1,7538,11.929077,1
fixed_t1,7539,7.403266,1
fixed_t1,7540,10.104729,1
fixed_t1,7541,7.710642,1
fixed_t1,7542,15.365855,1
fixed_t1,7543,12.032872,1
fixed_t1,7544,7.349175,1
fixed_t1,7545,7.583735,1
fixed_t1,7546,13.816662,1
fixed_t1,7547,6.667508,1
fixed_t1,7548,8.382566,1
fixed_t1,7549,11.611985,1
fixed_t1,7550,6.969030,1
fixed_t1,7551,7.484218,1
fixed_t1,7552,10.918692,1
fixed_t1,7553,9.967326,1
fixed_t1,7554,8.863264,1
fixed_t1,7555,7.929141,1
fixed_t1,7556,7.111091,1
fixed_t1,7557,6.033344,1
fixed_t1,7558,12.495850,1
fixed_t1,7559,3.680795,1
fixed_t1,7560,11.642668,1
fixed_t1,7561,9.003016,1
fixed_t1,7562,12.075298,1
fixed_t1,7563,8.049831,1
fixed_t1,7564,6.973237,1
fixed_t1,7565,17.202475,1
fixed_t1,7566,6.847522,1
fixed_t1,7567,9.183725,1
fixed_t1,7568,11.755082,1
fixed_t1,7569,5.552258,1
fixed_t1,7570,10.094575,1
fixed_t1,7571,11.199921,1
fixed_t1,7572,12.659800,1
fixed_t1,7573,5.688146,1
fixed_t1,7574,11.370541,1
fixed_t1,7575,6.621207,1
fixed_t1,7576,11.588638,1
fixed_t1,7577,8.427667,1
fixed_t1,7578,6.347669,1
fixed_t1,7579,9.667282,1
fixed_t1,7580,8.444537,1
fixed_t1,7581,6.071199,1
fixed_t1,7582,10.378333,1
fixed_t1,7583,3.759239,1
fixed_t1,7584,8.292166,1
fixed_t1,7585,5.583607,1
fixed_t1,7586,5.800123,1
fixed_t1,7587,5.070802,1
fixed_t1,7588,4.999148,1
fixed_t1,7589,5.775714,1
fixed_t1,7590,6.026490,1
fixed_t1,7591,9.178431,1
fixed_t1,7592,16.779053,1
fixed_t1,7593,7.460377,1
fixed_t1,7594,8.552648,1
fixed_t1,7595,17.490325,1
fixed_t1,7596,6.797090,1
fixed_t1,7597,2.588517,1
fixed_t1,7598,5.813146,1
fixed_t1,7599,10.064590,1
fixed_t1,7600,18.854663,1
fixed_t1,7601,8.518533,1
fixed_t1,7602,7.007797,1
fixed_t1,7603,8.174446,1
fixed_t1,7604,6.312951,1
fixed_t1,7605,4.978338,1
fixed_t1,7606,10.355271,1
fixed_t1,7607,15.904828,1
fixed_t1,7608,3.622824,1
fixed_t1,7609,14.939588,1
fixed_t1,7610,7.183830,1
fixed_t1,7611,7.600554,1
fixed_t1,7612,7.793133,1
fixed_t1,7613,5.533333,1
fixed_t1,7614,6.958812,1
fixed_t1,7615,10.317895,1
fixed_t1,7616,9.777174,1
fixed_t1,7617,17.168656,1
fixed_t1,7618,7.559208,1
fixed_t1,7619,15.206500,1
fixed_t1,7620,5.941043,1
fixed_t1,7621,8.941103,1
fixed_t1,7622,3.674424,1
fixed_t1,7623,12.805083,1
fixed_t1,7624,6.598586,1
fixed_t1,7625,7.222408,1
fixed_t1,7626,10.120152,1
fixed_t1,7627,14.023116,1
fixed_t1,7628,11.258872,1
fixed_t1,7629,13.514611,1
fixed_t1,7630,8.665838,1
fixed_t1,7631,10.845528,1
fixed_t1,7632,5.768441,1
fixed_t1,7633,7.126761,1
fixed_t1,7634,3.050173,1
fixed_t1,7635,9.246187,1
fixed_t1,7636,6.063349,1
fixed_t1,7637,6.240140,1
fixed_t1,7638,8.586095,1
fixed_t1,7639,13.950186,1
fixed_t1,7640,6.098578,1
fixed_t1,7641,9.215254,1
fixed_t1,7642,13.142922,1
fixed_t1,7643,10.760661,1
fixed_t1,7644,12.994450,1
fixed_t1,7645,4.800243,1
fixed_t1,7646,12.127256,1
fixed_t1,7647,9.867933,1
fixed_t1,7648,10.622654,1
fixed_t1,7649,6.489858,1
fixed_t1,7650,4.228039,1
fixed_t1,7651,9.756421,1
fixed_t1,7652,7.802138,1
fixed_t1,7653,8.553927,1
fixed_t1,7654,14.974154,1
fixed_t1,7655,12.577352,1
fixed_t1,7656,4.308826,1
fixed_t1,7657,12.564744,1
fixed_t1,7658,7.749606,1
fixed_t1,7659,8.801570,1
fixed_t1,7660,19.233488,1
fixed_t1,7661,7.774577,1
fixed_t1,7662,8.669483,1
fixed_t1,7663,10.943336,1
fixed_t1,7664,13.067956,1
fixed_t1,7665,17.128782,1
fixed_t1,7666,5.256354,1
fixed_t1,7667,11.714117,1
fixed_t1,7668,8.426624,1
fixed_t1,7669,6.242649,1
fixed_t1,7670,7.537625,1
fixed_t1,7671,4.307483,1
fixed_t1,7672,10.009543,1
fixed_t1,7673,11.388930,1
fixed_t1,7674,9.060451,1
fixed_t1,7675,8.052521,1
fixed_t1,7676,5.965554,1
fixed_t1,7677,4.459832,1
fixed_t1,7678,9.146527,1
fixed_t1,7679,12.966317,1
fixed_t1,7680,8.208818,1
fixed_t1,7681,8.369760,1
fixed_t1,7682,7.706898,1
fixed_t1,7683,17.282066,1
fixed_t1,7684,5.815274,1
fixed_t1,7685,3.627714,1
fixed_t1,7686,8.130952,1
fixed_t1,7687,7.039583,1
fixed_t1,7688,8.107993,1
fixed_t1,7689,10.838604,1
fixed_t1,7690,5.382371,1
fixed_t1,7691,7.360334,1
fixed_t1,7692,6.844015,1
fixed_t1,7693,14.641727,1
fixed_t1,7694,6.578410,1
fixed_t1,7695,12.444923,1
fixed_t1,7696,12.293285,1
fixed_t1,7697,3.207998,1
fixed_t1,7698,4.061646,1
fixed_t1,7699,4.357913,1
fixed_t1,7700,12.794966,1
fixed_t1,7701,6.668998,1
fixed_t1,7702,14.253032,1
fixed_t1,7703,10.365227,1
fixed_t1,7704,8.688127,1
fixed_t1,7705,6.482949,1
fixed_t1,7706,8.751029,1
fixed_t1,7707,10.564160,1
fixed_t1,7708,11.990342,1
fixed_t1,7709,6.570487,1
fixed_t1,7710,8.113966,1
fixed_t1,7711,10.216469,1
fixed_t1,7712,10.162298,1
fixed_t1,7713,11.590588,1
fixed_t1,7714,9.527140,1
fixed_t1,7715,6.936969,1
fixed_t1,7716,2.647383,1
fixed_t1,7717,7.835280,1
fixed_t1,7718,10.821232,1
fixed_t1,7719,13.760239,1
fixed_t1,7720,10.598777,1
fixed_t1,7721,6.927906,1
fixed_t1,7722,6.443386,1
fixed_t1,7723,4.875107,1
fixed_t1,7724,4.156383,1
fixed_t1,7725,23.792362,1
fixed_t1,7726,7.164598,1
fixed_t1,7727,11.416927,1
fixed_t1,7728,9.490163,1
fixed_t1,7729,9.217948,1
fixed_t1,7730,11.898798,1
fixed_t1,7731,11.605554,1
fixed_t1,7732,6.066082,1
fixed_t1,7733,9.226518,1
fixed_t1,7734,2.697106,1
fixed_t1,7735,5.350466,1
fixed_t1,7736,6.837718,1
fixed_t1,7737,13.369734,1
fixed_t1,7738,4.458258,1
fixed_t1,7739,5.937775,1
fixed_t1,7740,7.313170,1
fixed_t1,7741,11.797933,1
fixed_t1,7742,11.540045,1
fixed_t1,7743,6.301087,1
fixed_t1,7744,7.194611,1
fixed_t1,7745,7.759058,1
fixed_t1,7746,6.738789,1
fixed_t1,7747,17.801325,1
fixed_t1,7748,7.615311,1
fixed_t1,7749,5.030178,1
fixed_t1,7750,5.008735,1
fixed_t1,7751,6.080246,1
fixed_t1,7752,11.709294,1
fixed_t1,7753,6.920571,1
fixed_t1,7754,8.747675,1
fixed_t1,7755,4.509890,1
fixed_t1,7756,12.689951,1
fixed_t1,7757,7.465893,1
fixed_t1,7758,9.273626,1
fixed_t1,7759,9.600199,1
fixed_t1,7760,5.770456,1
fixed_t1,7761,3.675346,1
fixed_t1,7762,4.981925,1
fixed_t1,7763,5.524633,1
fixed_t1,7764,3.179779,1
fixed_t1,7765,6.139748,1
fixed_t1,7766,20.841214,1
fixed_t1,7767,11.954981,1
fixed_t1,7768,2.526121,1
fixed_t1,7769,5.597922,1
fixed_t1,7770,5.742639,1
fixed_t1,7771,8.335295,1
fixed_t1,7772,8.288326,1
fixed_t1,7773,14.690322,1
fixed_t1,7774,10.172595,1
fixed_t1,7775,4.106621,1
fixed_t1,7776,8.132767,1
fixed_t1,7777,6.704046,1
fixed_t1,7778,5.400380,1
fixed_t1,7779,5.739820,1
fixed_t1,7780,25.626796,1
fixed_t1,7781,7.124986,1
fixed_t1,7782,14.881868,1
fixed_t1,7783,6.944855,1
fixed_t1,7784,7.173522,1
fixed_t1,7785,15.190390,1
fixed_t1,7786,16.355608,1
fixed_t1,7787,6.401300,1
fixed_t1,7788,12.290773,1
fixed_t1,7789,10.397354,1
fixed_t1,7790,6.372720,1
fixed_t1,7791,14.914113,1
fixed_t1,7792,11.615154,1
fixed_t1,7793,7.711251,1
fixed_t1,7794,6.672391,1
fixed_t1,7795,9.584808,1
fixed_t1,7796,9.381587,1
fixed_t1,7797,5.659922,1
fixed_t1,7798,9.665680,1
fixed_t1,7799,9.324838,1
fixed_t1,7800,7.748390,1
fixed_t1,7801,7.499127,1
fixed_t1,7802,3.620183,1
fixed_t1,7803,11.533311,1
fixed_t1,7804,4.737594,1
fixed_t1,7805,4.584451,1
fixed_t1,7806,8.679233,1
fixed_t1,7807,8.450986,1
fixed_t1,7808,5.801486,1
fixed_t1,7809,12.960345,1
fixed_t1,7810,12.981958,1
fixed_t1,7811,12.359109,1
fixed_t1,7812,7.540856,1
fixed_t1,7813,10.074301,1
fixed_t1,7814,8.190153,1
fixed_t1,7815,11.987258,1
fixed_t1,7816,13.707778,1
fixed_t1,7817,6.424740,1
fixed_t1,7818,11.589673,1
fixed_t1,7819,4.760299,1
fixed_t1,7820,8.677991,1
fixed_t1,7821,6.805124,1
fixed_t1,7822,9.455288,1
fixed_t1,7823,9.859211,1
fixed_t1,7824,5.470201,1
fixed_t1,7825,2.083480,1
fixed_t1,7826,4.130371,1
fixed_t1,7827,7.644296,1
fixed_t1,7828,6.882124,1
fixed_t1,7829,5.283590,1
fixed_t1,7830,8.308086,1
fixed_t1,7831,4.779196,1
fixed_t1,7832,4.737551,1
fixed_t1,7833,5.940892,1
fixed_t1,7834,16.182097,1
fixed_t1,7835,6.538037,1
fixed_t1,7836,14.495953,1
fixed_t1,7837,7.271118,1
fixed_t1,7838,8.181055,1
fixed_t1,7839,3.300115,1
fixed_t1,7840,21.424150,1
fixed_t1,7841,12.263034,1
fixed_t1,7842,19.298904,1
fixed_t1,7843,7.176513,1
fixed_t1,7844,17.234153,1
fixed_t1,7845,8.232694,1
fixed_t1,7846,9.128127,1
fixed_t1,7847,10.648118,1
fixed_t1,7848,15.084513,1
fixed_t1,7849,8.384198,1
fixed_t1,7850,8.529439,1
fixed_t1,7851,5.016443,1
fixed_t1,7852,10.970943,1
fixed_t1,7853,6.237139,1
fixed_t1,7854,4.846844,1
fixed_t1,7855,7.602211,1
fixed_t1,7856,9.491680,1
fixed_t1,7857,4.586401,1
fixed_t1,7858,8.766269,1
fixed_t1,7859,5.415498,1
fixed_t1,7860,3.810825,1
fixed_t1,7861,12.286510,1
fixed_t1,7862,11.532941,1
fixed_t1,7863,7.698285,1
fixed_t1,7864,7.606903,1
fixed_t1,7865,13.701419,1
fixed_t1,7866,4.441307,1
fixed_t1,7867,6.757369,1
fixed_t1,7868,6.191358,1
fixed_t1,7869,6.506040,1
fixed_t1,7870,11.554023,1
fixed_t1,7871,4.993470,1
fixed_t1,7872,12.140812,1
fixed_t1,7873,13.020370,1
fixed_t1,7874,8.495513,1
fixed_t1,7875,6.294815,1
fixed_t1,7876,8.724524,1
fixed_t1,7877,5.850712,1
fixed_t1,7878,9.459458,1
fixed_t1,7879,3.934668,1
fixed_t1,7880,6.033134,1
fixed_t1,7881,6.159840,1
fixed_t1,7882,9.128285,1
fixed_t1,7883,7.418451,1
fixed_t1,7884,9.698870,1
fixed_t1,7885,3.645073,1
fixed_t1,7886,6.306785,1
fixed_t1,7887,19.823212,1
fixed_t1,7888,9.570678,1
fixed_t1,7889,13.309481,1
fixed_t1,7890,12.015192,1
fixed_t1,7891,10.350701,1
fixed_t1,7892,8.080553,1
fixed_t1,7893,9.646464,1
fixed_t1,7894,8.739758,1
fixed_t1,7895,4.810854,1
fixed_t1,7896,8.020165,1
fixed_t1,7897,7.332438,1
fixed_t1,7898,8.626783,1
fixed_t1,7899,6.825677,1
fixed_t1,7900,6.910062,1
fixed_t1,7901,6.848113,1
fixed_t1,7902,10.229972,1
fixed_t1,7903,6.186096,1
fixed_t1,7904,8.688757,1
fixed_t1,7905,9.040976,1
fixed_t1,7906,7.548051,1
fixed_t1,7907,13.975911,1
fixed_t1,7908,11.501853,1
fixed_t1,7909,7.732123,1
fixed_t1,7910,14.255284,1
fixed_t1,7911,8.279185,1
fixed_t1,7912,5.594187,1
fixed_t1,7913,13.094014,1
fixed_t1,7914,4.937853,1
fixed_t1,7915,7.539353,1
fixed_t1,7916,8.585646,1
fixed_t1,7917,9.886005,1
fixed_t1,7918,10.567026,1
fixed_t1,7919,5.164454,1
fixed_t1,7920,7.887070,1
fixed_t1,7921,6.851831,1
fixed_t1,7922,7.388655,1
fixed_t1,7923,16.498098,1
fixed_t1,7924,15.033588,1
fixed_t1,7925,5.858320,1
fixed_t1,7926,7.601402,1
fixed_t1,7927,14.560277,1
fixed_t1,7928,8.269565,1
fixed_t1,7929,11.173914,1
fixed_t1,7930,7.117933,1
fixed_t1,7931,11.474434,1
fixed_t1,7932,4.426440,1
fixed_t1,7933,7.966995,1
fixed_t1,7934,12.361707,1
fixed_t1,7935,5.571407,1
fixed_t1,7936,20.700532,1
fixed_t1,7937,6.565756,1
fixed_t1,7938,10.689539,1
fixed_t1,7939,5.571256,1
fixed_t1,7940,14.087369,1
fixed_t1,7941,11.677788,1
fixed_t1,7942,7.451653,1
fixed_t1,7943,13.970495,1
fixed_t1,7944,6.893137,1
fixed_t1,7945,10.769016,1
fixed_t1,7946,7.403038,1
fixed_t1,7947,8.636798,1
fixed_t1,7948,9.118718,1
fixed_t1,7949,8.267772,1
fixed_t1,7950,9.440964,1
fixed_t1,7951,9.326773,1
fixed_t1,7952,7.287342,1
fixed_t1,7953,11.740344,1
fixed_t1,7954,9.976058,1
fixed_t1,7955,10.297918,1
fixed_t1,7956,4.583840,1
fixed_t1,7957,11.729487,1
fixed_t1,7958,5.624993,1
fixed_t1,7959,13.329102,1
fixed_t1,7960,10.294933,1
fixed_t1,7961,3.721898,1
fixed_t1,7962,7.356557,1
fixed_t1,7963,9.247366,1
fixed_t1,7964,9.966739,1
fixed_t1,7965,22.233254,1
fixed_t1,7966,7.877185,1
fixed_t1,7967,8.193862,1
fixed_t1,7968,6.392434,1
fixed_t1,7969,10.451950,1
fixed_t1,7970,11.343351,1
fixed_t1,7971,4.768089,1
fixed_t1,7972,7.474435,1
fixed_t1,7973,4.968041,1
fixed_t1,7974,9.394150,1
fixed_t1,7975,10.079375,1
fixed_t1,7976,13.284474,1
fixed_t1,7977,9.230923,1
fixed_t1,7978,8.119930,1
fixed_t1,7979,22.194010,1
fixed_t1,7980,7.849274,1
fixed_t1,7981,14.140958,1
fixed_t1,7982,13.880908,1
fixed_t1,7983,12.906762,1
fixed_t1,7984,9.044936,1
fixed_t1,7985,5.619673,1
fixed_t1,7986,7.594801,1
fixed_t1,7987,7.454896,1
fixed_t1,7988,9.544769,1
fixed_t1,7989,5.737491,1
fixed_t1,7990,13.734119,1
fixed_t1,7991,8.824497,1
fixed_t1,7992,7.900320,1
fixed_t1,7993,6.839725,1
fixed_t1,7994,13.802700,1
fixed_t1,7995,4.463672,1
fixed_t1,7996,10.129077,1
fixed_t1,7997,7.919080,1
fixed_t1,7998,9.668977,1
fixed_t1,7999,7.937442,1
fixed_t1,8000,12.674443,1
fixed_t1,8001,6.683747,1
fixed_t1,8002,11.752514,1
fixed_t1,8003,12.227577,1
fixed_t1,8004,8.030151,1
fixed_t1,8005,17.493393,1
fixed_t1,8006,9.672067,1
fixed_t1,8007,10.081768,1
fixed_t1,8008,8.825655,1
fixed_t1,8009,11.265967,1
fixed_t1,8010,10.526121,1
fixed_t1,8011,7.302076,1
fixed_t1,8012,13.373280,1
fixed_t1,8013,5.973120,1
fixed_t1,8014,6.270903,1
fixed_t1,8015,6.810817,1
fixed_t1,8016,6.231936,1
fixed_t1,8017,5.882214,1
fixed_t1,8018,9.976457,1
fixed_t1,8019,6.435363,1
fixed_t1,8020,6.330598,1
fixed_t1,8021,3.124959,1
fixed_t1,8022,10.260338,1
fixed_t1,8023,12.482219,1
fixed_t1,8024,11.086551,1
fixed_t1,8025,9.933318,1
fixed_t1,8026,18.148378,1
fixed_t1,8027,3.968419,1
fixed_t1,8028,12.356876,1
fixed_t1,8029,14.828976,1
fixed_t1,8030,10.680976,1
fixed_t1,8031,9.498576,1
fixed_t1,8032,9.679944,1
fixed_t1,8033,5.554510,1
fixed_t1,8034,7.458562,1
fixed_t1,8035,9.787429,1
fixed_t1,8036,4.864735,1
fixed_t1,8037,6.762969,1
fixed_t1,8038,5.629059,1
fixed_t1,8039,8.430988,1
fixed_t1,8040,5.209141,1
fixed_t1,8041,16.561861,1
fixed_t1,8042,9.752436,1
fixed_t1,8043,4.409334,1
fixed_t1,8044,10.185386,1
fixed_t1,8045,10.739695,1
fixed_t1,8046,8.943817,1
fixed_t1,8047,4.295603,1
fixed_t1,8048,9.073335,1
fixed_t1,8049,21.819068,1
fixed_t1,8050,6.071912,1
fixed_t1,8051,5.713064,1
fixed_t1,8052,9.759904,1
fixed_t1,8053,8.542817,1
fixed_t1,8054,4.595401,1
fixed_t1,8055,7.015031,1
fixed_t1,8056,13.831593,1
fixed_t1,8057,7.746258,1
fixed_t1,8058,8.957303,1
fixed_t1,8059,3.465583,1
fixed_t1,8060,17.417793,1
fixed_t1,8061,7.171844,1
fixed_t1,8062,5.763795,1
fixed_t1,8063,11.762990,1
fixed_t1,8064,13.866419,1
fixed_t1,8065,9.638686,1
fixed_t1,8066,8.720227,1
fixed_t1,8067,16.039849,1
fixed_t1,8068,6.222750,1
fixed_t1,8069,6.130689,1
fixed_t1,8070,8.418428,1
fixed_t1,8071,7.111870,1
fixed_t1,8072,21.790354,1
fixed_t1,8073,10.966650,1
fixed_t1,8074,7.410954,1
fixed_t1,8075,13.109885,1
fixed_t1,8076,8.347263,1
fixed_t1,8077,7.842554,1
fixed_t1,8078,5.312256,1
fixed_t1,8079,4.881942,1
fixed_t1,8080,3.965041,1
fixed_t1,8081,9.051118,1
fixed_t1,8082,5.754703,1
fixed_t1,8083,12.576202,1
fixed_t1,8084,8.849326,1
fixed_t1,8085,9.016313,1
fixed_t1,8086,6.325094,1
fixed_t1,8087,4.473492,1
fixed_t1,8088,13.222201,1
fixed_t1,8089,9.558225,1
fixed_t1,8090,12.159410,1
fixed_t1,8091,8.530182,1
fixed_t1,8092,13.623417,1
fixed_t1,8093,5.354438,1
fixed_t1,8094,7.908527,1
fixed_t1,8095,12.894820,1
fixed_t1,8096,6.858780,1
fixed_t1,8097,4.744232,1
fixed_t1,8098,15.949496,1
fixed_t1,8099,13.457976,1
fixed_t1,8100,5.402341,1
fixed_t1,8101,9.145604,1
fixed_t1,8102,9.114277,1
fixed_t1,8103,9.705460,1
fixed_t1,8104,9.151318,1
fixed_t1,8105,10.903952,1
fixed_t1,8106,6.176908,1
fixed_t1,8107,6.327871,1
fixed_t1,8108,6.117355,1
fixed_t1,8109,10.176641,1
fixed_t1,8110,7.882750,1
fixed_t1,8111,7.134952,1
fixed_t1,8112,7.863169,1
fixed_t1,8113,5.056945,1
fixed_t1,8114,8.495827,1
fixed_t1,8115,7.521807,1
fixed_t1,8116,6.203556,1
fixed_t1,8117,11.385198,1
fixed_t1,8118,7.681423,1
fixed_t1,8119,7.938032,1
fixed_t1,8120,7.091535,1
fixed_t1,8121,6.059258,1
fixed_t1,8122,8.953351,1
fixed_t1,8123,9.178537,1
fixed_t1,8124,8.800154,1
fixed_t1,8125,6.328462,1
fixed_t1,8126,17.442065,1
fixed_t1,8127,6.753096,1
fixed_t1,8128,5.737173,1
fixed_t1,8129,16.512420,1
fixed_t1,8130,8.738539,1
fixed_t1,8131,8.836171,1
fixed_t1,8132,21.037189,1
fixed_t1,8133,5.406365,1
fixed_t1,8134,13.331060,1
fixed_t1,8135,9.317029,1
fixed_t1,8136,5.591219,1
fixed_t1,8137,9.029777,1
fixed_t1,8138,5.470181,1
fixed_t1,8139,6.237219,1
fixed_t1,8140,8.052564,1
fixed_t1,8141,4.898446,1
fixed_t1,8142,4.981455,1
fixed_t1,8143,10.676229,1
fixed_t1,8144,8.488207,1
fixed_t1,8145,5.474256,1
fixed_t1,8146,11.247277,1
fixed_t1,8147,4.920879,1
fixed_t1,8148,15.767605,1
fixed_t1,8149,7.985213,1
fixed_t1,8150,7.775763,1
fixed_t1,8151,20.461360,1
fixed_t1,8152,7.884770,1
fixed_t1,8153,4.884314,1
fixed_t1,8154,7.762071,1
fixed_t1,8155,5.662215,1
fixed_t1,8156,18.168635,1
fixed_t1,8157,8.238771,1
fixed_t1,8158,6.249851,1
fixed_t1,8159,12.326058,1
fixed_t1,8160,12.384385,1
fixed_t1,8161,12.089626,1
fixed_t1,8162,8.759101,1
fixed_t1,8163,12.179923,1
fixed_t1,8164,8.927265,1
fixed_t1,8165,3.305956,1
fixed_t1,8166,9.947971,1
fixed_t1,8167,3.727779,1
fixed_t1,8168,7.692963,1
fixed_t1,8169,10.011501,1
fixed_t1,8170,8.472665,1
fixed_t1,8171,6.664499,1
fixed_t1,8172,7.720070,1
fixed_t1,8173,8.304629,1
fixed_t1,8174,14.432225,1
fixed_t1,8175,9.378148,1
fixed_t1,8176,15.070845,1
fixed_t1,8177,5.215849,1
fixed_t1,8178,5.907541,1
fixed_t1,8179,6.694713,1
fixed_t1,8180,5.205499,1
fixed_t1,8181,6.817606,1
fixed_t1,8182,7.514119,1
fixed_t1,8183,6.424511,1
fixed_t1,8184,4.153603,1
fixed_t1,8185,6.226054,1
fixed_t1,8186,8.990865,1
fixed_t1,8187,5.967937,1
fixed_t1,8188,8.501855,1
fixed_t1,8189,5.938870,1
fixed_t1,8190,7.914403,1
fixed_t1,8191,4.687726,1
fixed_t1,8192,13.331361,1
fixed_t1,8193,11.224852,1
fixed_t1,8194,6.593070,1
fixed_t1,8195,7.090237,1
fixed_t1,8196,10.348297,1
fixed_t1,8197,6.446068,1
fixed_t1,8198,8.732212,1
fixed_t1,8199,6.637758,1
fixed_t1,8200,7.153468,1
fixed_t1,8201,8.750185,1
fixed_t1,8202,4.707470,1
fixed_t1,8203,6.788743,1
fixed_t1,8204,7.771688,1
fixed_t1,8205,7.438273,1
fixed_t1,8206,5.102431,1
fixed_t1,8207,10.014389,1
fixed_t1,8208,9.049925,1
fixed_t1,8209,12.215387,1
fixed_t1,8210,6.772438,1
fixed_t1,8211,13.154855,1
fixed_t1,8212,6.614121,1
fixed_t1,8213,8.073114,1
fixed_t1,8214,3.913382,1
fixed_t1,8215,5.686458,1
fixed_t1,8216,4.991979,1
fixed_t1,8217,4.699376,1
fixed_t1,8218,11.297831,1
fixed_t1,8219,11.890496,1
fixed_t1,8220,7.520637,1
fixed_t1,8221,9.228198,1
fixed_t1,8222,6.459414,1
fixed_t1,8223,4.730816,1
fixed_t1,8224,7.495702,1
fixed_t1,8225,11.546471,1
fixed_t1,8226,14.000442,1
fixed_t1,8227,5.561192,1
fixed_t1,8228,8.580038,1
fixed_t1,8229,16.573773,1
fixed_t1,8230,15.271274,1
fixed_t1,8231,6.209398,1
fixed_t1,8232,8.921283,1
fixed_t1,8233,4.134456,1
fixed_t1,8234,7.017816,1
fixed_t1,8235,5.180095,1
fixed_t1,8236,13.964595,1
fixed_t1,8237,4.999964,1
fixed_t1,8238,9.868449,1
fixed_t1,8239,7.908006,1
fixed_t1,8240,5.770871,1
fixed_t1,8241,7.311469,1
fixed_t1,8242,3.282670,1
fixed_t1,8243,10.448370,1
fixed_t1,8244,4.988760,1
fixed_t1,8245,9.088239,1
fixed_t1,8246,8.795896,1
fixed_t1,8247,7.523431,1
fixed_t1,8248,4.465500,1
fixed_t1,8249,8.683900,1
fixed_t1,8250,8.063626,1
fixed_t1,8251,3.872738,1
fixed_t1,8252,12.197562,1
fixed_t1,8253,7.821171,1
fixed_t1,8254,6.489466,1
fixed_t1,8255,12.273556,1
fixed_t1,8256,5.357613,1
fixed_t1,8257,6.380541,1
fixed_t1,8258,8.457612,1
fixed_t1,8259,15.002868,1
fixed_t1,8260,6.362844,1
fixed_t1,8261,14.277973,1
fixed_t1,8262,7.179211,1
fixed_t1,8263,11.861427,1
fixed_t1,8264,6.563660,1
fixed_t1,8265,7.658221,1
fixed_t1,8266,6.574898,1
fixed_t1,8267,7.896892,1
fixed_t1,8268,13.625277,1
fixed_t1,8269,8.683340,1
fixed_t1,8270,11.922981,1
fixed_t1,8271,8.833632,1
fixed_t1,8272,8.915594,1
fixed_t1,8273,8.414721,1
fixed_t1,8274,10.311106,1
fixed_t1,8275,8.631786,1
fixed_t1,8276,8.729785,1
fixed_t1,8277,4.501313,1
fixed_t1,8278,9.842709,1
fixed_t1,8279,5.864459,1
fixed_t1,8280,8.429916,1
fixed_t1,8281,6.415478,1
fixed_t1,8282,7.270216,1
fixed_t1,8283,12.781759,1
fixed_t1,8284,4.934119,1
fixed_t1,8285,11.962640,1
fixed_t1,8286,8.190281,1
fixed_t1,8287,7.427221,1
fixed_t1,8288,6.315335,1
fixed_t1,8289,14.896556,1
fixed_t1,8290,5.742499,1
fixed_t1,8291,12.608689,1
fixed_t1,8292,10.122683,1
fixed_t1,8293,11.794844,1
fixed_t1,8294,6.493927,1
fixed_t1,8295,7.874011,1
fixed_t1,8296,3.785748,1
fixed_t1,8297,7.792503,1
fixed_t1,8298,3.643373,1
fixed_t1,8299,7.190932,1
fixed_t1,8300,6.187165,1
fixed_t1,8301,13.349219,1
fixed_t1,8302,4.371097,1
fixed_t1,8303,5.972626,1
fixed_t1,8304,9.588426,1
fixed_t1,8305,5.609181,1
fixed_t1,8306,7.337772,1
fixed_t1,8307,9.425601,1
fixed_t1,8308,6.238663,1
fixed_t1,8309,8.186936,1
fixed_t1,8310,11.041540,1
fixed_t1,8311,12.223823,1
fixed_t1,8312,15.073036,1
fixed_t1,8313,13.632815,1
fixed_t1,8314,7.334836,1
fixed_t1,8315,5.666546,1
fixed_t1,8316,6.751545,1
fixed_t1,8317,6.641176,1
fixed_t1,8318,27.507637,1
fixed_t1,8319,7.166036,1
fixed_t1,8320,13.801075,1
fixed_t1,8321,10.874669,1
fixed_t1,8322,5.946964,1
fixed_t1,8323,11.745486,1
fixed_t1,8324,8.078030,1
fixed_t1,8325,9.706722,1
fixed_t1,8326,7.464133,1
fixed_t1,8327,4.649702,1
fixed_t1,8328,8.927553,1
fixed_t1,8329,6.986462,1
fixed_t1,8330,10.163002,1
fixed_t1,8331,5.687568,1
fixed_t1,8332,9.096724,1
fixed_t1,8333,10.935160,1
fixed_t1,8334,4.415918,1
fixed_t1,8335,3.905535,1
fixed_t1,8336,7.496431,1
fixed_t1,8337,8.103910,1
fixed_t1,8338,12.151776,1
fixed_t1,8339,13.972502,1
fixed_t1,8340,9.745495,1
fixed_t1,8341,19.346683,1
fixed_t1,8342,9.448915,1
fixed_t1,8343,4.629818,1
fixed_t1,8344,10.846241,1
fixed_t1,8345,10.805350,1
fixed_t1,8346,11.558202,1
fixed_t1,8347,6.382116,1
fixed_t1,8348,7.257719,1
fixed_t1,8349,4.205865,1
fixed_t1,8350,7.615976,1
fixed_t1,8351,8.599062,1
fixed_t1,8352,9.197031,1
fixed_t1,8353,8.449857,1
fixed_t1,8354,5.910242,1
fixed_t1,8355,9.070634,1
fixed_t1,8356,9.560272,1
fixed_t1,8357,13.654855,1
fixed_t1,8358,5.340404,1
fixed_t1,8359,13.213973,1
fixed_t1,8360,18.213748,1
fixed_t1,8361,6.229043,1
fixed_t1,8362,30.245407,1
fixed_t1,8363,7.456223,1
fixed_t1,8364,7.320668,1
fixed_t1,8365,7.851969,1
fixed_t1,8366,5.849916,1
fixed_t1,8367,7.551020,1
fixed_t1,8368,7.362744,1
fixed_t1,8369,7.415534,1
fixed_t1,8370,14.023578,1
fixed_t1,8371,8.829625,1
fixed_t1,8372,4.627248,1
fixed_t1,8373,12.932207,1
fixed_t1,8374,4.515234,1
fixed_t1,8375,8.544241,1
fixed_t1,8376,10.617557,1
fixed_t1,8377,11.867507,1
fixed_t1,8378,8.508064,1
fixed_t1,8379,12.667467,1
fixed_t1,8380,5.536063,1
fixed_t1,8381,8.866268,1
fixed_t1,8382,4.479941,1
fixed_t1,8383,10.567426,1
fixed_t1,8384,7.886208,1
fixed_t1,8385,10.708440,1
fixed_t1,8386,7.581369,1
fixed_t1,8387,11.750257,1
fixed_t1,8388,7.901406,1
fixed_t1,8389,5.373322,1
fixed_t1,8390,9.342232,1
fixed_t1,8391,9.615133,1
fixed_t1,8392,4.950994,1
fixed_t1,8393,7.566428,1
fixed_t1,8394,5.761166,1
fixed_t1,8395,9.202754,1
fixed_t1,8396,7.614193,1
fixed_t1,8397,10.918808,1
fixed_t1,8398,19.812238,1
fixed_t1,8399,11.425191,1
fixed_t1,8400,5.603976,1
fixed_t1,8401,17.953102,1
fixed_t1,8402,12.640522,1
fixed_t1,8403,4.754329,1
fixed_t1,8404,11.616920,1
fixed_t1,8405,14.094360,1
fixed_t1,8406,4.359601,1
fixed_t1,8407,9.122234,1
fixed_t1,8408,9.006699,1
fixed_t1,8409,8.821482,1
fixed_t1,8410,6.817692,1
fixed_t1,8411,6.671714,1
fixed_t1,8412,7.692789,1
fixed_t1,8413,12.842677,1
fixed_t1,8414,9.218835,1
fixed_t1,8415,7.802597,1
fixed_t1,8416,15.074397,1
fixed_t1,8417,7.364685,1
fixed_t1,8418,2.856031,1
fixed_t1,8419,11.156373,1
fixed_t1,8420,11.916988,1
fixed_t1,8421,6.193752,1
fixed_t1,8422,8.948278,1
fixed_t1,8423,7.339918,1
fixed_t1,8424,6.201542,1
fixed_t1,8425,9.104598,1
fixed_t1,8426,20.425339,1
fixed_t1,8427,9.067019,1
fixed_t1,8428,6.041038,1
fixed_t1,8429,8.683703,1
fixed_t1,8430,17.799319,1
fixed_t1,8431,14.218116,1
fixed_t1,8432,10.021226,1
fixed_t1,8433,12.257562,1
fixed_t1,8434,6.805266,1
fixed_t1,8435,11.393655,1
fixed_t1,8436,6.708703,1
fixed_t1,8437,3.707595,1
fixed_t1,8438,10.027242,1
fixed_t1,8439,8.537717,1
fixed_t1,8440,8.623147,1
fixed_t1,8441,7.420644,1
fixed_t1,8442,7.431907,1
fixed_t1,8443,19.936067,1
fixed_t1,8444,8.516928,1
fixed_t1,8445,8.785285,1
fixed_t1,8446,15.214830,1
fixed_t1,8447,8.322369,1
fixed_t1,8448,16.719279,1
fixed_t1,8449,5.260721,1
fixed_t1,8450,17.535115,1
fixed_t1,8451,7.561617,1
fixed_t1,8452,4.465611,1
fixed_t1,8453,4.920871,1
fixed_t1,8454,5.753863,1
fixed_t1,8455,8.269966,1
fixed_t1,8456,13.709291,1
fixed_t1,8457,8.779980,1
fixed_t1,8458,4.331138,1
fixed_t1,8459,19.085421,1
fixed_t1,8460,5.671291,1
fixed_t1,8461,19.602523,1
fixed_t1,8462,8.473950,1
fixed_t1,8463,9.121621,1
fixed_t1,8464,4.108926,1
fixed_t1,8465,7.661143,1
fixed_t1,8466,11.781598,1
fixed_t1,8467,10.086623,1
fixed_t1,8468,5.892417,1
fixed_t1,8469,18.358228,1
fixed_t1,8470,3.936782,1
fixed_t1,8471,14.144163,1
fixed_t1,8472,6.545278,1
fixed_t1,8473,14.109484,1
fixed_t1,8474,10.699419,1
fixed_t1,8475,8.104185,1
fixed_t1,8476,5.356461,1
fixed_t1,8477,9.865382,1
fixed_t1,8478,5.099869,1
fixed_t1,8479,3.489812,1
fixed_t1,8480,12.947329,1
fixed_t1,8481,5.642380,1
fixed_t1,8482,10.663220,1
fixed_t1,8483,10.307821,1
fixed_t1,8484,2.605795,1
fixed_t1,8485,12.552975,1
fixed_t1,8486,4.182462,1
fixed_t1,8487,10.259385,1
fixed_t1,8488,8.497838,1
fixed_t1,8489,12.809953,1
fixed_t1,8490,22.376496,1
fixed_t1,8491,11.634679,1
fixed_t1,8492,9.727668,1
fixed_t1,8493,8.353809,1
fixed_t1,8494,16.695244,1
fixed_t1,8495,12.809153,1
fixed_t1,8496,11.135982,1
fixed_t1,8497,5.821077,1
fixed_t1,8498,11.671105,1
fixed_t1,8499,7.712259,1
fixed_t1,8500,5.515372,1
fixed_t1,8501,11.337549,1
fixed_t1,8502,7.433661,1
fixed_t1,8503,7.268164,1
fixed_t1,8504,14.175772,1
fixed_t1,8505,6.873130,1
fixed_t1,8506,9.336367,1
fixed_t1,8507,20.583274,1
fixed_t1,8508,14.749876,1
fixed_t1,8509,9.535409,1
fixed_t1,8510,9.902174,1
fixed_t1,8511,8.685393,1
fixed_t1,8512,4.506110,1
fixed_t1,8513,13.707205,1
fixed_t1,8514,5.546494,1
fixed_t1,8515,6.492065,1
fixed_t1,8516,5.865441,1
fixed_t1,8517,5.663170,1
fixed_t1,8518,12.542463,1
fixed_t1,8519,4.887359,1
fixed_t1,8520,11.926881,1
fixed_t1,8521,7.081228,1
fixed_t1,8522,4.851627,1
fixed_t1,8523,17.489664,1
fixed_t1,8524,6.838737,1
fixed_t1,8525,5.060832,1
fixed_t1,8526,6.844674,1
fixed_t1,8527,12.553414,1
fixed_t1,8528,6.101414,1
fixed_t1,8529,9.906264,1
fixed_t1,8530,7.326954,1
fixed_t1,8531,9.536545,1
fixed_t1,8532,7.181410,1
fixed_t1,8533,6.481259,1
fixed_t1,8534,5.500231,1
fixed_t1,8535,8.614779,1
fixed_t1,8536,10.601728,1
fixed_t1,8537,12.985408,1
fixed_t1,8538,7.618541,1
fixed_t1,8539,8.635127,1
fixed_t1,8540,4.674433,1
fixed_t1,8541,5.838390,1
fixed_t1,8542,7.992970,1
fixed_t1,8543,6.878236,1
fixed_t1,8544,6.174710,1
fixed_t1,8545,3.794483,1
fixed_t1,8546,6.248075,1
fixed_t1,8547,12.074372,1
fixed_t1,8548,5.964112,1
fixed_t1,8549,6.355916,1
fixed_t1,8550,3.938791,1
fixed_t1,8551,8.073845,1
fixed_t1,8552,5.249226,1
fixed_t1,8553,4.221895,1
fixed_t1,8554,7.783299,1
fixed_t1,8555,4.750269,1
fixed_t1,8556,6.456508,1
fixed_t1,8557,8.067435,1
fixed_t1,8558,6.071619,1
fixed_t1,8559,9.408668,1
fixed_t1,8560,10.309157,1
fixed_t1,8561,7.092924,1
fixed_t1,8562,11.931119,1
fixed_t1,8563,10.628282,1
fixed_t1,8564,14.048108,1
fixed_t1,8565,10.286234,1
fixed_t1,8566,10.799606,1
fixed_t1,8567,7.554531,1
fixed_t1,8568,8.143834,1
fixed_t1,8569,17.651422,1
fixed_t1,8570,9.583611,1
fixed_t1,8571,13.813934,1
fixed_t1,8572,6.895698,1
fixed_t1,8573,6.767609,1
fixed_t1,8574,13.489928,1
fixed_t1,8575,5.559935,1
fixed_t1,8576,11.874929,1
fixed_t1,8577,3.632191,1
fixed_t1,8578,13.797982,1
fixed_t1,8579,8.911549,1
fixed_t1,8580,8.723409,1
fixed_t1,8581,12.017995,1
fixed_t1,8582,10.502300,1
fixed_t1,8583,11.858408,1
fixed_t1,8584,5.930294,1
fixed_t1,8585,3.189820,1
fixed_t1,8586,9.053079,1
fixed_t1,8587,10.068575,1
fixed_t1,8588,2.842818,1
fixed_t1,8589,7.828765,1
fixed_t1,8590,5.139815,1
fixed_t1,8591,7.573460,1
fixed_t1,8592,19.606763,1
fixed_t1,8593,9.548594,1
fixed_t1,8594,5.129692,1
fixed_t1,8595,12.317022,1
fixed_t1,8596,11.522900,1
fixed_t1,8597,7.278141,1
fixed_t1,8598,6.291089,1
fixed_t1,8599,19.337930,1
fixed_t1,8600,12.447244,1
fixed_t1,8601,6.233838,1
fixed_t1,8602,13.608323,1
fixed_t1,8603,19.459169,1
fixed_t1,8604,20.349699,1
fixed_t1,8605,10.055211,1
fixed_t1,8606,11.366879,1
fixed_t1,8607,8.825498,1
fixed_t1,8608,8.865868,1
fixed_t1,8609,7.190065,1
fixed_t1,8610,9.369805,1
fixed_t1,8611,11.724464,1
fixed_t1,8612,7.637931,1
fixed_t1,8613,15.030065,1
fixed_t1,8614,7.411753,1
fixed_t1,8615,9.747610,1
fixed_t1,8616,8.090155,1
fixed_t1,8617,14.169008,1
fixed_t1,8618,3.849847,1
fixed_t1,8619,12.337521,1
fixed_t1,8620,14.170372,1
fixed_t1,8621,3.045371,1
fixed_t1,8622,2.804972,1
fixed_t1,8623,4.040829,1
fixed_t1,8624,13.209359,1
fixed_t1,8625,3.774743,1
fixed_t1,8626,6.330001,1
fixed_t1,8627,8.404415,1
fixed_t1,8628,5.609184,1
fixed_t1,8629,8.846998,1
fixed_t1,8630,8.153781,1
fixed_t1,8631,8.139277,1
fixed_t1,8632,14.271704,1
fixed_t1,8633,6.127902,1
fixed_t1,8634,11.347230,1
fixed_t1,8635,18.336831,1
fixed_t1,8636,9.891910,1
fixed_t1,8637,4.799015,1
fixed_t1,8638,15.851042,1
fixed_t1,8639,15.790665,1
fixed_t1,8640,5.519682,1
fixed_t1,8641,11.068094,1
fixed_t1,8642,5.778685,1
fixed_t1,8643,10.066186,1
fixed_t1,8644,4.019834,1
fixed_t1,8645,8.935320,1
fixed_t1,8646,4.074899,1
fixed_t1,8647,10.495551,1
fixed_t1,8648,10.443072,1
fixed_t1,8649,21.396330,1
fixed_t1,8650,11.202515,1
fixed_t1,8651,7.035789,1
fixed_t1,8652,5.000302,1
fixed_t1,8653,6.351676,1
fixed_t1,8654,6.033379,1
fixed_t1,8655,7.219457,1
fixed_t1,8656,11.003545,1
fixed_t1,8657,10.049465,1
fixed_t1,8658,12.367452,1
fixed_t1,8659,16.332720,1
fixed_t1,8660,9.092196,1
fixed_t1,8661,5.327463,1
fixed_t1,8662,6.779358,1
fixed_t1,8663,8.209256,1
fixed_t1,8664,8.441450,1
fixed_t1,8665,9.486767,1
fixed_t1,8666,12.018923,1
fixed_t1,8667,9.203893,1
fixed_t1,8668,6.587754,1
fixed_t1,8669,5.004470,1
fixed_t1,8670,3.628555,1
fixed_t1,8671,6.931272,1
fixed_t1,8672,5.118320,1
fixed_t1,8673,8.312039,1
fixed_t1,8674,6.728882,1
fixed_t1,8675,7.427133,1
fixed_t1,8676,13.592385,1
fixed_t1,8677,4.202341,1
fixed_t1,8678,7.578876,1
fixed_t1,8679,17.017706,1
fixed_t1,8680,13.577600,1
fixed_t1,8681,9.315904,1
fixed_t1,8682,7.414255,1
fixed_t1,8683,13.991502,1
fixed_t1,8684,10.338730,1
fixed_t1,8685,13.627267,1
fixed_t1,8686,11.241911,1
fixed_t1,8687,6.903617,1
fixed_t1,8688,6.362541,1
fixed_t1,8689,15.979637,1
fixed_t1,8690,6.432679,1
fixed_t1,8691,6.599265,1
fixed_t1,8692,8.631361,1
fixed_t1,8693,4.697669,1
fixed_t1,8694,8.735885,1
fixed_t1,8695,10.584824,1
fixed_t1,8696,5.495810,1
fixed_t1,8697,5.040630,1
fixed_t1,8698,12.516940,1
fixed_t1,8699,6.487608,1
fixed_t1,8700,5.666273,1
fixed_t1,8701,15.645349,1
fixed_t1,8702,7.443551,1
fixed_t1,8703,16.942426,1
fixed_t1,8704,6.887810,1
fixed_t1,8705,5.011472,1
fixed_t1,8706,19.288110,1
fixed_t1,8707,8.479719,1
fixed_t1,8708,7.263333,1
fixed_t1,8709,13.018204,1
fixed_t1,8710,14.106535,1
fixed_t1,8711,5.696459,1
fixed_t1,8712,8.843091,1
fixed_t1,8713,9.441168,1
fixed_t1,8714,8.123251,1
fixed_t1,8715,5.833999,1
fixed_t1,8716,10.003202,1
fixed_t1,8717,4.818187,1
fixed_t1,8718,3.236428,1
fixed_t1,8719,6.399462,1
fixed_t1,8720,18.187280,1
fixed_t1,8721,8.484499,1
fixed_t1,8722,10.856259,1
fixed_t1,8723,6.587909,1
fixed_t1,8724,10.746163,1
fixed_t1,8725,8.143968,1
fixed_t1,8726,3.547855,1
fixed_t1,8727,5.043532,1
fixed_t1,8728,19.906045,1
fixed_t1,8729,8.151815,1
fixed_t1,8730,8.378710,1
fixed_t1,8731,4.304915,1
fixed_t1,8732,9.080953,1
fixed_t1,8733,10.080556,1
fixed_t1,8734,8.476450,1
fixed_t1,8735,16.337848,1
fixed_t1,8736,5.487060,1
fixed_t1,8737,8.549600,1
fixed_t1,8738,8.790239,1
fixed_t1,8739,9.030551,1
fixed_t1,8740,15.418459,1
fixed_t1,8741,11.590868,1
fixed_t1,8742,7.527053,1
fixed_t1,8743,5.900770,1
fixed_t1,8744,5.891639,1
fixed_t1,8745,14.090920,1
fixed_t1,8746,9.738381,1
fixed_t1,8747,10.198777,1
fixed_t1,8748,8.051553,1
fixed_t1,8749,11.810373,1
fixed_t1,8750,4.027971,1
fixed_t1,8751,7.079070,1
fixed_t1,8752,16.536356,1
fixed_t1,8753,4.294697,1
fixed_t1,8754,8.702892,1
fixed_t1,8755,12.338112,1
fixed_t1,8756,14.566787,1
fixed_t1,8757,7.954213,1
fixed_t1,8758,13.296221,1
fixed_t1,8759,16.373993,1
fixed_t1,8760,8.141592,1
fixed_t1,8761,7.371430,1
fixed_t1,8762,8.333642,1
fixed_t1,8763,5.297005,1
fixed_t1,8764,8.216031,1
fixed_t1,8765,7.930977,1
fixed_t1,8766,5.918407,1
fixed_t1,8767,3.048010,1
fixed_t1,8768,10.263883,1
fixed_t1,8769,8.525456,1
fixed_t1,8770,8.212421,1
fixed_t1,8771,6.028501,1
fixed_t1,8772,7.879901,1
fixed_t1,8773,11.991531,1
fixed_t1,8774,5.073052,1
fixed_t1,8775,8.356911,1
fixed_t1,8776,4.719259,1
fixed_t1,8777,6.076712,1
fixed_t1,8778,8.372890,1
fixed_t1,8779,8.332743,1
fixed_t1,8780,5.042832,1
fixed_t1,8781,13.915277,1
fixed_t1,8782,7.196964,1
fixed_t1,8783,8.105091,1
fixed_t1,8784,7.652815,1
fixed_t1,8785,10.857960,1
fixed_t1,8786,7.523106,1
fixed_t1,8787,8.302704,1
fixed_t1,8788,5.954244,1
fixed_t1,8789,8.124615,1
fixed_t1,8790,6.971560,1
fixed_t1,8791,8.927960,1
fixed_t1,8792,5.782504,1
fixed_t1,8793,9.220816,1
fixed_t1,8794,15.728055,1
fixed_t1,8795,10.498601,1
fixed_t1,8796,3.696412,1
fixed_t1,8797,9.338271,1
fixed_t1,8798,21.015443,1
fixed_t1,8799,5.780126,1
fixed_t1,8800,19.539641,1
fixed_t1,8801,7.005589,1
fixed_t1,8802,4.799275,1
fixed_t1,8803,11.725556,1
fixed_t1,8804,6.026230,1
fixed_t1,8805,7.859593,1
fixed_t1,8806,39.388761,1
fixed_t1,8807,13.639281,1
fixed_t1,8808,6.808252,1
fixed_t1,8809,17.153503,1
fixed_t1,8810,7.125433,1
fixed_t1,8811,8.328080,1
fixed_t1,8812,11.055399,1
fixed_t1,8813,9.796827,1
fixed_t1,8814,18.020303,1
fixed_t1,8815,8.916399,1
fixed_t1,8816,12.241268,1
fixed_t1,8817,5.864055,1
fixed_t1,8818,13.721873,1
fixed_t1,8819,8.072133,1
fixed_t1,8820,6.186434,1
fixed_t1,8821,9.104517,1
fixed_t1,8822,8.109978,1
fixed_t1,8823,5.265816,1
fixed_t1,8824,5.580256,1
fixed_t1,8825,6.014446,1
fixed_t1,8826,4.072692,1
fixed_t1,8827,7.820291,1
fixed_t1,8828,8.720391,1
fixed_t1,8829,15.429833,1
fixed_t1,8830,5.879741,1
fixed_t1,8831,8.204454,1
fixed_t1,8832,5.060598,1
fixed_t1,8833,12.028273,1
fixed_t1,8834,3.590174,1
fixed_t1,8835,9.170863,1
fixed_t1,8836,13.403426,1
fixed_t1,8837,13.439133,1
fixed_t1,8838,8.350048,1
fixed_t1,8839,16.219109,1
fixed_t1,8840,16.695891,1
fixed_t1,8841,6.535721,1
fixed_t1,8842,5.764987,1
fixed_t1,8843,10.883674,1
fixed_t1,8844,16.024746,1
fixed_t1,8845,10.499973,1
fixed_t1,8846,4.740022,1
fixed_t1,8847,8.701757,1
fixed_t1,8848,9.707264,1
fixed_t1,8849,7.786274,1
fixed_t1,8850,7.083703,1
fixed_t1,8851,12.733311,1
fixed_t1,8852,7.712644,1
fixed_t1,8853,12.283393,1
fixed_t1,8854,6.911584,1
fixed_t1,8855,10.211267,1
fixed_t1,8856,6.982454,1
fixed_t1,8857,12.761723,1
fixed_t1,8858,15.662721,1
fixed_t1,8859,12.176160,1
fixed_t1,8860,4.657375,1
fixed_t1,8861,10.948512,1
fixed_t1,8862,11.004337,1
fixed_t1,8863,10.893179,1
fixed_t1,8864,8.544956,1
fixed_t1,8865,6.049228,1
fixed_t1,8866,13.748662,1
fixed_t1,8867,5.121907,1
fixed_t1,8868,14.571846,1
fixed_t1,8869,9.956218,1
fixed_t1,8870,11.159447,1
fixed_t1,8871,11.983941,1
fixed_t1,8872,4.260098,1
fixed_t1,8873,7.413002,1
fixed_t1,8874,6.502801,1
fixed_t1,8875,10.538626,1
fixed_t1,8876,11.309002,1
fixed_t1,8877,5.534713,1
fixed_t1,8878,7.494267,1
fixed_t1,8879,8.861632,1
fixed_t1,8880,4.731338,1
fixed_t1,8881,9.213298,1
fixed_t1,8882,4.647071,1
fixed_t1,8883,10.465706,1
fixed_t1,8884,10.744156,1
fixed_t1,8885,5.258337,1
fixed_t1,8886,6.345139,1
fixed_t1,8887,14.443466,1
fixed_t1,8888,6.357232,1
fixed_t1,8889,12.477229,1
fixed_t1,8890,5.520688,1
fixed_t1,8891,12.808672,1
fixed_t1,8892,11.180435,1
fixed_t1,8893,8.886294,1
fixed_t1,8894,9.959065,1
fixed_t1,8895,4.191498,1
fixed_t1,8896,5.060483,1
fixed_t1,8897,7.526709,1
fixed_t1,8898,5.551522,1
fixed_t1,8899,17.875967,1
fixed_t1,8900,5.177499,1
fixed_t1,8901,11.034006,1
fixed_t1,8902,8.717304,1
fixed_t1,8903,7.892628,1
fixed_t1,8904,8.314975,1
fixed_t1,8905,15.576998,1
fixed_t1,8906,7.255614,1
fixed_t1,8907,3.224009,1
fixed_t1,8908,12.899935,1
fixed_t1,8909,6.578853,1
fixed_t1,8910,9.220885,1
fixed_t1,8911,12.553151,1
fixed_t1,8912,6.818431,1
fixed_t1,8913,16.020596,1
fixed_t1,8914,14.736774,1
fixed_t1,8915,3.350519,1
fixed_t1,8916,6.992026,1
fixed_t1,8917,16.863101,1
fixed_t1,8918,7.391650,1
fixed_t1,8919,7.525594,1
fixed_t1,8920,4.622594,1
fixed_t1,8921,12.791873,1
fixed_t1,8922,5.659700,1
fixed_t1,8923,10.237428,1
fixed_t1,8924,3.689517,1
fixed_t1,8925,11.168482,1
fixed_t1,8926,10.435244,1
fixed_t1,8927,11.034711,1
fixed_t1,8928,12.571747,1
fixed_t1,8929,3.556139,1
fixed_t1,8930,16.483102,1
fixed_t1,8931,11.049364,1
fixed_t1,8932,10.032411,1
fixed_t1,8933,7.548529,1
fixed_t1,8934,18.747478,1
fixed_t1,8935,4.392396,1
fixed_t1,8936,5.025922,1
fixed_t1,8937,9.756269,1
fixed_t1,8938,15.442009,1
fixed_t1,8939,5.023592,1
fixed_t1,8940,5.090933,1
fixed_t1,8941,9.157661,1
fixed_t1,8942,19.654647,1
fixed_t1,8943,5.417160,1
fixed_t1,8944,6.462954,1
fixed_t1,8945,8.080024,1
fixed_t1,8946,6.397327,1
fixed_t1,8947,7.834853,1
fixed_t1,8948,9.953079,1
fixed_t1,8949,9.397900,1
fixed_t1,8950,4.445066,1
fixed_t1,8951,8.632534,1
fixed_t1,8952,10.946595,1
fixed_t1,8953,8.674181,1
fixed_t1,8954,17.211521,1
fixed_t1,8955,13.627752,1
fixed_t1,8956,5.116372,1
fixed_t1,8957,4.758303,1
fixed_t1,8958,15.580602,1
fixed_t1,8959,5.477376,1
fixed_t1,8960,15.204049,1
fixed_t1,8961,9.614474,1
fixed_t1,8962,8.730722,1
fixed_t1,8963,9.794578,1
fixed_t1,8964,14.432925,1
fixed_t1,8965,10.010394,1
fixed_t1,8966,6.318324,1
fixed_t1,8967,25.723392,1
fixed_t1,8968,10.172164,1
fixed_t1,8969,9.228097,1
fixed_t1,8970,8.412812,1
fixed_t1,8971,7.985528,1
fixed_t1,8972,5.391705,1
fixed_t1,8973,13.671271,1
fixed_t1,8974,7.266116,1
fixed_t1,8975,4.348389,1
fixed_t1,8976,6.893921,1
fixed_t1,8977,9.801725,1
fixed_t1,8978,5.370223,1
fixed_t1,8979,7.721414,1
fixed_t1,8980,6.221739,1
fixed_t1,8981,20.718372,1
fixed_t1,8982,3.931725,1
fixed_t1,8983,9.504679,1
fixed_t1,8984,6.422453,1
fixed_t1,8985,6.750466,1
fixed_t1,8986,5.593340,1
fixed_t1,8987,5.892953,1
fixed_t1,8988,10.402160,1
fixed_t1,8989,5.917843,1
fixed_t1,8990,6.493361,1
fixed_t1,8991,4.967733,1
fixed_t1,8992,5.778839,1
fixed_t1,8993,8.570796,1
fixed_t1,8994,11.869144,1
fixed_t1,8995,10.085583,1
fixed_t1,8996,4.097238,1
fixed_t1,8997,11.288610,1
fixed_t1,8998,5.383910,1
fixed_t1,8999,4.428477,1
fixed_t2,0,8.034341,2
fixed_t2,1,7.169186,2
fixed_t2,2,4.092884,2
fixed_t2,3,15.768583,2
fixed_t2,4,7.687308,2
fixed_t2,5,7.312180,2
fixed_t2,6,6.236678,2
fixed_t2,7,4.552070,2
fixed_t2,8,6.197089,2
fixed_t2,9,5.634029,2
fixed_t2,10,9.655996,2
fixed_t2,11,3.651783,2
fixed_t2,12,4.878074,2
fixed_t2,13,4.406511,2
fixed_t2,14,6.265418,2
fixed_t2,15,6.995517,2
fixed_t2,16,20.177569,2
fixed_t2,17,4.847766,2
fixed_t2,18,4.275044,2
fixed_t2,19,5.452913,2
fixed_t2,20,5.267950,2
fixed_t2,21,4.921497,2
fixed_t2,22,9.623745,2
fixed_t2,23,10.752807,2
fixed_t2,24,7.008483,2
fixed_t2,25,5.621639,2
fixed_t2,26,8.860874,2
fixed_t2,27,10.414764,2
fixed_t2,28,3.521705,2
fixed_t2,29,7.072290,2
fixed_t2,30,11.524419,2
fixed_t2,31,6.019889,2
fixed_t2,32,8.240307,2
fixed_t2,33,8.218161,2
fixed_t2,34,4.275604,2
fixed_t2,35,8.884999,2
fixed_t2,36,8.646896,2
fixed_t2,37,7.757491,2
fixed_t2,38,10.826367,2
fixed_t2,39,6.797941,2
fixed_t2,40,4.768587,2
fixed_t2,41,11.084276,2
fixed_t2,42,7.224356,2
fixed_t2,43,6.603393,2
fixed_t2,44,4.927259,2
fixed_t2,45,11.660127,2
fixed_t2,46,12.441759,2
fixed_t2,47,5.037803,2
fixed_t2,48,8.607128,2
fixed_t2,49,6.965178,2
fixed_t2,50,4.577285,2
fixed_t2,51,6.398000,2
fixed_t2,52,8.150958,2
fixed_t2,53,13.167559,2
fixed_t2,54,9.370383,2
fixed_t2,55,11.317102,2
fixed_t2,56,7.634827,2
fixed_t2,57,5.833501,2
fixed_t2,58,8.328967,2
fixed_t2,59,4.184201,2
fixed_t2,60,8.441921,2
fixed_t2,61,7.903822,2
fixed_t2,62,2.564896,2
fixed_t2,63,6.759997,2
fixed_t2,64,3.223565,2
fixed_t2,65,5.762961,2
fixed_t2,66,5.685608,2
fixed_t2,67,5.350356,2
fixed_t2,68,8.505935,2
fixed_t2,69,7.838602,2
fixed_t2,70,6.643132,2
fixed_t2,71,10.505913,2
fixed_t2,72,9.754738,2
fixed_t2,73,8.162892,2
fixed_t2,74,16.740030,2
fixed_t2,75,8.766109,2
fixed_t2,76,7.174149,2
fixed_t2,77,4.220368,2
fixed_t2,78,8.404429,2
fixed_t2,79,5.158844,2
fixed_t2,80,9.058370,2
fixed_t2,81,7.645641,2
fixed_t2,82,11.097060,2
fixed_t2,83,4.890742,2
fixed_t2,84,3.916851,2
fixed_t2,85,6.154928,2
fixed_t2,86,11.860292,2
fixed_t2,87,2.926174,2
fixed_t2,88,5.245575,2
fixed_t2,89,6.074699,2
fixed_t2,90,3.915908,2
fixed_t2,91,4.607539,2
fixed_t2,92,7.017719,2
fixed_t2,93,8.298012,2
fixed_t2,94,14.229933,2
fixed_t2,95,10.315385,2
fixed_t2,96,7.025604,2
fixed_t2,97,14.430848,2
fixed_t2,98,8.048042,2
fixed_t2,99,6.536760,2
fixed_t2,100,14.786429,2
fixed_t2,101,4.020321,2
fixed_t2,102,8.622997,2
fixed_t2,103,16.284794,2
fixed_t2,104,9.982686,2
fixed_t2,105,8.418736,2
fixed_t2,106,13.768624,2
fixed_t2,107,3.110408,2
fixed_t2,108,5.699619,2
fixed_t2,109,11.550219,2
fixed_t2,110,5.744107,2
fixed_t2,111,11.643082,2
fixed_t2,112,5.674593,2
fixed_t2,113,9.542937,2
fixed_t2,114,4.001287,2
fixed_t2,115,5.346545,2
fixed_t2,116,8.360748,2
fixed_t2,117,5.563671,2
fixed_t2,118,5.477330,2
fixed_t2,119,4.917085,2
fixed_t2,120,5.429753,2
fixed_t2,121,13.450269,2
fixed_t2,122,6.844213,2
fixed_t2,123,3.506837,2
fixed_t2,124,6.738413,2
fixed_t2,125,5.531318,2
fixed_t2,126,3.799519,2
fixed_t2,127,10.697838,2
fixed_t2,128,12.756968,2
fixed_t2,129,4.272858,2
fixed_t2,130,4.190332,2
fixed_t2,131,7.584095,2
fixed_t2,132,7.253058,2
fixed_t2,133,5.704440,2
fixed_t2,134,11.248560,2
fixed_t2,135,5.162723,2
fixed_t2,136,13.612459,2
fixed_t2,137,11.855909,2
fixed_t2,138,4.865633,2
fixed_t2,139,2.204464,2
fixed_t2,140,2.796253,2
fixed_t2,141,9.002396,2
fixed_t2,142,7.869269,2
fixed_t2,143,7.229084,2
fixed_t2,144,5.253764,2
fixed_t2,145,6.063512,2
fixed_t2,146,9.553332,2
fixed_t2,147,6.782236,2
fixed_t2,148,8.316678,2
fixed_t2,149,24.069026,2
fixed_t2,150,8.430547,2
fixed_t2,151,8.134864,2
fixed_t2,152,11.649944,2
fixed_t2,153,10.046655,2
fixed_t2,154,7.663161,2
fixed_t2,155,10.206899,2
fixed_t2,156,13.037167,2
fixed_t2,157,5.749581,2
fixed_t2,158,4.014263,2
fixed_t2,159,6.377496,2
fixed_t2,160,5.716575,2
fixed_t2,161,7.156841,2
fixed_t2,162,3.933617,2
fixed_t2,163,10.904781,2
fixed_t2,164,14.359330,2
fixed_t2,165,3.224802,2
fixed_t2,166,8.188762,2
fixed_t2,167,7.854683,2
fixed_t2,168,5.593332,2
fixed_t2,169,5.389839,2
fixed_t2,170,8.041314,2
fixed_t2,171,6.822132,2
fixed_t2,172,6.765780,2
fixed_t2,173,7.201062,2
fixed_t2,174,4.204719,2
fixed_t2,175,3.128853,2
fixed_t2,176,4.368962,2
fixed_t2,177,5.173571,2
fixed_t2,178,8.775362,2
fixed_t2,179,4.518616,2
fixed_t2,180,9.926141,2
fixed_t2,181,6.713012,2
fixed_t2,182,5.998504,2
fixed_t2,183,13.459056,2
fixed_t2,184,3.092726,2
fixed_t2,185,11.960169,2
fixed_t2,186,6.936504,2
fixed_t2,187,5.659219,2
fixed_t2,188,11.661959,2
fixed_t2,189,3.013674,2
fixed_t2,190,5.919857,2
fixed_t2,191,5.819157,2
fixed_t2,192,10.643221,2
fixed_t2,193,4.852607,2
fixed_t2,194,7.943294,2
fixed_t2,195,6.327019,2
fixed_t2,196,10.347399,2
fixed_t2,197,5.854840,2
fixed_t2,198,9.719666,2
fixed_t2,199,2.822308,2
fixed_t2,200,7.990779,2
fixed_t2,201,8.060197,2
fixed_t2,202,9.272504,2
fixed_t2,203,7.176583,2
fixed_t2,204,6.643435,2
fixed_t2,205,5.555561,2
fixed_t2,206,3.894036,2
fixed_t2,207,3.731990,2
fixed_t2,208,8.644026,2
fixed_t2,209,12.432028,2
fixed_t2,210,5.360314,2
fixed_t2,211,11.610556,2
fixed_t2,212,4.696232,2
fixed_t2,213,3.915174,2
fixed_t2,214,7.437980,2
fixed_t2,215,5.914548,2
fixed_t2,216,12.993093,2
fixed_t2,217,11.110467,2
fixed_t2,218,3.485613,2
fixed_t2,219,7.293124,2
fixed_t2,220,4.101592,2
fixed_t2,221,4.732901,2
fixed_t2,222,3.607262,2
fixed_t2,223,8.813091,2
fixed_t2,224,5.659601,2
fixed_t2,225,10.509175,2
fixed_t2,226,7.381630,2
fixed_t2,227,5.110215,2
fixed_t2,228,12.853749,2
fixed_t2,229,9.771580,2
fixed_t2,230,6.156712,2
fixed_t2,231,6.559598,2
fixed_t2,232,6.472153,2
fixed_t2,233,4.140524,2
fixed_t2,234,5.232758,2
fixed_t2,235,5.010308,2
fixed_t2,236,4.777308,2
fixed_t2,237,9.831410,2
fixed_t2,238,6.666116,2
fixed_t2,239,6.215106,2
fixed_t2,240,5.204416,2
fixed_t2,241,10.269200,2
fixed_t2,242,3.717551,2
fixed_t2,243,7.023369,2
fixed_t2,244,8.178931,2
fixed_t2,245,6.788085,2
fixed_t2,246,8.336648,2
fixed_t2,247,7.577149,2
fixed_t2,248,5.913533,2
fixed_t2,249,5.386851,2
fixed_t2,250,9.441729,2
fixed_t2,251,3.332577,2
fixed_t2,252,22.498979,2
fixed_t2,253,6.567307,2
fixed_t2,254,6.366215,2
fixed_t2,255,7.076953,2
fixed_t2,256,6.451312,2
fixed_t2,257,8.568248,2
fixed_t2,258,5.514757,2
fixed_t2,259,6.767661,2
fixed_t2,260,6.342582,2
fixed_t2,261,6.319427,2
fixed_t2,262,8.161980,2
fixed_t2,263,5.726190,2
fixed_t2,264,3.121059,2
fixed_t2,265,4.503225,2
fixed_t2,266,9.158425,2
fixed_t2,267,6.002639,2
fixed_t2,268,6.578755,2
fixed_t2,269,5.056802,2
fixed_t2,270,6.874697,2
fixed_t2,271,5.013772,2
fixed_t2,272,6.436725,2
fixed_t2,273,6.725191,2
fixed_t2,274,11.420856,2
fixed_t2,275,7.202888,2
fixed_t2,276,10.883778,2
fixed_t2,277,7.026276,2
fixed_t2,278,7.492315,2
fixed_t2,279,6.289859,2
fixed_t2,280,5.591272,2
fixed_t2,281,3.338002,2
fixed_t2,282,6.994325,2
fixed_t2,283,4.755414,2
fixed_t2,284,4.799517,2
fixed_t2,285,7.845194,2
fixed_t2,286,6.393597,2
fixed_t2,287,5.190417,2
fixed_t2,288,7.479832,2
fixed_t2,289,3.927335,2
fixed_t2,290,9.146463,2
fixed_t2,291,5.930985,2
fixed_t2,292,6.850662,2
fixed_t2,293,14.940557,2
fixed_t2,294,4.565542,2
fixed_t2,295,7.931751,2
fixed_t2,296,9.020856,2
fixed_t2,297,8.784619,2
fixed_t2,298,12.840003,2
fixed_t2,299,3.752208,2
fixed_t2,300,2.537869,2
fixed_t2,301,4.867718,2
fixed_t2,302,7.890013,2
fixed_t2,303,7.543293,2
fixed_t2,304,5.317303,2
fixed_t2,305,3.184635,2
fixed_t2,306,3.495480,2
fixed_t2,307,4.602714,2
fixed_t2,308,9.075738,2
fixed_t2,309,12.715856,2
fixed_t2,310,8.700251,2
fixed_t2,311,3.159913,2
fixed_t2,312,7.265281,2
fixed_t2,313,2.855286,2
fixed_t2,314,4.024906,2
fixed_t2,315,4.516859,2
fixed_t2,316,14.620655,2
fixed_t2,317,11.167496,2
fixed_t2,318,7.810749,2
fixed_t2,319,3.490293,2
fixed_t2,320,5.699331,2
fixed_t2,321,6.048508,2
fixed_t2,322,8.621475,2
fixed_t2,323,6.478481,2
fixed_t2,324,5.910910,2
fixed_t2,325,5.741880,2
fixed_t2,326,5.729712,2
fixed_t2,327,6.785013,2
fixed_t2,328,8.171524,2
fixed_t2,329,4.800052,2
fixed_t2,330,5.763681,2
fixed_t2,331,9.076861,2
fixed_t2,332,6.614167,2
fixed_t2,333,7.478624,2
fixed_t2,334,4.720435,2
fixed_t2,335,7.744512,2
fixed_t2,336,4.708910,2
fixed_t2,337,6.392754,2
fixed_t2,338,12.228028,2
fixed_t2,339,10.617418,2
fixed_t2,340,4.012569,2
fixed_t2,341,6.684750,2
fixed_t2,342,6.151322,2
fixed_t2,343,5.841645,2
fixed_t2,344,6.728859,2
fixed_t2,345,6.455627,2
fixed_t2,346,6.448320,2
fixed_t2,347,4.491322,2
fixed_t2,348,5.255982,2
fixed_t2,349,7.666404,2
fixed_t2,350,5.543781,2
fixed_t2,351,13.139985,2
fixed_t2,352,3.615872,2
fixed_t2,353,6.682358,2
fixed_t2,354,3.836144,2
fixed_t2,355,7.404752,2
fixed_t2,356,9.697134,2
fixed_t2,357,8.782413,2
fixed_t2,358,6.454700,2
fixed_t2,359,12.948361,2
fixed_t2,360,5.456117,2
fixed_t2,361,9.953259,2
fixed_t2,362,4.611788,2
fixed_t2,363,4.165990,2
fixed_t2,364,6.761472,2
fixed_t2,365,5.976384,2
fixed_t2,366,8.677870,2
fixed_t2,367,16.081002,2
fixed_t2,368,6.390125,2
fixed_t2,369,6.246798,2
fixed_t2,370,5.503689,2
fixed_t2,371,10.852087,2
fixed_t2,372,4.767556,2
fixed_t2,373,5.279301,2
fixed_t2,374,11.523253,2
fixed_t2,375,12.481081,2
fixed_t2,376,4.727636,2
fixed_t2,377,5.780910,2
fixed_t2,378,3.988453,2
fixed_t2,379,4.316635,2
fixed_t2,380,5.734584,2
fixed_t2,381,6.369316,2
fixed_t2,382,8.292978,2
fixed_t2,383,3.429700,2
fixed_t2,384,12.103367,2
fixed_t2,385,12.225439,2
fixed_t2,386,5.891349,2
fixed_t2,387,4.731588,2
fixed_t2,388,7.669239,2
fixed_t2,389,7.142137,2
fixed_t2,390,6.075679,2
fixed_t2,391,10.910238,2
fixed_t2,392,7.724640,2
fixed_t2,393,12.812706,2
fixed_t2,394,7.451013,2
fixed_t2,395,7.405081,2
fixed_t2,396,5.760711,2
fixed_t2,397,6.029728,2
fixed_t2,398,4.610668,2
fixed_t2,399,6.121720,2
fixed_t2,400,4.775682,2
fixed_t2,401,13.425011,2
fixed_t2,402,6.289386,2
fixed_t2,403,5.041567,2
fixed_t2,404,10.070460,2
fixed_t2,405,7.342732,2
fixed_t2,406,3.485448,2
fixed_t2,407,5.095806,2
fixed_t2,408,3.748084,2
fixed_t2,409,9.212436,2
fixed_t2,410,20.364086,2
fixed_t2,411,4.605897,2
fixed_t2,412,7.400379,2
fixed_t2,413,6.918173,2
fixed_t2,414,7.685161,2
fixed_t2,415,5.965121,2
fixed_t2,416,5.793459,2
fixed_t2,417,6.031209,2
fixed_t2,418,3.988071,2
fixed_t2,419,4.959316,2
fixed_t2,420,6.989881,2
fixed_t2,421,4.227653,2
fixed_t2,422,5.238442,2
fixed_t2,423,18.885519,2
fixed_t2,424,3.905242,2
fixed_t2,425,11.210271,2
fixed_t2,426,4.627909,2
fixed_t2,427,8.177175,2
fixed_t2,428,4.913799,2
fixed_t2,429,5.386320,2
fixed_t2,430,3.427326,2
fixed_t2,431,5.465164,2
fixed_t2,432,5.605359,2
fixed_t2,433,8.217224,2
fixed_t2,434,12.960243,2
fixed_t2,435,3.940179,2
fixed_t2,436,6.517588,2
fixed_t2,437,4.373317,2
fixed_t2,438,12.775132,2
fixed_t2,439,6.449435,2
fixed_t2,440,4.062744,2
fixed_t2,441,9.372632,2
fixed_t2,442,6.850525,2
fixed_t2,443,7.147791,2
fixed_t2,444,3.527964,2
fixed_t2,445,6.504673,2
fixed_t2,446,4.903407,2
fixed_t2,447,9.672217,2
fixed_t2,448,5.322287,2
fixed_t2,449,7.521729,2
fixed_t2,450,6.069601,2
fixed_t2,451,11.525746,2
fixed_t2,452,3.103901,2
fixed_t2,453,4.896368,2
fixed_t2,454,14.719782,2
fixed_t2,455,4.816222,2
fixed_t2,456,6.921950,2
fixed_t2,457,7.855945,2
fixed_t2,458,8.032770,2
fixed_t2,459,5.621147,2
fixed_t2,460,12.330905,2
fixed_t2,461,8.509849,2
fixed_t2,462,4.362901,2
fixed_t2,463,5.984037,2
fixed_t2,464,8.649193,2
fixed_t2,465,8.989525,2
fixed_t2,466,7.237118,2
fixed_t2,467,9.720223,2
fixed_t2,468,7.974758,2
fixed_t2,469,4.220265,2
fixed_t2,470,10.152413,2
fixed_t2,471,6.474013,2
fixed_t2,472,4.985571,2
fixed_t2,473,7.545875,2
fixed_t2,474,6.003655,2
fixed_t2,475,10.236258,2
fixed_t2,476,5.896335,2
fixed_t2,477,5.966513,2
fixed_t2,478,4.850399,2
fixed_t2,479,9.001083,2
fixed_t2,480,9.203860,2
fixed_t2,481,4.729802,2
fixed_t2,482,5.093541,2
fixed_t2,483,6.145167,2
fixed_t2,484,9.377132,2
fixed_t2,485,4.912685,2
fixed_t2,486,7.217576,2
fixed_t2,487,5.276990,2
fixed_t2,488,11.777608,2
fixed_t2,489,12.081267,2
fixed_t2,490,2.989605,2
fixed_t2,491,7.889092,2
fixed_t2,492,3.412836,2
fixed_t2,493,7.697430,2
fixed_t2,494,8.236681,2
fixed_t2,495,10.071629,2
fixed_t2,496,6.851383,2
fixed_t2,497,5.444627,2
fixed_t2,498,4.581953,2
fixed_t2,499,4.745536,2
fixed_t2,500,5.605799,2
fixed_t2,501,6.112911,2
fixed_t2,502,8.040989,2
fixed_t2,503,9.995038,2
fixed_t2,504,8.002919,2
fixed_t2,505,9.275833,2
fixed_t2,506,12.927445,2
fixed_t2,507,4.646517,2
fixed_t2,508,2.759394,2
fixed_t2,509,4.996009,2
fixed_t2,510,4.885891,2
fixed_t2,511,7.450397,2
fixed_t2,512,6.406532,2
fixed_t2,513,8.765119,2
fixed_t2,514,4.611571,2
fixed_t2,515,4.297093,2
fixed_t2,516,5.526745,2
fixed_t2,517,7.444943,2
fixed_t2,518,3.601605,2
fixed_t2,519,11.336665,2
fixed_t2,520,2.790931,2
fixed_t2,521,7.795490,2
fixed_t2,522,6.648881,2
fixed_t2,523,11.720106,2
fixed_t2,524,8.045773,2
fixed_t2,525,6.034981,2
fixed_t2,526,9.788594,2
fixed_t2,527,8.106446,2
fixed_t2,528,6.205081,2
fixed_t2,529,15.166739,2
fixed_t2,530,7.364800,2
fixed_t2,531,6.182785,2
fixed_t2,532,11.851127,2
fixed_t2,533,9.511171,2
fixed_t2,534,3.823272,2
fixed_t2,535,7.189219,2
fixed_t2,536,8.250503,2
fixed_t2,537,4.711360,2
fixed_t2,538,4.010529,2
fixed_t2,539,5.222873,2
fixed_t2,540,9.033285,2
fixed_t2,541,3.491364,2
fixed_t2,542,9.683159,2
fixed_t2,543,3.999853,2
fixed_t2,544,7.605984,2
fixed_t2,545,6.534415,2
fixed_t2,546,9.432863,2
fixed_t2,547,2.872958,2
fixed_t2,548,6.500116,2
fixed_t2,549,4.594235,2
fixed_t2,550,5.895815,2
fixed_t2,551,9.066093,2
fixed_t2,552,6.711914,2
fixed_t2,553,3.855096,2
fixed_t2,554,4.654079,2
fixed_t2,555,4.847026,2
fixed_t2,556,3.614912,2
fixed_t2,557,3.544101,2
fixed_t2,558,7.558903,2
fixed_t2,559,8.415637,2
fixed_t2,560,5.803212,2
fixed_t2,561,3.105919,2
fixed_t2,562,12.021240,2
fixed_t2,563,5.374671,2
fixed_t2,564,9.919706,2
fixed_t2,565,6.151164,2
fixed_t2,566,14.587700,2
fixed_t2,567,5.566947,2
fixed_t2,568,3.552709,2
fixed_t2,569,6.551488,2
fixed_t2,570,6.696447,2
fixed_t2,571,8.292858,2
fixed_t2,572,7.818349,2
fixed_t2,573,6.068520,2
fixed_t2,574,4.045499,2
fixed_t2,575,7.405101,2
fixed_t2,576,7.139633,2
fixed_t2,577,7.917036,2
fixed_t2,578,9.613635,2
fixed_t2,579,8.104767,2
fixed_t2,580,3.293720,2
fixed_t2,581,5.132190,2
fixed_t2,582,3.982167,2
fixed_t2,583,6.381508,2
fixed_t2,584,10.373073,2
fixed_t2,585,9.507659,2
fixed_t2,586,5.100505,2
fixed_t2,587,5.670194,2
fixed_t2,588,15.335577,2
fixed_t2,589,6.761981,2
fixed_t2,590,4.049754,2
fixed_t2,591,14.623717,2
fixed_t2,592,6.537614,2
fixed_t2,593,6.537047,2
fixed_t2,594,5.802536,2
fixed_t2,595,4.464426,2
fixed_t2,596,6.642824,2
fixed_t2,597,5.157455,2
fixed_t2,598,4.479151,2
fixed_t2,599,14.510998,2
fixed_t2,600,6.764641,2
fixed_t2,601,6.697232,2
fixed_t2,602,7.700611,2
fixed_t2,603,12.249764,2
fixed_t2,604,5.049340,2
fixed_t2,605,6.946284,2
fixed_t2,606,5.669303,2
fixed_t2,607,5.449608,2
fixed_t2,608,17.379998,2
fixed_t2,609,3.655514,2
fixed_t2,610,4.185590,2
fixed_t2,611,11.113516,2
fixed_t2,612,6.369733,2
fixed_t2,613,6.927378,2
fixed_t2,614,4.208731,2
fixed_t2,615,10.761918,2
fixed_t2,616,13.316141,2
fixed_t2,617,8.087397,2
fixed_t2,618,12.569186,2
fixed_t2,619,6.903342,2
fixed_t2,620,4.740029,2
fixed_t2,621,5.027797,2
fixed_t2,622,7.196197,2
fixed_t2,623,5.341758,2
fixed_t2,624,12.990611,2
fixed_t2,625,5.730419,2
fixed_t2,626,3.975577,2
fixed_t2,627,7.371955,2
fixed_t2,628,7.220980,2
fixed_t2,629,7.687404,2
fixed_t2,630,8.400454,2
fixed_t2,631,7.052286,2
fixed_t2,632,2.940287,2
fixed_t2,633,3.666029,2
fixed_t2,634,4.268986,2
fixed_t2,635,7.319409,2
fixed_t2,636,7.233850,2
fixed_t2,637,5.968749,2
fixed_t2,638,3.892922,2
fixed_t2,639,11.655971,2
fixed_t2,640,8.160677,2
fixed_t2,641,4.721945,2
fixed_t2,642,6.300197,2
fixed_t2,643,4.435429,2
fixed_t2,644,6.039733,2
fixed_t2,645,6.580459,2
fixed_t2,646,9.690708,2
fixed_t2,647,5.533200,2
fixed_t2,648,7.327385,2
fixed_t2,649,5.472221,2
fixed_t2,650,3.383253,2
fixed_t2,651,5.833819,2
fixed_t2,652,8.380213,2
fixed_t2,653,6.820247,2
fixed_t2,654,8.136892,2
fixed_t2,655,8.340909,2
fixed_t2,656,16.483230,2
fixed_t2,657,6.024422,2
fixed_t2,658,5.375150,2
fixed_t2,659,8.714482,2
fixed_t2,660,7.316412,2
fixed_t2,661,8.208437,2
fixed_t2,662,14.251641,2
fixed_t2,663,9.423212,2
fixed_t2,664,8.293252,2
fixed_t2,665,4.608284,2
fixed_t2,666,7.602690,2
fixed_t2,667,9.760744,2
fixed_t2,668,5.631662,2
fixed_t2,669,3.214303,2
fixed_t2,670,5.016254,2
fixed_t2,671,3.443559,2
fixed_t2,672,16.443154,2
fixed_t2,673,3.201387,2
fixed_t2,674,7.095271,2
fixed_t2,675,11.923531,2
fixed_t2,676,3.266628,2
fixed_t2,677,4.571035,2
fixed_t2,678,4.187401,2
fixed_t2,679,9.496572,2
fixed_t2,680,4.537863,2
fixed_t2,681,8.953718,2
fixed_t2,682,6.533748,2
fixed_t2,683,8.496548,2
fixed_t2,684,5.409557,2
fixed_t2,685,13.078440,2
fixed_t2,686,8.720859,2
fixed_t2,687,6.276229,2
fixed_t2,688,5.017039,2
fixed_t2,689,6.905760,2
fixed_t2,690,6.270683,2
fixed_t2,691,7.409315,2
fixed_t2,692,18.904650,2
fixed_t2,693,5.108321,2
fixed_t2,694,9.647116,2
fixed_t2,695,4.358747,2
fixed_t2,696,7.137969,2
fixed_t2,697,4.851655,2
fixed_t2,698,5.049994,2
fixed_t2,699,9.910417,2
fixed_t2,700,4.038001,2
fixed_t2,701,3.295928,2
fixed_t2,702,7.463643,2
fixed_t2,703,4.517566,2
fixed_t2,704,9.064032,2
fixed_t2,705,9.745358,2
fixed_t2,706,5.737792,2
fixed_t2,707,10.208939,2
fixed_t2,708,7.053034,2
fixed_t2,709,21.533584,2
fixed_t2,710,4.740928,2
fixed_t2,711,7.451469,2
fixed_t2,712,9.519894,2
fixed_t2,713,5.650577,2
fixed_t2,714,6.285501,2
fixed_t2,715,11.213030,2
fixed_t2,716,6.049777,2
fixed_t2,717,14.694493,2
fixed_t2,718,5.288264,2
fixed_t2,719,6.387972,2
fixed_t2,720,7.997119,2
fixed_t2,721,5.180640,2
fixed_t2,722,5.888074,2
fixed_t2,723,5.529610,2
fixed_t2,724,8.366899,2
fixed_t2,725,4.110483,2
fixed_t2,726,6.659627,2
fixed_t2,727,7.750942,2
fixed_t2,728,11.134688,2
fixed_t2,729,5.644160,2
fixed_t2,730,5.369869,2
fixed_t2,731,4.224086,2
fixed_t2,732,3.520769,2
fixed_t2,733,6.800648,2
fixed_t2,734,13.392525,2
fixed_t2,735,4.572650,2
fixed_t2,736,2.908614,2
fixed_t2,737,5.903726,2
fixed_t2,738,2.398502,2
fixed_t2,739,15.339858,2
fixed_t2,740,6.735654,2
fixed_t2,741,10.424535,2
fixed_t2,742,8.839319,2
fixed_t2,743,9.415473,2
fixed_t2,744,4.567167,2
fixed_t2,745,6.581825,2
fixed_t2,746,5.190683,2
fixed_t2,747,11.122644,2
fixed_t2,748,4.768930,2
fixed_t2,749,10.104631,2
fixed_t2,750,4.361199,2
fixed_t2,751,12.391653,2
fixed_t2,752,2.172400,2
fixed_t2,753,6.300524,2
fixed_t2,754,6.378363,2
fixed_t2,755,8.646052,2
fixed_t2,756,6.607016,2
fixed_t2,757,9.701833,2
fixed_t2,758,10.334609,2
fixed_t2,759,8.015359,2
fixed_t2,760,2.989714,2
fixed_t2,761,10.946216,2
fixed_t2,762,6.030365,2
fixed_t2,763,6.015515,2
fixed_t2,764,10.307867,2
fixed_t2,765,10.192156,2
fixed_t2,766,7.942418,2
fixed_t2,767,7.256238,2
fixed_t2,768,4.766399,2
fixed_t2,769,5.672442,2
fixed_t2,770,11.409004,2
fixed_t2,771,6.064195,2
fixed_t2,772,5.478620,2
fixed_t2,773,10.167501,2
fixed_t2,774,4.393783,2
fixed_t2,775,6.324235,2
fixed_t2,776,8.631527,2
fixed_t2,777,9.803517,2
fixed_t2,778,10.206790,2
fixed_t2,779,8.437632,2
fixed_t2,780,9.130012,2
fixed_t2,781,6.286019,2
fixed_t2,782,7.338753,2
fixed_t2,783,5.452155,2
fixed_t2,784,8.998022,2
fixed_t2,785,5.152862,2
fixed_t2,786,12.255437,2
fixed_t2,787,4.307080,2
fixed_t2,788,5.576679,2
fixed_t2,789,6.602572,2
fixed_t2,790,10.772852,2
fixed_t2,791,5.174766,2
fixed_t2,792,4.050885,2
fixed_t2,793,7.136342,2
fixed_t2,794,4.516498,2
fixed_t2,795,8.086518,2
fixed_t2,796,11.973352,2
fixed_t2,797,7.577392,2
fixed_t2,798,11.677917,2
fixed_t2,799,8.331667,2
fixed_t2,800,5.393457,2
fixed_t2,801,8.606392,2
fixed_t2,802,4.489730,2
fixed_t2,803,3.125168,2
fixed_t2,804,4.400883,2
fixed_t2,805,13.949471,2
fixed_t2,806,7.326588,2
fixed_t2,807,7.756986,2
fixed_t2,808,5.791972,2
fixed_t2,809,7.197223,2
fixed_t2,810,5.072166,2
fixed_t2,811,13.852173,2
fixed_t2,812,9.140566,2
fixed_t2,813,3.650463,2
fixed_t2,814,8.322961,2
fixed_t2,815,3.917488,2
fixed_t2,816,5.985657,2
fixed_t2,817,3.528998,2
fixed_t2,818,9.430366,2
fixed_t2,819,7.149083,2
fixed_t2,820,5.285502,2
fixed_t2,821,7.001445,2
fixed_t2,822,3.868667,2
fixed_t2,823,10.885192,2
fixed_t2,824,12.034010,2
fixed_t2,825,6.249555,2
fixed_t2,826,5.595968,2
fixed_t2,827,13.120320,2
fixed_t2,828,9.793979,2
fixed_t2,829,7.911114,2
fixed_t2,830,10.261506,2
fixed_t2,831,6.796604,2
fixed_t2,832,4.316492,2
fixed_t2,833,9.447409,2
fixed_t2,834,4.893417,2
fixed_t2,835,9.976498,2
fixed_t2,836,3.779824,2
fixed_t2,837,7.131648,2
fixed_t2,838,8.980844,2
fixed_t2,839,8.316630,2
fixed_t2,840,8.050027,2
fixed_t2,841,8.841676,2
fixed_t2,842,6.452124,2
fixed_t2,843,4.492361,2
fixed_t2,844,13.299671,2
fixed_t2,845,8.717564,2
fixed_t2,846,3.913250,2
fixed_t2,847,11.620728,2
fixed_t2,848,7.943955,2
fixed_t2,849,8.942863,2
fixed_t2,850,4.080008,2
fixed_t2,851,10.513311,2
fixed_t2,852,13.450876,2
fixed_t2,853,7.695207,2
fixed_t2,854,8.190512,2
fixed_t2,855,4.420842,2
fixed_t2,856,4.830191,2
fixed_t2,857,4.357292,2
fixed_t2,858,8.529181,2
fixed_t2,859,6.783699,2
fixed_t2,860,5.415090,2
fixed_t2,861,4.959464,2
fixed_t2,862,5.308102,2
fixed_t2,863,3.897133,2
fixed_t2,864,11.190581,2
fixed_t2,865,14.842815,2
fixed_t2,866,5.598694,2
fixed_t2,867,6.040935,2
fixed_t2,868,3.453663,2
fixed_t2,869,9.236267,2
fixed_t2,870,12.021399,2
fixed_t2,871,7.164918,2
fixed_t2,872,8.128929,2
fixed_t2,873,6.235397,2
fixed_t2,874,8.440761,2
fixed_t2,875,3.454237,2
fixed_t2,876,4.913031,2
fixed_t2,877,4.611062,2
fixed_t2,878,7.182865,2
fixed_t2,879,8.661498,2
fixed_t2,880,8.394254,2
fixed_t2,881,5.426627,2
fixed_t2,882,10.536118,2
fixed_t2,883,15.289751,2
fixed_t2,884,9.048962,2
fixed_t2,885,12.498415,2
fixed_t2,886,10.197308,2
fixed_t2,887,12.835140,2
fixed_t2,888,8.100503,2
fixed_t2,889,6.498700,2
fixed_t2,890,7.853241,2
fixed_t2,891,7.521735,2
fixed_t2,892,9.350708,2
fixed_t2,893,5.552692,2
fixed_t2,894,8.348971,2
fixed_t2,895,6.766012,2
fixed_t2,896,6.620612,2
fixed_t2,897,8.012226,2
fixed_t2,898,6.417975,2
fixed_t2,899,11.565618,2
fixed_t2,900,4.705863,2
fixed_t2,901,5.959091,2
fixed_t2,902,8.211913,2
fixed_t2,903,9.128202,2
fixed_t2,904,6.605316,2
fixed_t2,905,6.163714,2
fixed_t2,906,6.841423,2
fixed_t2,907,5.286008,2
fixed_t2,908,3.173102,2
fixed_t2,909,5.951296,2
fixed_t2,910,2.844799,2
fixed_t2,911,5.144478,2
fixed_t2,912,3.654055,2
fixed_t2,913,3.107420,2
fixed_t2,914,9.844419,2
fixed_t2,915,8.702878,2
fixed_t2,916,6.145522,2
fixed_t2,917,8.563505,2
fixed_t2,918,8.740086,2
fixed_t2,919,4.039280,2
fixed_t2,920,9.179929,2
fixed_t2,921,8.473730,2
fixed_t2,922,7.997062,2
fixed_t2,923,5.592999,2
fixed_t2,924,7.533617,2
fixed_t2,925,8.535862,2
fixed_t2,926,7.520278,2
fixed_t2,927,5.153163,2
fixed_t2,928,6.028488,2
fixed_t2,929,9.337601,2
fixed_t2,930,7.805914,2
fixed_t2,931,4.487703,2
fixed_t2,932,5.969938,2
fixed_t2,933,12.149566,2
fixed_t2,934,10.508122,2
fixed_t2,935,8.152248,2
fixed_t2,936,6.242090,2
fixed_t2,937,7.698169,2
fixed_t2,938,4.789681,2
fixed_t2,939,6.693640,2
fixed_t2,940,5.374676,2
fixed_t2,941,4.859415,2
fixed_t2,942,6.240259,2
fixed_t2,943,6.572849,2
fixed_t2,944,6.041487,2
fixed_t2,945,11.568156,2
fixed_t2,946,4.435536,2
fixed_t2,947,6.982201,2
fixed_t2,948,4.865775,2
fixed_t2,949,6.343773,2
fixed_t2,950,4.934087,2
fixed_t2,951,3.825174,2
fixed_t2,952,13.945664,2
fixed_t2,953,5.348420,2
fixed_t2,954,8.104239,2
fixed_t2,955,17.525319,2
fixed_t2,956,9.485229,2
fixed_t2,957,5.112840,2
fixed_t2,958,10.005531,2
fixed_t2,959,6.579219,2
fixed_t2,960,4.203213,2
fixed_t2,961,14.694291,2
fixed_t2,962,4.625723,2
fixed_t2,963,11.327543,2
fixed_t2,964,4.995105,2
fixed_t2,965,7.771972,2
fixed_t2,966,5.148380,2
fixed_t2,967,6.161378,2
fixed_t2,968,7.451038,2
fixed_t2,969,7.781613,2
fixed_t2,970,5.781417,2
fixed_t2,971,4.125210,2
fixed_t2,972,6.922789,2
fixed_t2,973,6.524378,2
fixed_t2,974,3.044547,2
fixed_t2,975,10.020963,2
fixed_t2,976,14.004111,2
fixed_t2,977,16.256782,2
fixed_t2,978,8.668598,2
fixed_t2,979,4.486021,2
fixed_t2,980,6.503313,2
fixed_t2,981,4.635556,2
fixed_t2,982,6.508444,2
fixed_t2,983,7.237994,2
fixed_t2,984,13.374748,2
fixed_t2,985,5.800481,2
fixed_t2,986,8.049756,2
fixed_t2,987,12.277674,2
fixed_t2,988,3.801710,2
fixed_t2,989,8.183056,2
fixed_t2,990,3.271355,2
fixed_t2,991,4.542566,2
fixed_t2,992,10.460785,2
fixed_t2,993,8.105604,2
fixed_t2,994,5.595652,2
fixed_t2,995,13.711788,2
fixed_t2,996,6.837917,2
fixed_t2,997,6.169938,2
fixed_t2,998,6.536320,2
fixed_t2,999,5.724942,2
fixed_t2,1000,6.033841,2
fixed_t2,1001,8.893439,2
fixed_t2,1002,10.118206,2
fixed_t2,1003,15.219939,2
fixed_t2,1004,8.390446,2
fixed_t2,1005,13.503016,2
fixed_t2,1006,5.392647,2
fixed_t2,1007,8.784241,2
fixed_t2,1008,9.480501,2
fixed_t2,1009,10.226669,2
fixed_t2,1010,4.617694,2
fixed_t2,1011,6.043911,2
fixed_t2,1012,6.236103,2
fixed_t2,1013,7.750365,2
fixed_t2,1014,8.742135,2
fixed_t2,1015,4.309028,2
fixed_t2,1016,6.567126,2
fixed_t2,1017,12.624221,2
fixed_t2,1018,4.905671,2
fixed_t2,1019,4.202373,2
fixed_t2,1020,5.826608,2
fixed_t2,1021,3.774451,2
fixed_t2,1022,10.548399,2
fixed_t2,1023,11.884885,2
fixed_t2,1024,8.006495,2
fixed_t2,1025,6.218626,2
fixed_t2,1026,9.243907,2
fixed_t2,1027,6.578990,2
fixed_t2,1028,10.806777,2
fixed_t2,1029,5.153874,2
fixed_t2,1030,5.479065,2
fixed_t2,1031,2.287708,2
fixed_t2,1032,9.596825,2
fixed_t2,1033,7.802119,2
fixed_t2,1034,7.233404,2
fixed_t2,1035,9.319713,2
fixed_t2,1036,6.634345,2
fixed_t2,1037,8.323269,2
fixed_t2,1038,6.207649,2
fixed_t2,1039,10.183940,2
fixed_t2,1040,6.282048,2
fixed_t2,1041,8.595693,2
fixed_t2,1042,4.290341,2
fixed_t2,1043,9.852001,2
fixed_t2,1044,4.708608,2
fixed_t2,1045,4.129304,2
fixed_t2,1046,5.946465,2
fixed_t2,1047,10.627144,2
fixed_t2,1048,5.193645,2
fixed_t2,1049,6.030652,2
fixed_t2,1050,5.292371,2
fixed_t2,1051,10.463969,2
fixed_t2,1052,4.914754,2
fixed_t2,1053,6.385734,2
fixed_t2,1054,5.434364,2
fixed_t2,1055,7.076952,2
fixed_t2,1056,7.724856,2
fixed_t2,1057,12.159120,2
fixed_t2,1058,11.911338,2
fixed_t2,1059,9.554436,2
fixed_t2,1060,9.799269,2
fixed_t2,1061,2.559143,2
fixed_t2,1062,8.596967,2
fixed_t2,1063,5.374659,2
fixed_t2,1064,6.845439,2
fixed_t2,1065,9.095086,2
fixed_t2,1066,5.699462,2
fixed_t2,1067,3.803858,2
fixed_t2,1068,3.132561,2
fixed_t2,1069,21.259208,2
fixed_t2,1070,2.243000,2
fixed_t2,1071,4.496441,2
fixed_t2,1072,10.652009,2
fixed_t2,1073,4.081501,2
fixed_t2,1074,3.874091,2
fixed_t2,1075,6.184350,2
fixed_t2,1076,6.955389,2
fixed_t2,1077,8.257513,2
fixed_t2,1078,9.605466,2
fixed_t2,1079,5.748911,2
fixed_t2,1080,2.842782,2
fixed_t2,1081,13.600092,2
fixed_t2,1082,5.801359,2
fixed_t2,1083,10.257526,2
fixed_t2,1084,10.567798,2
fixed_t2,1085,9.526867,2
fixed_t2,1086,11.568206,2
fixed_t2,1087,6.561798,2
fixed_t2,1088,8.425734,2
fixed_t2,1089,5.295285,2
fixed_t2,1090,10.100993,2
fixed_t2,1091,10.778601,2
fixed_t2,1092,3.688550,2
fixed_t2,1093,7.530528,2
fixed_t2,1094,4.661863,2
fixed_t2,1095,3.676550,2
fixed_t2,1096,10.282459,2
fixed_t2,1097,9.621480,2
fixed_t2,1098,5.360138,2
fixed_t2,1099,5.783418,2
fixed_t2,1100,5.033030,2
fixed_t2,1101,3.121505,2
fixed_t2,1102,4.726271,2
fixed_t2,1103,7.430631,2
fixed_t2,1104,4.214818,2
fixed_t2,1105,3.416149,2
fixed_t2,1106,14.217365,2
fixed_t2,1107,5.757162,2
fixed_t2,1108,2.970527,2
fixed_t2,1109,5.125702,2
fixed_t2,1110,5.674267,2
fixed_t2,1111,5.747324,2
fixed_t2,1112,12.816288,2
fixed_t2,1113,8.572696,2
fixed_t2,1114,2.808161,2
fixed_t2,1115,5.190707,2
fixed_t2,1116,10.747658,2
fixed_t2,1117,4.496190,2
fixed_t2,1118,6.585830,2
fixed_t2,1119,6.849042,2
fixed_t2,1120,7.429307,2
fixed_t2,1121,10.775548,2
fixed_t2,1122,6.304205,2
fixed_t2,1123,4.974854,2
fixed_t2,1124,6.438666,2
fixed_t2,1125,3.246707,2
fixed_t2,1126,4.326786,2
fixed_t2,1127,6.130001,2
fixed_t2,1128,4.313670,2
fixed_t2,1129,10.473025,2
fixed_t2,1130,8.556878,2
fixed_t2,1131,4.329065,2
fixed_t2,1132,12.865907,2
fixed_t2,1133,5.644522,2
fixed_t2,1134,4.675012,2
fixed_t2,1135,5.770946,2
fixed_t2,1136,6.190803,2
fixed_t2,1137,5.184001,2
fixed_t2,1138,10.624313,2
fixed_t2,1139,9.550394,2
fixed_t2,1140,13.051065,2
fixed_t2,1141,5.436791,2
fixed_t2,1142,3.782249,2
fixed_t2,1143,7.829408,2
fixed_t2,1144,7.241420,2
fixed_t2,1145,7.268949,2
fixed_t2,1146,3.763376,2
fixed_t2,1147,4.620739,2
fixed_t2,1148,6.984808,2
fixed_t2,1149,6.692216,2
fixed_t2,1150,14.281080,2
fixed_t2,1151,6.795526,2
fixed_t2,1152,3.629414,2
fixed_t2,1153,8.045612,2
fixed_t2,1154,7.777057,2
fixed_t2,1155,10.205975,2
fixed_t2,1156,6.281868,2
fixed_t2,1157,5.874080,2
fixed_t2,1158,4.360474,2
fixed_t2,1159,7.948173,2
fixed_t2,1160,11.996761,2
fixed_t2,1161,5.821876,2
fixed_t2,1162,7.473354,2
fixed_t2,1163,7.576997,2
fixed_t2,1164,10.550979,2
fixed_t2,1165,7.002078,2
fixed_t2,1166,12.191806,2
fixed_t2,1167,6.872550,2
fixed_t2,1168,8.335068,2
fixed_t2,1169,7.465977,2
fixed_t2,1170,7.268415,2
fixed_t2,1171,18.931409,2
fixed_t2,1172,11.037226,2
fixed_t2,1173,9.369983,2
fixed_t2,1174,5.676840,2
fixed_t2,1175,7.109622,2
fixed_t2,1176,4.713870,2
fixed_t2,1177,8.634140,2
fixed_t2,1178,5.570675,2
fixed_t2,1179,6.934101,2
fixed_t2,1180,7.703161,2
fixed_t2,1181,4.175745,2
fixed_t2,1182,6.487645,2
fixed_t2,1183,5.308677,2
fixed_t2,1184,6.579956,2
fixed_t2,1185,5.511986,2
fixed_t2,1186,6.688148,2
fixed_t2,1187,5.297124,2
fixed_t2,1188,6.346010,2
fixed_t2,1189,7.797282,2
fixed_t2,1190,10.428763,2
fixed_t2,1191,7.441608,2
fixed_t2,1192,5.414797,2
fixed_t2,1193,4.554234,2
fixed_t2,1194,4.928654,2
fixed_t2,1195,3.699505,2
fixed_t2,1196,5.897107,2
fixed_t2,1197,10.526274,2
fixed_t2,1198,8.836347,2
fixed_t2,1199,5.583647,2
fixed_t2,1200,6.845181,2
fixed_t2,1201,7.266722,2
fixed_t2,1202,5.500046,2
fixed_t2,1203,12.654908,2
fixed_t2,1204,12.680176,2
fixed_t2,1205,5.579880,2
fixed_t2,1206,5.718362,2
fixed_t2,1207,8.541844,2
fixed_t2,1208,6.267930,2
fixed_t2,1209,9.581148,2
fixed_t2,1210,3.910239,2
fixed_t2,1211,4.715352,2
fixed_t2,1212,5.320945,2
fixed_t2,1213,13.457576,2
fixed_t2,1214,4.334515,2
fixed_t2,1215,4.454240,2
fixed_t2,1216,5.178814,2
fixed_t2,1217,5.793206,2
fixed_t2,1218,3.788179,2
fixed_t2,1219,4.689530,2
fixed_t2,1220,8.040576,2
fixed_t2,1221,9.260408,2
fixed_t2,1222,10.891533,2
fixed_t2,1223,8.339976,2
fixed_t2,1224,8.157892,2
fixed_t2,1225,6.648948,2
fixed_t2,1226,5.375614,2
fixed_t2,1227,4.677336,2
fixed_t2,1228,6.667288,2
fixed_t2,1229,14.978173,2
fixed_t2,1230,14.282758,2
fixed_t2,1231,7.041184,2
fixed_t2,1232,4.071402,2
fixed_t2,1233,12.561719,2
fixed_t2,1234,3.024012,2
fixed_t2,1235,7.550020,2
fixed_t2,1236,13.239523,2
fixed_t2,1237,6.693834,2
fixed_t2,1238,10.305626,2
fixed_t2,1239,4.092449,2
fixed_t2,1240,5.962286,2
fixed_t2,1241,10.058725,2
fixed_t2,1242,4.806576,2
fixed_t2,1243,8.595717,2
fixed_t2,1244,4.369283,2
fixed_t2,1245,2.883917,2
fixed_t2,1246,4.540844,2
fixed_t2,1247,7.011049,2
fixed_t2,1248,5.018681,2
fixed_t2,1249,6.334214,2
fixed_t2,1250,6.533131,2
fixed_t2,1251,6.296089,2
fixed_t2,1252,6.758748,2
fixed_t2,1253,4.851808,2
fixed_t2,1254,4.531554,2
fixed_t2,1255,3.372416,2
fixed_t2,1256,4.398832,2
fixed_t2,1257,5.566046,2
fixed_t2,1258,9.178882,2
fixed_t2,1259,4.912934,2
fixed_t2,1260,9.868382,2
fixed_t2,1261,3.192272,2
fixed_t2,1262,7.147386,2
fixed_t2,1263,3.810424,2
fixed_t2,1264,5.749115,2
fixed_t2,1265,8.725269,2
fixed_t2,1266,7.705361,2
fixed_t2,1267,2.573153,2
fixed_t2,1268,4.888259,2
fixed_t2,1269,6.431574,2
fixed_t2,1270,6.373768,2
fixed_t2,1271,7.260626,2
fixed_t2,1272,5.309137,2
fixed_t2,1273,9.489706,2
fixed_t2,1274,7.130438,2
fixed_t2,1275,7.347055,2
fixed_t2,1276,6.681734,2
fixed_t2,1277,8.711349,2
fixed_t2,1278,7.154438,2
fixed_t2,1279,6.222947,2
fixed_t2,1280,7.199108,2
fixed_t2,1281,5.922371,2
fixed_t2,1282,2.905322,2
fixed_t2,1283,9.301740,2
fixed_t2,1284,11.228097,2
fixed_t2,1285,5.274152,2
fixed_t2,1286,6.697281,2
fixed_t2,1287,7.179383,2
fixed_t2,1288,3.300160,2
fixed_t2,1289,3.592278,2
fixed_t2,1290,7.953775,2
fixed_t2,1291,8.420010,2
fixed_t2,1292,4.919516,2
fixed_t2,1293,8.068241,2
fixed_t2,1294,4.541783,2
fixed_t2,1295,3.793708,2
fixed_t2,1296,9.524640,2
fixed_t2,1297,4.003148,2
fixed_t2,1298,7.143792,2
fixed_t2,1299,4.311707,2
fixed_t2,1300,38.194006,2
fixed_t2,1301,12.598274,2
fixed_t2,1302,3.102566,2
fixed_t2,1303,4.256975,2
fixed_t2,1304,6.267346,2
fixed_t2,1305,5.755453,2
fixed_t2,1306,4.567560,2
fixed_t2,1307,9.077121,2
fixed_t2,1308,7.402574,2
fixed_t2,1309,6.559693,2
fixed_t2,1310,4.970924,2
fixed_t2,1311,1.802648,2
fixed_t2,1312,5.239785,2
fixed_t2,1313,5.770049,2
fixed_t2,1314,6.728979,2
fixed_t2,1315,10.758128,2
fixed_t2,1316,10.082873,2
fixed_t2,1317,5.589195,2
fixed_t2,1318,6.163554,2
fixed_t2,1319,2.857078,2
fixed_t2,1320,6.628619,2
fixed_t2,1321,7.440913,2
fixed_t2,1322,16.976213,2
fixed_t2,1323,7.000736,2
fixed_t2,1324,3.694356,2
fixed_t2,1325,9.786163,2
fixed_t2,1326,4.796329,2
fixed_t2,1327,8.622992,2
fixed_t2,1328,4.752348,2
fixed_t2,1329,6.851328,2
fixed_t2,1330,8.940072,2
fixed_t2,1331,9.901174,2
fixed_t2,1332,12.510156,2
fixed_t2,1333,10.769521,2
fixed_t2,1334,6.798499,2
fixed_t2,1335,5.459175,2
fixed_t2,1336,2.729756,2
fixed_t2,1337,3.494644,2
fixed_t2,1338,5.404237,2
fixed_t2,1339,4.874901,2
fixed_t2,1340,3.339882,2
fixed_t2,1341,10.758794,2
fixed_t2,1342,4.522370,2
fixed_t2,1343,4.794461,2
fixed_t2,1344,5.441526,2
fixed_t2,1345,5.542264,2
fixed_t2,1346,3.949125,2
fixed_t2,1347,3.692116,2
fixed_t2,1348,10.554969,2
fixed_t2,1349,7.001629,2
fixed_t2,1350,5.089472,2
fixed_t2,1351,7.158256,2
fixed_t2,1352,6.439096,2
fixed_t2,1353,4.819726,2
fixed_t2,1354,3.625227,2
fixed_t2,1355,7.559521,2
fixed_t2,1356,7.951990,2
fixed_t2,1357,4.309479,2
fixed_t2,1358,4.852355,2
fixed_t2,1359,3.829651,2
fixed_t2,1360,4.526861,2
fixed_t2,1361,5.048682,2
fixed_t2,1362,10.337065,2
fixed_t2,1363,3.024106,2
fixed_t2,1364,5.315050,2
fixed_t2,1365,6.672060,2
fixed_t2,1366,3.473328,2
fixed_t2,1367,5.725083,2
fixed_t2,1368,13.408648,2
fixed_t2,1369,4.061881,2
fixed_t2,1370,5.189513,2
fixed_t2,1371,5.832089,2
fixed_t2,1372,6.034261,2
fixed_t2,1373,4.551146,2
fixed_t2,1374,6.880024,2
fixed_t2,1375,7.957949,2
fixed_t2,1376,6.500551,2
fixed_t2,1377,7.161792,2
fixed_t2,1378,8.830761,2
fixed_t2,1379,15.995647,2
fixed_t2,1380,9.184003,2
fixed_t2,1381,9.387337,2
fixed_t2,1382,5.995667,2
fixed_t2,1383,9.382415,2
fixed_t2,1384,4.017275,2
fixed_t2,1385,6.259524,2
fixed_t2,1386,5.362874,2
fixed_t2,1387,3.554039,2
fixed_t2,1388,8.911682,2
fixed_t2,1389,8.265405,2
fixed_t2,1390,8.982008,2
fixed_t2,1391,8.776988,2
fixed_t2,1392,8.966671,2
fixed_t2,1393,8.007071,2
fixed_t2,1394,4.255141,2
fixed_t2,1395,9.919482,2
fixed_t2,1396,8.506286,2
fixed_t2,1397,7.895276,2
fixed_t2,1398,6.867292,2
fixed_t2,1399,4.133402,2
fixed_t2,1400,5.469301,2
fixed_t2,1401,7.960904,2
fixed_t2,1402,10.659497,2
fixed_t2,1403,8.001878,2
fixed_t2,1404,8.807665,2
fixed_t2,1405,8.062422,2
fixed_t2,1406,6.827704,2
fixed_t2,1407,4.469227,2
fixed_t2,1408,8.803369,2
fixed_t2,1409,7.085301,2
fixed_t2,1410,6.250544,2
fixed_t2,1411,2.764809,2
fixed_t2,1412,3.936982,2
fixed_t2,1413,8.983613,2
fixed_t2,1414,9.363669,2
fixed_t2,1415,5.329276,2
fixed_t2,1416,8.921124,2
fixed_t2,1417,3.858922,2
fixed_t2,1418,9.904520,2
fixed_t2,1419,5.978701,2
fixed_t2,1420,6.095607,2
fixed_t2,1421,5.794260,2
fixed_t2,1422,5.313190,2
fixed_t2,1423,6.776493,2
fixed_t2,1424,8.683379,2
fixed_t2,1425,6.340091,2
fixed_t2,1426,6.345074,2
fixed_t2,1427,5.609021,2
fixed_t2,1428,7.494318,2
fixed_t2,1429,6.143948,2
fixed_t2,1430,8.743620,2
fixed_t2,1431,9.340021,2
fixed_t2,1432,5.105491,2
fixed_t2,1433,8.975161,2
fixed_t2,1434,5.102716,2
fixed_t2,1435,9.181145,2
fixed_t2,1436,9.761418,2
fixed_t2,1437,5.989975,2
fixed_t2,1438,4.014611,2
fixed_t2,1439,7.282762,2
fixed_t2,1440,10.056552,2
fixed_t2,1441,5.321211,2
fixed_t2,1442,6.960198,2
fixed_t2,1443,11.300070,2
fixed_t2,1444,8.150484,2
fixed_t2,1445,8.904589,2
fixed_t2,1446,8.519164,2
fixed_t2,1447,9.143727,2
fixed_t2,1448,3.999557,2
fixed_t2,1449,8.255287,2
fixed_t2,1450,6.890470,2
fixed_t2,1451,7.099756,2
fixed_t2,1452,3.665142,2
fixed_t2,1453,9.515961,2
fixed_t2,1454,4.122758,2
fixed_t2,1455,15.007351,2
fixed_t2,1456,5.304987,2
fixed_t2,1457,6.451930,2
fixed_t2,1458,9.421946,2
fixed_t2,1459,5.027025,2
fixed_t2,1460,7.731919,2
fixed_t2,1461,11.776900,2
fixed_t2,1462,7.306537,2
fixed_t2,1463,6.318208,2
fixed_t2,1464,5.736525,2
fixed_t2,1465,8.169096,2
fixed_t2,1466,4.827336,2
fixed_t2,1467,8.387125,2
fixed_t2,1468,12.678159,2
fixed_t2,1469,9.619134,2
fixed_t2,1470,5.934783,2
fixed_t2,1471,8.432479,2
fixed_t2,1472,6.200605,2
fixed_t2,1473,3.342388,2
fixed_t2,1474,8.944843,2
fixed_t2,1475,3.919018,2
fixed_t2,1476,7.293143,2
fixed_t2,1477,12.561329,2
fixed_t2,1478,15.163828,2
fixed_t2,1479,8.627003,2
fixed_t2,1480,6.385104,2
fixed_t2,1481,5.163806,2
fixed_t2,1482,3.559873,2
fixed_t2,1483,8.636295,2
fixed_t2,1484,3.325494,2
fixed_t2,1485,4.767716,2
fixed_t2,1486,11.663854,2
fixed_t2,1487,5.940866,2
fixed_t2,1488,3.910816,2
fixed_t2,1489,5.878407,2
fixed_t2,1490,6.662887,2
fixed_t2,1491,9.193282,2
fixed_t2,1492,4.483167,2
fixed_t2,1493,6.663191,2
fixed_t2,1494,12.089391,2
fixed_t2,1495,3.154346,2
fixed_t2,1496,12.893256,2
fixed_t2,1497,10.485050,2
fixed_t2,1498,9.033382,2
fixed_t2,1499,6.912144,2
fixed_t2,1500,10.546158,2
fixed_t2,1501,7.955712,2
fixed_t2,1502,6.076967,2
fixed_t2,1503,9.508836,2
fixed_t2,1504,9.345404,2
fixed_t2,1505,6.470630,2
fixed_t2,1506,6.876293,2
fixed_t2,1507,7.221226,2
fixed_t2,1508,8.859439,2
fixed_t2,1509,7.735276,2
fixed_t2,1510,8.674046,2
fixed_t2,1511,7.957745,2
fixed_t2,1512,7.832249,2
fixed_t2,1513,6.615878,2
fixed_t2,1514,6.057521,2
fixed_t2,1515,9.103451,2
fixed_t2,1516,5.710578,2
fixed_t2,1517,13.009315,2
fixed_t2,1518,13.391660,2
fixed_t2,1519,6.992674,2
fixed_t2,1520,5.758037,2
fixed_t2,1521,5.847190,2
fixed_t2,1522,6.493524,2
fixed_t2,1523,6.150992,2
fixed_t2,1524,4.416076,2
fixed_t2,1525,4.870237,2
fixed_t2,1526,13.695808,2
fixed_t2,1527,7.047007,2
fixed_t2,1528,7.133251,2
fixed_t2,1529,6.411738,2
fixed_t2,1530,5.130739,2
fixed_t2,1531,6.298704,2
fixed_t2,1532,5.471408,2
fixed_t2,1533,12.087657,2
fixed_t2,1534,4.615892,2
fixed_t2,1535,8.647715,2
fixed_t2,1536,5.116321,2
fixed_t2,1537,8.836226,2
fixed_t2,1538,8.081310,2
fixed_t2,1539,4.267579,2
fixed_t2,1540,8.180211,2
fixed_t2,1541,7.927248,2
fixed_t2,1542,10.147457,2
fixed_t2,1543,7.483980,2
fixed_t2,1544,3.066733,2
fixed_t2,1545,5.224504,2
fixed_t2,1546,6.009776,2
fixed_t2,1547,6.598134,2
fixed_t2,1548,7.693082,2
fixed_t2,1549,9.527700,2
fixed_t2,1550,4.043605,2
fixed_t2,1551,5.160576,2
fixed_t2,1552,6.906703,2
fixed_t2,1553,5.043744,2
fixed_t2,1554,5.378759,2
fixed_t2,1555,4.878741,2
fixed_t2,1556,4.891048,2
fixed_t2,1557,10.371317,2
fixed_t2,1558,5.140059,2
fixed_t2,1559,4.992199,2
fixed_t2,1560,18.100350,2
fixed_t2,1561,2.881192,2
fixed_t2,1562,4.763891,2
fixed_t2,1563,9.263409,2
fixed_t2,1564,6.092135,2
fixed_t2,1565,11.492372,2
fixed_t2,1566,4.398140,2
fixed_t2,1567,7.672028,2
fixed_t2,1568,7.045310,2
fixed_t2,1569,7.256260,2
fixed_t2,1570,3.326016,2
fixed_t2,1571,7.020430,2
fixed_t2,1572,13.674486,2
fixed_t2,1573,8.514082,2
fixed_t2,1574,5.117331,2
fixed_t2,1575,2.454631,2
fixed_t2,1576,6.252044,2
fixed_t2,1577,7.465011,2
fixed_t2,1578,6.742029,2
fixed_t2,1579,18.976512,2
fixed_t2,1580,4.812021,2
fixed_t2,1581,4.388058,2
fixed_t2,1582,7.122571,2
fixed_t2,1583,3.643128,2
fixed_t2,1584,3.737316,2
fixed_t2,1585,4.478868,2
fixed_t2,1586,6.146282,2
fixed_t2,1587,5.138239,2
fixed_t2,1588,4.774309,2
fixed_t2,1589,6.296876,2
fixed_t2,1590,3.422354,2
fixed_t2,1591,4.609141,2
fixed_t2,1592,8.160964,2
fixed_t2,1593,8.921511,2
fixed_t2,1594,11.269546,2
fixed_t2,1595,3.982888,2
fixed_t2,1596,3.853849,2
fixed_t2,1597,10.187987,2
fixed_t2,1598,7.449302,2
fixed_t2,1599,4.895856,2
fixed_t2,1600,4.970986,2
fixed_t2,1601,7.246529,2
fixed_t2,1602,5.217383,2
fixed_t2,1603,6.450253,2
fixed_t2,1604,8.441031,2
fixed_t2,1605,8.456734,2
fixed_t2,1606,8.246695,2
fixed_t2,1607,7.305061,2
fixed_t2,1608,4.927637,2
fixed_t2,1609,7.720439,2
fixed_t2,1610,6.113245,2
fixed_t2,1611,5.369826,2
fixed_t2,1612,6.837198,2
fixed_t2,1613,9.050310,2
fixed_t2,1614,4.467452,2
fixed_t2,1615,11.457145,2
fixed_t2,1616,4.547182,2
fixed_t2,1617,4.799031,2
fixed_t2,1618,5.640367,2
fixed_t2,1619,6.694564,2
fixed_t2,1620,6.212824,2
fixed_t2,1621,4.977814,2
fixed_t2,1622,5.540957,2
fixed_t2,1623,20.259727,2
fixed_t2,1624,7.591668,2
fixed_t2,1625,6.963491,2
fixed_t2,1626,7.112328,2
fixed_t2,1627,7.680520,2
fixed_t2,1628,4.383340,2
fixed_t2,1629,6.708533,2
fixed_t2,1630,6.940723,2
fixed_t2,1631,7.160402,2
fixed_t2,1632,9.789231,2
fixed_t2,1633,3.294287,2
fixed_t2,1634,3.554173,2
fixed_t2,1635,8.997946,2
fixed_t2,1636,5.539788,2
fixed_t2,1637,7.803750,2
fixed_t2,1638,4.170457,2
fixed_t2,1639,5.023171,2
fixed_t2,1640,9.857490,2
fixed_t2,1641,6.442928,2
fixed_t2,1642,5.076766,2
fixed_t2,1643,14.465674,2
fixed_t2,1644,8.562932,2
fixed_t2,1645,7.273870,2
fixed_t2,1646,7.144117,2
fixed_t2,1647,11.619784,2
fixed_t2,1648,6.192775,2
fixed_t2,1649,7.308161,2
fixed_t2,1650,5.739372,2
fixed_t2,1651,5.861764,2
fixed_t2,1652,9.122726,2
fixed_t2,1653,6.697240,2
fixed_t2,1654,7.380406,2
fixed_t2,1655,9.142816,2
fixed_t2,1656,6.386023,2
fixed_t2,1657,16.289665,2
fixed_t2,1658,6.130898,2
fixed_t2,1659,7.393781,2
fixed_t2,1660,9.338154,2
fixed_t2,1661,7.644917,2
fixed_t2,1662,5.269591,2
fixed_t2,1663,3.871962,2
fixed_t2,1664,10.678072,2
fixed_t2,1665,6.407360,2
fixed_t2,1666,5.169738,2
fixed_t2,1667,3.610745,2
fixed_t2,1668,5.841988,2
fixed_t2,1669,3.661568,2
fixed_t2,1670,10.250425,2
fixed_t2,1671,3.146587,2
fixed_t2,1672,13.299553,2
fixed_t2,1673,7.760295,2
fixed_t2,1674,4.776258,2
fixed_t2,1675,6.721580,2
fixed_t2,1676,4.942964,2
fixed_t2,1677,11.822949,2
fixed_t2,1678,5.797925,2
fixed_t2,1679,6.274623,2
fixed_t2,1680,11.730299,2
fixed_t2,1681,4.576368,2
fixed_t2,1682,11.931244,2
fixed_t2,1683,9.657454,2
fixed_t2,1684,10.341498,2
fixed_t2,1685,8.212902,2
fixed_t2,1686,23.286671,2
fixed_t2,1687,6.836394,2
fixed_t2,1688,6.061470,2
fixed_t2,1689,7.293899,2
fixed_t2,1690,6.433573,2
fixed_t2,1691,7.498126,2
fixed_t2,1692,10.692829,2
fixed_t2,1693,14.222814,2
fixed_t2,1694,5.463442,2
fixed_t2,1695,11.300426,2
fixed_t2,1696,4.216015,2
fixed_t2,1697,5.322341,2
fixed_t2,1698,14.267837,2
fixed_t2,1699,12.569647,2
fixed_t2,1700,4.326209,2
fixed_t2,1701,10.226679,2
fixed_t2,1702,7.850339,2
fixed_t2,1703,5.678720,2
fixed_t2,1704,16.702566,2
fixed_t2,1705,13.997361,2
fixed_t2,1706,10.673677,2
fixed_t2,1707,2.768980,2
fixed_t2,1708,4.429406,2
fixed_t2,1709,8.144267,2
fixed_t2,1710,5.242545,2
fixed_t2,1711,4.419800,2
fixed_t2,1712,8.578981,2
fixed_t2,1713,6.802004,2
fixed_t2,1714,4.034609,2
fixed_t2,1715,7.064016,2
fixed_t2,1716,4.947941,2
fixed_t2,1717,5.658391,2
fixed_t2,1718,3.851540,2
fixed_t2,1719,6.771155,2
fixed_t2,1720,8.148551,2
fixed_t2,1721,2.745332,2
fixed_t2,1722,11.027273,2
fixed_t2,1723,9.057510,2
fixed_t2,1724,8.071322,2
fixed_t2,1725,6.122914,2
fixed_t2,1726,8.691535,2
fixed_t2,1727,8.370520,2
fixed_t2,1728,5.593184,2
fixed_t2,1729,9.358314,2
fixed_t2,1730,11.795297,2
fixed_t2,1731,14.449217,2
fixed_t2,1732,7.004730,2
fixed_t2,1733,5.320122,2
fixed_t2,1734,13.060855,2
fixed_t2,1735,5.907863,2
fixed_t2,1736,12.614240,2
fixed_t2,1737,9.842976,2
fixed_t2,1738,9.222681,2
fixed_t2,1739,5.327305,2
fixed_t2,1740,9.629750,2
fixed_t2,1741,13.846738,2
fixed_t2,1742,7.775731,2
fixed_t2,1743,4.765353,2
fixed_t2,1744,22.524334,2
fixed_t2,1745,2.768417,2
fixed_t2,1746,10.129195,2
fixed_t2,1747,8.095745,2
fixed_t2,1748,11.137767,2
fixed_t2,1749,5.591602,2
fixed_t2,1750,6.592518,2
fixed_t2,1751,4.181519,2
fixed_t2,1752,6.834927,2
fixed_t2,1753,4.993836,2
fixed_t2,1754,2.662651,2
fixed_t2,1755,5.505653,2
fixed_t2,1756,5.631765,2
fixed_t2,1757,6.701011,2
fixed_t2,1758,3.734146,2
fixed_t2,1759,9.079906,2
fixed_t2,1760,4.289528,2
fixed_t2,1761,12.802154,2
fixed_t2,1762,7.670045,2
fixed_t2,1763,8.720022,2
fixed_t2,1764,8.330575,2
fixed_t2,1765,6.415265,2
fixed_t2,1766,11.654576,2
fixed_t2,1767,17.117527,2
fixed_t2,1768,7.275828,2
fixed_t2,1769,6.029975,2
fixed_t2,1770,8.310425,2
fixed_t2,1771,7.710098,2
fixed_t2,1772,3.847089,2
fixed_t2,1773,4.040873,2
fixed_t2,1774,7.415072,2
fixed_t2,1775,3.752508,2
fixed_t2,1776,8.910888,2
fixed_t2,1777,3.170517,2
fixed_t2,1778,8.710348,2
fixed_t2,1779,7.121778,2
fixed_t2,1780,6.532273,2
fixed_t2,1781,3.305582,2
fixed_t2,1782,9.665648,2
fixed_t2,1783,7.152885,2
fixed_t2,1784,8.753257,2
fixed_t2,1785,3.696908,2
fixed_t2,1786,8.137644,2
fixed_t2,1787,5.617311,2
fixed_t2,1788,5.629491,2
fixed_t2,1789,7.844131,2
fixed_t2,1790,4.442383,2
fixed_t2,1791,6.769592,2
fixed_t2,1792,9.069349,2
fixed_t2,1793,11.850386,2
fixed_t2,1794,5.600938,2
fixed_t2,1795,3.412192,2
fixed_t2,1796,6.099350,2
fixed_t2,1797,5.950564,2
fixed_t2,1798,4.823789,2
fixed_t2,1799,6.639987,2
fixed_t2,1800,6.628605,2
fixed_t2,1801,4.878206,2
fixed_t2,1802,7.511902,2
fixed_t2,1803,5.222595,2
fixed_t2,1804,7.099879,2
fixed_t2,1805,4.970488,2
fixed_t2,1806,13.266357,2
fixed_t2,1807,9.609024,2
fixed_t2,1808,5.415214,2
fixed_t2,1809,8.234314,2
fixed_t2,1810,8.798793,2
fixed_t2,1811,4.818389,2
fixed_t2,1812,3.050919,2
fixed_t2,1813,6.614695,2
fixed_t2,1814,6.217528,2
fixed_t2,1815,7.597265,2
fixed_t2,1816,5.913564,2
fixed_t2,1817,6.936270,2
fixed_t2,1818,7.772120,2
fixed_t2,1819,3.800452,2
fixed_t2,1820,3.172915,2
fixed_t2,1821,15.994609,2
fixed_t2,1822,5.984580,2
fixed_t2,1823,5.174655,2
fixed_t2,1824,6.156927,2
fixed_t2,1825,5.520606,2
fixed_t2,1826,9.999572,2
fixed_t2,1827,3.334584,2
fixed_t2,1828,6.449587,2
fixed_t2,1829,5.399385,2
fixed_t2,1830,5.297395,2
fixed_t2,1831,4.637076,2
fixed_t2,1832,5.749492,2
fixed_t2,1833,6.202414,2
fixed_t2,1834,8.022538,2
fixed_t2,1835,6.344306,2
fixed_t2,1836,5.565043,2
fixed_t2,1837,5.687100,2
fixed_t2,1838,5.229579,2
fixed_t2,1839,3.236819,2
fixed_t2,1840,6.313039,2
fixed_t2,1841,7.881068,2
fixed_t2,1842,7.255133,2
fixed_t2,1843,9.007982,2
fixed_t2,1844,4.720327,2
fixed_t2,1845,3.544077,2
fixed_t2,1846,5.772075,2
fixed_t2,1847,4.549724,2
fixed_t2,1848,12.193752,2
fixed_t2,1849,7.753033,2
fixed_t2,1850,6.675732,2
fixed_t2,1851,6.969666,2
fixed_t2,1852,3.912273,2
fixed_t2,1853,3.831130,2
fixed_t2,1854,4.614776,2
fixed_t2,1855,4.017835,2
fixed_t2,1856,4.331372,2
fixed_t2,1857,8.340002,2
fixed_t2,1858,12.425210,2
fixed_t2,1859,4.272652,2
fixed_t2,1860,9.543599,2
fixed_t2,1861,6.657133,2
fixed_t2,1862,10.228323,2
fixed_t2,1863,6.126337,2
fixed_t2,1864,3.941841,2
fixed_t2,1865,4.434337,2
fixed_t2,1866,4.654095,2
fixed_t2,1867,3.189622,2
fixed_t2,1868,9.099989,2
fixed_t2,1869,3.888628,2
fixed_t2,1870,8.653140,2
fixed_t2,1871,4.783729,2
fixed_t2,1872,6.167825,2
fixed_t2,1873,8.780371,2
fixed_t2,1874,7.181684,2
fixed_t2,1875,2.805574,2
fixed_t2,1876,5.792787,2
fixed_t2,1877,8.482403,2
fixed_t2,1878,7.133047,2
fixed_t2,1879,10.870936,2
fixed_t2,1880,7.847665,2
fixed_t2,1881,4.636061,2
fixed_t2,1882,7.806710,2
fixed_t2,1883,5.365345,2
fixed_t2,1884,9.378317,2
fixed_t2,1885,8.331760,2
fixed_t2,1886,5.001757,2
fixed_t2,1887,11.331065,2
fixed_t2,1888,6.021048,2
fixed_t2,1889,10.373732,2
fixed_t2,1890,7.718278,2
fixed_t2,1891,4.040587,2
fixed_t2,1892,5.197434,2
fixed_t2,1893,8.620944,2
fixed_t2,1894,6.087504,2
fixed_t2,1895,4.346346,2
fixed_t2,1896,9.196920,2
fixed_t2,1897,4.760351,2
fixed_t2,1898,11.724890,2
fixed_t2,1899,6.109291,2
fixed_t2,1900,2.955133,2
fixed_t2,1901,11.883451,2
fixed_t2,1902,4.430454,2
fixed_t2,1903,8.882069,2
fixed_t2,1904,7.528432,2
fixed_t2,1905,3.169964,2
fixed_t2,1906,2.880902,2
fixed_t2,1907,6.765094,2
fixed_t2,1908,4.049515,2
fixed_t2,1909,5.893580,2
fixed_t2,1910,9.366973,2
fixed_t2,1911,5.065986,2
fixed_t2,1912,13.910674,2
fixed_t2,1913,3.105052,2
fixed_t2,1914,5.352523,2
fixed_t2,1915,15.363292,2
fixed_t2,1916,8.239071,2
fixed_t2,1917,10.572475,2
fixed_t2,1918,3.865281,2
fixed_t2,1919,5.238289,2
fixed_t2,1920,7.690196,2
fixed_t2,1921,5.240066,2
fixed_t2,1922,5.470538,2
fixed_t2,1923,10.439940,2
fixed_t2,1924,6.437938,2
fixed_t2,1925,4.804087,2
fixed_t2,1926,5.285718,2
fixed_t2,1927,8.131588,2
fixed_t2,1928,6.221296,2
fixed_t2,1929,4.612310,2
fixed_t2,1930,4.956667,2
fixed_t2,1931,11.298884,2
fixed_t2,1932,3.305168,2
fixed_t2,1933,9.055720,2
fixed_t2,1934,5.564338,2
fixed_t2,1935,9.924130,2
fixed_t2,1936,6.118225,2
fixed_t2,1937,6.600690,2
fixed_t2,1938,5.823124,2
fixed_t2,1939,6.919245,2
fixed_t2,1940,4.988371,2
fixed_t2,1941,7.859614,2
fixed_t2,1942,6.664877,2
fixed_t2,1943,5.887414,2
fixed_t2,1944,10.463276,2
fixed_t2,1945,7.149072,2
fixed_t2,1946,4.518150,2
fixed_t2,1947,5.781552,2
fixed_t2,1948,5.550892,2
fixed_t2,1949,4.274169,2
fixed_t2,1950,4.026485,2
fixed_t2,1951,6.344354,2
fixed_t2,1952,7.736190,2
fixed_t2,1953,7.792202,2
fixed_t2,1954,6.711317,2
fixed_t2,1955,9.006124,2
fixed_t2,1956,9.597397,2
fixed_t2,1957,9.472872,2
fixed_t2,1958,9.083887,2
fixed_t2,1959,7.643356,2
fixed_t2,1960,9.395663,2
fixed_t2,1961,5.223005,2
fixed_t2,1962,4.999240,2
fixed_t2,1963,8.325019,2
fixed_t2,1964,15.000682,2
fixed_t2,1965,8.663024,2
fixed_t2,1966,5.738540,2
fixed_t2,1967,4.829066,2
fixed_t2,1968,4.077185,2
fixed_t2,1969,11.497428,2
fixed_t2,1970,8.383737,2
fixed_t2,1971,7.368872,2
fixed_t2,1972,12.244219,2
fixed_t2,1973,8.934811,2
fixed_t2,1974,6.478519,2
fixed_t2,1975,11.795961,2
fixed_t2,1976,5.600236,2
fixed_t2,1977,4.641700,2
fixed_t2,1978,5.974382,2
fixed_t2,1979,7.129607,2
fixed_t2,1980,4.922941,2
fixed_t2,1981,8.058307,2
fixed_t2,1982,3.338083,2
fixed_t2,1983,13.561770,2
fixed_t2,1984,4.843062,2
fixed_t2,1985,5.494276,2
fixed_t2,1986,5.341650,2
fixed_t2,1987,14.858383,2
fixed_t2,1988,8.619350,2
fixed_t2,1989,6.091748,2
fixed_t2,1990,4.286859,2
fixed_t2,1991,5.991177,2
fixed_t2,1992,4.324386,2
fixed_t2,1993,12.188315,2
fixed_t2,1994,5.652379,2
fixed_t2,1995,6.538443,2
fixed_t2,1996,8.252744,2
fixed_t2,1997,12.795390,2
fixed_t2,1998,5.605751,2
fixed_t2,1999,4.412920,2
fixed_t2,2000,4.284764,2
fixed_t2,2001,4.718107,2
fixed_t2,2002,5.514587,2
fixed_t2,2003,7.780199,2
fixed_t2,2004,5.783873,2
fixed_t2,2005,11.714467,2
fixed_t2,2006,5.601438,2
fixed_t2,2007,3.020697,2
fixed_t2,2008,5.394127,2
fixed_t2,2009,6.115608,2
fixed_t2,2010,3.793319,2
fixed_t2,2011,5.548817,2
fixed_t2,2012,6.785139,2
fixed_t2,2013,8.380225,2
fixed_t2,2014,7.831852,2
fixed_t2,2015,8.377648,2
fixed_t2,2016,9.486698,2
fixed_t2,2017,8.645060,2
fixed_t2,2018,10.448108,2
fixed_t2,2019,5.866869,2
fixed_t2,2020,7.483426,2
fixed_t2,2021,6.823618,2
fixed_t2,2022,4.121680,2
fixed_t2,2023,12.874059,2
fixed_t2,2024,8.575966,2
fixed_t2,2025,3.625795,2
fixed_t2,2026,4.830439,2
fixed_t2,2027,9.558040,2
fixed_t2,2028,7.118615,2
fixed_t2,2029,9.055986,2
fixed_t2,2030,2.894154,2
fixed_t2,2031,5.802812,2
fixed_t2,2032,10.531584,2
fixed_t2,2033,5.392839,2
fixed_t2,2034,6.616294,2
fixed_t2,2035,7.877266,2
fixed_t2,2036,8.606411,2
fixed_t2,2037,4.550556,2
fixed_t2,2038,12.158186,2
fixed_t2,2039,5.897466,2
fixed_t2,2040,11.406041,2
fixed_t2,2041,6.976624,2
fixed_t2,2042,3.887594,2
fixed_t2,2043,8.256225,2
fixed_t2,2044,4.116164,2
fixed_t2,2045,4.594131,2
fixed_t2,2046,14.062665,2
fixed_t2,2047,7.758695,2
fixed_t2,2048,6.888548,2
fixed_t2,2049,7.743503,2
fixed_t2,2050,7.605081,2
fixed_t2,2051,12.696363,2
fixed_t2,2052,5.012581,2
fixed_t2,2053,6.614860,2
fixed_t2,2054,6.349964,2
fixed_t2,2055,9.768853,2
fixed_t2,2056,9.721516,2
fixed_t2,2057,10.976355,2
fixed_t2,2058,9.622761,2
fixed_t2,2059,9.671949,2
fixed_t2,2060,4.968281,2
fixed_t2,2061,14.239444,2
fixed_t2,2062,6.143337,2
fixed_t2,2063,9.992472,2
fixed_t2,2064,5.959588,2
fixed_t2,2065,10.216128,2
fixed_t2,2066,8.116497,2
fixed_t2,2067,5.333241,2
fixed_t2,2068,4.625819,2
fixed_t2,2069,5.914443,2
fixed_t2,2070,4.595636,2
fixed_t2,2071,8.934868,2
fixed_t2,2072,6.418118,2
fixed_t2,2073,9.033971,2
fixed_t2,2074,7.959464,2
fixed_t2,2075,6.338743,2
fixed_t2,2076,7.679676,2
fixed_t2,2077,6.571700,2
fixed_t2,2078,7.286101,2
fixed_t2,2079,9.117916,2
fixed_t2,2080,6.088765,2
fixed_t2,2081,3.447466,2
fixed_t2,2082,6.795605,2
fixed_t2,2083,7.525452,2
fixed_t2,2084,4.889401,2
fixed_t2,2085,4.785448,2
fixed_t2,2086,7.585620,2
fixed_t2,2087,5.518494,2
fixed_t2,2088,13.643917,2
fixed_t2,2089,5.345187,2
fixed_t2,2090,4.340317,2
fixed_t2,2091,5.929776,2
fixed_t2,2092,4.423837,2
fixed_t2,2093,6.168372,2
fixed_t2,2094,12.192020,2
fixed_t2,2095,4.862960,2
fixed_t2,2096,7.215644,2
fixed_t2,2097,8.849754,2
fixed_t2,2098,9.650082,2
fixed_t2,2099,8.871045,2
fixed_t2,2100,5.485391,2
fixed_t2,2101,6.043933,2
fixed_t2,2102,9.778053,2
fixed_t2,2103,6.925267,2
fixed_t2,2104,4.446032,2
fixed_t2,2105,4.868428,2
fixed_t2,2106,5.368843,2
fixed_t2,2107,4.200957,2
fixed_t2,2108,8.621838,2
fixed_t2,2109,10.817818,2
fixed_t2,2110,5.233209,2
fixed_t2,2111,2.386591,2
fixed_t2,2112,4.776890,2
fixed_t2,2113,5.256059,2
fixed_t2,2114,6.279158,2
fixed_t2,2115,8.793252,2
fixed_t2,2116,8.231796,2
fixed_t2,2117,6.793401,2
fixed_t2,2118,10.065135,2
fixed_t2,2119,4.834772,2
fixed_t2,2120,6.404301,2
fixed_t2,2121,11.783701,2
fixed_t2,2122,5.195146,2
fixed_t2,2123,15.810413,2
fixed_t2,2124,7.802451,2
fixed_t2,2125,20.771153,2
fixed_t2,2126,8.408613,2
fixed_t2,2127,9.686356,2
fixed_t2,2128,3.095590,2
fixed_t2,2129,6.761987,2
fixed_t2,2130,5.406946,2
fixed_t2,2131,4.144244,2
fixed_t2,2132,6.934669,2
fixed_t2,2133,11.177904,2
fixed_t2,2134,5.456975,2
fixed_t2,2135,2.888658,2
fixed_t2,2136,6.275537,2
fixed_t2,2137,9.888552,2
fixed_t2,2138,20.056429,2
fixed_t2,2139,5.391230,2
fixed_t2,2140,7.170064,2
fixed_t2,2141,3.917124,2
fixed_t2,2142,7.091742,2
fixed_t2,2143,5.003538,2
fixed_t2,2144,5.417376,2
fixed_t2,2145,8.868181,2
fixed_t2,2146,6.395148,2
fixed_t2,2147,7.764772,2
fixed_t2,2148,7.778932,2
fixed_t2,2149,13.810677,2
fixed_t2,2150,7.515687,2
fixed_t2,2151,3.960146,2
fixed_t2,2152,3.071251,2
fixed_t2,2153,4.773917,2
fixed_t2,2154,7.181602,2
fixed_t2,2155,4.444108,2
fixed_t2,2156,7.256818,2
fixed_t2,2157,11.574686,2
fixed_t2,2158,9.033965,2
fixed_t2,2159,6.621632,2
fixed_t2,2160,4.053869,2
fixed_t2,2161,7.666413,2
fixed_t2,2162,8.077967,2
fixed_t2,2163,6.475236,2
fixed_t2,2164,5.314893,2
fixed_t2,2165,10.914327,2
fixed_t2,2166,7.451116,2
fixed_t2,2167,4.181027,2
fixed_t2,2168,8.641446,2
fixed_t2,2169,9.340079,2
fixed_t2,2170,3.407284,2
fixed_t2,2171,7.906177,2
fixed_t2,2172,7.497162,2
fixed_t2,2173,7.485831,2
fixed_t2,2174,18.094627,2
fixed_t2,2175,9.030461,2
fixed_t2,2176,5.448668,2
fixed_t2,2177,4.375671,2
fixed_t2,2178,7.207067,2
fixed_t2,2179,19.559814,2
fixed_t2,2180,8.903162,2
fixed_t2,2181,7.076099,2
fixed_t2,2182,7.452661,2
fixed_t2,2183,7.877522,2
fixed_t2,2184,5.735926,2
fixed_t2,2185,4.620814,2
fixed_t2,2186,6.123821,2
fixed_t2,2187,6.572819,2
fixed_t2,2188,5.767741,2
fixed_t2,2189,6.190023,2
fixed_t2,2190,5.414178,2
fixed_t2,2191,9.357845,2
fixed_t2,2192,8.453051,2
fixed_t2,2193,6.206674,2
fixed_t2,2194,9.316051,2
fixed_t2,2195,3.274288,2
fixed_t2,2196,8.084968,2
fixed_t2,2197,6.171706,2
fixed_t2,2198,4.456570,2
fixed_t2,2199,4.033075,2
fixed_t2,2200,6.856827,2
fixed_t2,2201,17.326388,2
fixed_t2,2202,2.016853,2
fixed_t2,2203,7.452517,2
fixed_t2,2204,3.561148,2
fixed_t2,2205,5.256517,2
fixed_t2,2206,5.144311,2
fixed_t2,2207,7.135643,2
fixed_t2,2208,9.579004,2
fixed_t2,2209,6.605185,2
fixed_t2,2210,13.433400,2
fixed_t2,2211,11.044345,2
fixed_t2,2212,5.916742,2
fixed_t2,2213,5.361669,2
fixed_t2,2214,16.516993,2
fixed_t2,2215,4.116129,2
fixed_t2,2216,12.180607,2
fixed_t2,2217,6.400940,2
fixed_t2,2218,7.998478,2
fixed_t2,2219,4.986442,2
fixed_t2,2220,5.089794,2
fixed_t2,2221,5.359728,2
fixed_t2,2222,5.575229,2
fixed_t2,2223,11.400430,2
fixed_t2,2224,8.966978,2
fixed_t2,2225,6.539515,2
fixed_t2,2226,12.558029,2
fixed_t2,2227,7.289982,2
fixed_t2,2228,5.238393,2
fixed_t2,2229,3.701063,2
fixed_t2,2230,8.887558,2
fixed_t2,2231,4.922657,2
fixed_t2,2232,11.360568,2
fixed_t2,2233,4.089280,2
fixed_t2,2234,4.206150,2
fixed_t2,2235,10.082911,2
fixed_t2,2236,10.523257,2
fixed_t2,2237,7.372991,2
fixed_t2,2238,5.390668,2
fixed_t2,2239,11.594776,2
fixed_t2,2240,6.267132,2
fixed_t2,2241,6.237671,2
fixed_t2,2242,5.442341,2
fixed_t2,2243,4.973040,2
fixed_t2,2244,9.295404,2
fixed_t2,2245,10.351092,2
fixed_t2,2246,11.151673,2
fixed_t2,2247,8.369756,2
fixed_t2,2248,5.316440,2
fixed_t2,2249,8.564181,2
fixed_t2,2250,12.780913,2
fixed_t2,2251,3.160682,2
fixed_t2,2252,6.830287,2
fixed_t2,2253,10.336149,2
fixed_t2,2254,6.873073,2
fixed_t2,2255,10.167707,2
fixed_t2,2256,5.524172,2
fixed_t2,2257,3.189887,2
fixed_t2,2258,6.252342,2
fixed_t2,2259,5.603620,2
fixed_t2,2260,5.560398,2
fixed_t2,2261,4.671493,2
fixed_t2,2262,10.173088,2
fixed_t2,2263,9.041728,2
fixed_t2,2264,8.084839,2
fixed_t2,2265,7.588596,2
fixed_t2,2266,7.367145,2
fixed_t2,2267,3.956611,2
fixed_t2,2268,4.583266,2
fixed_t2,2269,6.378432,2
fixed_t2,2270,4.389837,2
fixed_t2,2271,5.075018,2
fixed_t2,2272,5.052473,2
fixed_t2,2273,7.757265,2
fixed_t2,2274,3.154808,2
fixed_t2,2275,8.236143,2
fixed_t2,2276,11.995924,2
fixed_t2,2277,18.025477,2
fixed_t2,2278,7.237844,2
fixed_t2,2279,10.465724,2
fixed_t2,2280,6.624404,2
fixed_t2,2281,5.671200,2
fixed_t2,2282,3.664070,2
fixed_t2,2283,11.699370,2
fixed_t2,2284,6.328463,2
fixed_t2,2285,8.025859,2
fixed_t2,2286,5.506956,2
fixed_t2,2287,5.434698,2
fixed_t2,2288,7.048677,2
fixed_t2,2289,6.971819,2
fixed_t2,2290,4.934192,2
fixed_t2,2291,3.186359,2
fixed_t2,2292,4.153270,2
fixed_t2,2293,10.784482,2
fixed_t2,2294,7.570117,2
fixed_t2,2295,6.588820,2
fixed_t2,2296,4.857515,2
fixed_t2,2297,6.277327,2
fixed_t2,2298,4.006937,2
fixed_t2,2299,7.401629,2
fixed_t2,2300,5.592089,2
fixed_t2,2301,7.561300,2
fixed_t2,2302,15.297160,2
fixed_t2,2303,14.705381,2
fixed_t2,2304,6.569483,2
fixed_t2,2305,5.707047,2
fixed_t2,2306,4.147140,2
fixed_t2,2307,7.334272,2
fixed_t2,2308,4.281271,2
fixed_t2,2309,6.040481,2
fixed_t2,2310,5.605138,2
fixed_t2,2311,9.843438,2
fixed_t2,2312,9.985061,2
fixed_t2,2313,4.676074,2
fixed_t2,2314,4.826978,2
fixed_t2,2315,6.479207,2
fixed_t2,2316,4.283903,2
fixed_t2,2317,8.586199,2
fixed_t2,2318,6.796805,2
fixed_t2,2319,7.216429,2
fixed_t2,2320,7.629442,2
fixed_t2,2321,4.152736,2
fixed_t2,2322,4.549976,2
fixed_t2,2323,7.879423,2
fixed_t2,2324,6.822848,2
fixed_t2,2325,7.988835,2
fixed_t2,2326,8.739741,2
fixed_t2,2327,5.416749,2
fixed_t2,2328,7.470549,2
fixed_t2,2329,6.865342,2
fixed_t2,2330,3.929230,2
fixed_t2,2331,7.708290,2
fixed_t2,2332,10.372047,2
fixed_t2,2333,8.114215,2
fixed_t2,2334,8.303250,2
fixed_t2,2335,7.147955,2
fixed_t2,2336,8.128965,2
fixed_t2,2337,5.969735,2
fixed_t2,2338,6.373860,2
fixed_t2,2339,8.632673,2
fixed_t2,2340,15.232970,2
fixed_t2,2341,4.425900,2
fixed_t2,2342,9.058980,2
fixed_t2,2343,6.119497,2
fixed_t2,2344,3.505202,2
fixed_t2,2345,8.071965,2
fixed_t2,2346,7.406548,2
fixed_t2,2347,6.431279,2
fixed_t2,2348,9.290941,2
fixed_t2,2349,10.683477,2
fixed_t2,2350,5.433867,2
fixed_t2,2351,4.586944,2
fixed_t2,2352,4.860850,2
fixed_t2,2353,6.998453,2
fixed_t2,2354,12.011554,2
fixed_t2,2355,10.647739,2
fixed_t2,2356,7.119452,2
fixed_t2,2357,8.852418,2
fixed_t2,2358,3.958781,2
fixed_t2,2359,13.486296,2
fixed_t2,2360,5.402378,2
fixed_t2,2361,6.020372,2
fixed_t2,2362,7.968975,2
fixed_t2,2363,7.739237,2
fixed_t2,2364,8.587939,2
fixed_t2,2365,7.310864,2
fixed_t2,2366,4.762217,2
fixed_t2,2367,3.849390,2
fixed_t2,2368,4.390034,2
fixed_t2,2369,4.498986,2
fixed_t2,2370,6.721244,2
fixed_t2,2371,4.831801,2
fixed_t2,2372,6.460979,2
fixed_t2,2373,5.769328,2
fixed_t2,2374,12.169909,2
fixed_t2,2375,4.286488,2
fixed_t2,2376,6.068053,2
fixed_t2,2377,7.409875,2
fixed_t2,2378,6.718227,2
fixed_t2,2379,7.450631,2
fixed_t2,2380,4.218585,2
fixed_t2,2381,5.042370,2
fixed_t2,2382,6.076425,2
fixed_t2,2383,12.259219,2
fixed_t2,2384,6.728684,2
fixed_t2,2385,2.681857,2
fixed_t2,2386,3.378202,2
fixed_t2,2387,9.754275,2
fixed_t2,2388,2.983223,2
fixed_t2,2389,7.073812,2
fixed_t2,2390,4.679159,2
fixed_t2,2391,4.252997,2
fixed_t2,2392,9.315416,2
fixed_t2,2393,7.601425,2
fixed_t2,2394,19.781961,2
fixed_t2,2395,5.409119,2
fixed_t2,2396,9.004075,2
fixed_t2,2397,3.310238,2
fixed_t2,2398,7.507888,2
fixed_t2,2399,4.928994,2
fixed_t2,2400,10.545117,2
fixed_t2,2401,3.989010,2
fixed_t2,2402,4.641845,2
fixed_t2,2403,5.264061,2
fixed_t2,2404,6.931704,2
fixed_t2,2405,5.829771,2
fixed_t2,2406,6.249105,2
fixed_t2,2407,3.818272,2
fixed_t2,2408,5.075769,2
fixed_t2,2409,3.294988,2
fixed_t2,2410,6.455047,2
fixed_t2,2411,7.169325,2
fixed_t2,2412,6.109687,2
fixed_t2,2413,13.478332,2
fixed_t2,2414,6.115360,2
fixed_t2,2415,6.069121,2
fixed_t2,2416,5.763417,2
fixed_t2,2417,3.335588,2
fixed_t2,2418,8.536857,2
fixed_t2,2419,5.421892,2
fixed_t2,2420,10.471201,2
fixed_t2,2421,6.152129,2
fixed_t2,2422,5.198998,2
fixed_t2,2423,6.364007,2
fixed_t2,2424,4.785540,2
fixed_t2,2425,10.797820,2
fixed_t2,2426,11.291608,2
fixed_t2,2427,9.608216,2
fixed_t2,2428,6.549438,2
fixed_t2,2429,9.677248,2
fixed_t2,2430,7.247354,2
fixed_t2,2431,7.108032,2
fixed_t2,2432,6.952239,2
fixed_t2,2433,9.749445,2
fixed_t2,2434,8.558996,2
fixed_t2,2435,5.307015,2
fixed_t2,2436,2.621754,2
fixed_t2,2437,4.676890,2
fixed_t2,2438,7.184810,2
fixed_t2,2439,5.888487,2
fixed_t2,2440,4.816987,2
fixed_t2,2441,7.022049,2
fixed_t2,2442,4.052350,2
fixed_t2,2443,3.663845,2
fixed_t2,2444,8.950729,2
fixed_t2,2445,7.036022,2
fixed_t2,2446,6.977471,2
fixed_t2,2447,6.396053,2
fixed_t2,2448,4.495267,2
fixed_t2,2449,11.251837,2
fixed_t2,2450,14.869081,2
fixed_t2,2451,9.327299,2
fixed_t2,2452,7.192695,2
fixed_t2,2453,10.188263,2
fixed_t2,2454,4.927835,2
fixed_t2,2455,7.409091,2
fixed_t2,2456,8.612758,2
fixed_t2,2457,15.090808,2
fixed_t2,2458,8.177119,2
fixed_t2,2459,7.915254,2
fixed_t2,2460,5.300773,2
fixed_t2,2461,8.159305,2
fixed_t2,2462,2.519007,2
fixed_t2,2463,8.144539,2
fixed_t2,2464,6.565398,2
fixed_t2,2465,10.765110,2
fixed_t2,2466,6.281951,2
fixed_t2,2467,3.667743,2
fixed_t2,2468,4.277931,2
fixed_t2,2469,9.931765,2
fixed_t2,2470,4.179317,2
fixed_t2,2471,3.845747,2
fixed_t2,2472,8.205996,2
fixed_t2,2473,4.081294,2
fixed_t2,2474,3.984431,2
fixed_t2,2475,5.793781,2
fixed_t2,2476,6.605082,2
fixed_t2,2477,3.329388,2
fixed_t2,2478,5.692721,2
fixed_t2,2479,6.533075,2
fixed_t2,2480,10.282327,2
fixed_t2,2481,8.372733,2
fixed_t2,2482,4.179574,2
fixed_t2,2483,5.608645,2
fixed_t2,2484,7.508651,2
fixed_t2,2485,6.567695,2
fixed_t2,2486,7.508596,2
fixed_t2,2487,3.903248,2
fixed_t2,2488,10.887971,2
fixed_t2,2489,5.528242,2
fixed_t2,2490,3.681741,2
fixed_t2,2491,10.154612,2
fixed_t2,2492,7.699759,2
fixed_t2,2493,12.517993,2
fixed_t2,2494,5.354046,2
fixed_t2,2495,3.097855,2
fixed_t2,2496,7.477576,2
fixed_t2,2497,7.675695,2
fixed_t2,2498,5.487787,2
fixed_t2,2499,9.186782,2
fixed_t2,2500,2.725687,2
fixed_t2,2501,12.835541,2
fixed_t2,2502,12.236554,2
fixed_t2,2503,4.478191,2
fixed_t2,2504,6.596936,2
fixed_t2,2505,4.858046,2
fixed_t2,2506,7.956642,2
fixed_t2,2507,21.507762,2
fixed_t2,2508,4.040476,2
fixed_t2,2509,11.482829,2
fixed_t2,2510,8.003031,2
fixed_t2,2511,6.901059,2
fixed_t2,2512,6.820773,2
fixed_t2,2513,7.336231,2
fixed_t2,2514,8.169248,2
fixed_t2,2515,6.673356,2
fixed_t2,2516,4.599834,2
fixed_t2,2517,4.571867,2
fixed_t2,2518,9.843778,2
fixed_t2,2519,6.088822,2
fixed_t2,2520,6.606692,2
fixed_t2,2521,5.084341,2
fixed_t2,2522,9.932075,2
fixed_t2,2523,6.876395,2
fixed_t2,2524,10.594924,2
fixed_t2,2525,10.048736,2
fixed_t2,2526,6.565169,2
fixed_t2,2527,5.087236,2
fixed_t2,2528,2.962881,2
fixed_t2,2529,8.374438,2
fixed_t2,2530,5.644203,2
fixed_t2,2531,15.790000,2
fixed_t2,2532,5.724927,2
fixed_t2,2533,3.070912,2
fixed_t2,2534,8.174087,2
fixed_t2,2535,13.262481,2
fixed_t2,2536,5.869688,2
fixed_t2,2537,4.095404,2
fixed_t2,2538,10.489657,2
fixed_t2,2539,4.544758,2
fixed_t2,2540,11.981305,2
fixed_t2,2541,7.004386,2
fixed_t2,2542,4.817391,2
fixed_t2,2543,7.965668,2
fixed_t2,2544,8.271805,2
fixed_t2,2545,4.497433,2
fixed_t2,2546,8.336049,2
fixed_t2,2547,5.426595,2
fixed_t2,2548,12.993653,2
fixed_t2,2549,5.994916,2
fixed_t2,2550,10.930140,2
fixed_t2,2551,6.564788,2
fixed_t2,2552,5.197347,2
fixed_t2,2553,3.171364,2
fixed_t2,2554,4.247295,2
fixed_t2,2555,4.423422,2
fixed_t2,2556,9.442509,2
fixed_t2,2557,7.845203,2
fixed_t2,2558,9.924930,2
fixed_t2,2559,3.777345,2
fixed_t2,2560,6.063148,2
fixed_t2,2561,8.533115,2
fixed_t2,2562,10.727217,2
fixed_t2,2563,7.562942,2
fixed_t2,2564,9.385849,2
fixed_t2,2565,6.258045,2
fixed_t2,2566,4.054871,2
fixed_t2,2567,4.375959,2
fixed_t2,2568,4.648016,2
fixed_t2,2569,7.120448,2
fixed_t2,2570,13.479686,2
fixed_t2,2571,7.892809,2
fixed_t2,2572,12.155233,2
fixed_t2,2573,8.714548,2
fixed_t2,2574,9.178818,2
fixed_t2,2575,5.500056,2
fixed_t2,2576,5.904950,2
fixed_t2,2577,4.428845,2
fixed_t2,2578,12.754812,2
fixed_t2,2579,6.267576,2
fixed_t2,2580,5.513686,2
fixed_t2,2581,7.041082,2
fixed_t2,2582,4.054733,2
fixed_t2,2583,8.595739,2
fixed_t2,2584,5.862797,2
fixed_t2,2585,3.540815,2
fixed_t2,2586,7.354815,2
fixed_t2,2587,8.533119,2
fixed_t2,2588,5.120294,2
fixed_t2,2589,5.276644,2
fixed_t2,2590,6.609840,2
fixed_t2,2591,7.221318,2
fixed_t2,2592,8.719118,2
fixed_t2,2593,7.032031,2
fixed_t2,2594,10.550336,2
fixed_t2,2595,7.654081,2
fixed_t2,2596,5.144342,2
fixed_t2,2597,6.225190,2
fixed_t2,2598,4.536531,2
fixed_t2,2599,6.504921,2
fixed_t2,2600,13.255966,2
fixed_t2,2601,5.310569,2
fixed_t2,2602,2.875586,2
fixed_t2,2603,13.238587,2
fixed_t2,2604,3.944032,2
fixed_t2,2605,9.001500,2
fixed_t2,2606,6.486325,2
fixed_t2,2607,11.268161,2
fixed_t2,2608,11.391654,2
fixed_t2,2609,4.177686,2
fixed_t2,2610,9.482704,2
fixed_t2,2611,8.102659,2
fixed_t2,2612,8.386542,2
fixed_t2,2613,5.342225,2
fixed_t2,2614,12.899771,2
fixed_t2,2615,8.054469,2
fixed_t2,2616,4.423346,2
fixed_t2,2617,6.931361,2
fixed_t2,2618,6.162659,2
fixed_t2,2619,6.623024,2
fixed_t2,2620,12.821634,2
fixed_t2,2621,10.492198,2
fixed_t2,2622,4.784412,2
fixed_t2,2623,7.534567,2
fixed_t2,2624,5.893387,2
fixed_t2,2625,10.485542,2
fixed_t2,2626,4.587231,2
fixed_t2,2627,4.208703,2
fixed_t2,2628,6.737556,2
fixed_t2,2629,6.708026,2
fixed_t2,2630,10.287092,2
fixed_t2,2631,3.800716,2
fixed_t2,2632,6.183463,2
fixed_t2,2633,9.502587,2
fixed_t2,2634,2.676031,2
fixed_t2,2635,6.745831,2
fixed_t2,2636,7.233045,2
fixed_t2,2637,7.673415,2
fixed_t2,2638,4.698498,2
fixed_t2,2639,9.237784,2
fixed_t2,2640,7.954814,2
fixed_t2,2641,7.724693,2
fixed_t2,2642,8.462080,2
fixed_t2,2643,4.794646,2
fixed_t2,2644,6.093221,2
fixed_t2,2645,6.098546,2
fixed_t2,2646,8.759358,2
fixed_t2,2647,7.578553,2
fixed_t2,2648,12.467264,2
fixed_t2,2649,14.929012,2
fixed_t2,2650,4.394850,2
fixed_t2,2651,4.491154,2
fixed_t2,2652,5.439554,2
fixed_t2,2653,6.014283,2
fixed_t2,2654,9.244626,2
fixed_t2,2655,11.102808,2
fixed_t2,2656,7.442754,2
fixed_t2,2657,5.075146,2
fixed_t2,2658,10.335915,2
fixed_t2,2659,4.977407,2
fixed_t2,2660,9.071453,2
fixed_t2,2661,7.609341,2
fixed_t2,2662,6.435503,2
fixed_t2,2663,10.400854,2
fixed_t2,2664,5.924747,2
fixed_t2,2665,7.317902,2
fixed_t2,2666,6.727173,2
fixed_t2,2667,6.365274,2
fixed_t2,2668,3.214970,2
fixed_t2,2669,12.448533,2
fixed_t2,2670,11.145106,2
fixed_t2,2671,5.110211,2
fixed_t2,2672,6.557397,2
fixed_t2,2673,5.786440,2
fixed_t2,2674,2.883721,2
fixed_t2,2675,6.302884,2
fixed_t2,2676,8.050757,2
fixed_t2,2677,8.688779,2
fixed_t2,2678,3.563540,2
fixed_t2,2679,3.933080,2
fixed_t2,2680,6.480522,2
fixed_t2,2681,6.799517,2
fixed_t2,2682,5.404688,2
fixed_t2,2683,8.930161,2
fixed_t2,2684,3.980848,2
fixed_t2,2685,4.676047,2
fixed_t2,2686,14.276978,2
fixed_t2,2687,8.937263,2
fixed_t2,2688,7.584557,2
fixed_t2,2689,8.261148,2
fixed_t2,2690,9.264646,2
fixed_t2,2691,7.214417,2
fixed_t2,2692,14.191865,2
fixed_t2,2693,11.585494,2
fixed_t2,2694,10.177917,2
fixed_t2,2695,8.201866,2
fixed_t2,2696,5.121068,2
fixed_t2,2697,12.053976,2
fixed_t2,2698,8.889593,2
fixed_t2,2699,22.566523,2
fixed_t2,2700,5.415738,2
fixed_t2,2701,8.708550,2
fixed_t2,2702,5.028364,2
fixed_t2,2703,8.474449,2
fixed_t2,2704,8.645202,2
fixed_t2,2705,8.337069,2
fixed_t2,2706,9.459273,2
fixed_t2,2707,5.957932,2
fixed_t2,2708,11.441433,2
fixed_t2,2709,7.197325,2
fixed_t2,2710,8.485964,2
fixed_t2,2711,5.830571,2
fixed_t2,2712,16.410590,2
fixed_t2,2713,4.355606,2
fixed_t2,2714,5.055341,2
fixed_t2,2715,5.933215,2
fixed_t2,2716,7.751096,2
fixed_t2,2717,6.222247,2
fixed_t2,2718,6.560660,2
fixed_t2,2719,8.207749,2
fixed_t2,2720,14.037222,2
fixed_t2,2721,10.793264,2
fixed_t2,2722,7.576027,2
fixed_t2,2723,6.732062,2
fixed_t2,2724,5.921676,2
fixed_t2,2725,16.074940,2
fixed_t2,2726,6.655029,2
fixed_t2,2727,6.586317,2
fixed_t2,2728,4.416847,2
fixed_t2,2729,4.396475,2
fixed_t2,2730,11.321180,2
fixed_t2,2731,5.824130,2
fixed_t2,2732,14.671318,2
fixed_t2,2733,6.158444,2
fixed_t2,2734,7.129153,2
fixed_t2,2735,4.897866,2
fixed_t2,2736,4.263027,2
fixed_t2,2737,7.570252,2
fixed_t2,2738,4.038031,2
fixed_t2,2739,7.857264,2
fixed_t2,2740,7.841403,2
fixed_t2,2741,10.715981,2
fixed_t2,2742,15.782628,2
fixed_t2,2743,4.772142,2
fixed_t2,2744,9.128564,2
fixed_t2,2745,7.887115,2
fixed_t2,2746,6.443568,2
fixed_t2,2747,12.612628,2
fixed_t2,2748,4.360082,2
fixed_t2,2749,8.558608,2
fixed_t2,2750,5.091671,2
fixed_t2,2751,9.479019,2
fixed_t2,2752,3.364038,2
fixed_t2,2753,11.012583,2
fixed_t2,2754,5.545648,2
fixed_t2,2755,10.649780,2
fixed_t2,2756,5.443411,2
fixed_t2,2757,8.902111,2
fixed_t2,2758,4.682749,2
fixed_t2,2759,9.718013,2
fixed_t2,2760,10.335765,2
fixed_t2,2761,5.446844,2
fixed_t2,2762,4.072744,2
fixed_t2,2763,12.205257,2
fixed_t2,2764,11.293413,2
fixed_t2,2765,6.921743,2
fixed_t2,2766,9.139342,2
fixed_t2,2767,6.862471,2
fixed_t2,2768,6.490938,2
fixed_t2,2769,4.645791,2
fixed_t2,2770,3.264949,2
fixed_t2,2771,7.038267,2
fixed_t2,2772,2.579821,2
fixed_t2,2773,7.520220,2
fixed_t2,2774,4.978527,2
fixed_t2,2775,9.171231,2
fixed_t2,2776,9.769860,2
fixed_t2,2777,4.562554,2
fixed_t2,2778,5.019133,2
fixed_t2,2779,10.394115,2
fixed_t2,2780,8.123140,2
fixed_t2,2781,5.553659,2
fixed_t2,2782,7.909840,2
fixed_t2,2783,16.682871,2
fixed_t2,2784,5.091842,2
fixed_t2,2785,4.043520,2
fixed_t2,2786,9.783381,2
fixed_t2,2787,2.551118,2
fixed_t2,2788,11.445567,2
fixed_t2,2789,4.316767,2
fixed_t2,2790,6.809655,2
fixed_t2,2791,4.669798,2
fixed_t2,2792,6.521481,2
fixed_t2,2793,8.541341,2
fixed_t2,2794,4.174019,2
fixed_t2,2795,4.837344,2
fixed_t2,2796,8.685535,2
fixed_t2,2797,8.044426,2
fixed_t2,2798,5.669282,2
fixed_t2,2799,11.381526,2
fixed_t2,2800,5.795319,2
fixed_t2,2801,6.822901,2
fixed_t2,2802,4.628740,2
fixed_t2,2803,9.916757,2
fixed_t2,2804,4.671931,2
fixed_t2,2805,9.755464,2
fixed_t2,2806,2.675564,2
fixed_t2,2807,5.907430,2
fixed_t2,2808,8.816040,2
fixed_t2,2809,7.528601,2
fixed_t2,2810,3.811107,2
fixed_t2,2811,4.707727,2
fixed_t2,2812,12.883816,2
fixed_t2,2813,9.594765,2
fixed_t2,2814,5.379311,2
fixed_t2,2815,7.084186,2
fixed_t2,2816,10.728196,2
fixed_t2,2817,9.689301,2
fixed_t2,2818,5.329636,2
fixed_t2,2819,6.285485,2
fixed_t2,2820,13.741548,2
fixed_t2,2821,9.311288,2
fixed_t2,2822,8.086553,2
fixed_t2,2823,4.768102,2
fixed_t2,2824,9.947298,2
fixed_t2,2825,3.702320,2
fixed_t2,2826,10.300935,2
fixed_t2,2827,5.684189,2
fixed_t2,2828,3.935863,2
fixed_t2,2829,6.559878,2
fixed_t2,2830,6.859463,2
fixed_t2,2831,19.317792,2
fixed_t2,2832,5.880925,2
fixed_t2,2833,4.280536,2
fixed_t2,2834,5.823111,2
fixed_t2,2835,4.697317,2
fixed_t2,2836,8.910784,2
fixed_t2,2837,12.217570,2
fixed_t2,2838,10.186823,2
fixed_t2,2839,3.838899,2
fixed_t2,2840,4.902338,2
fixed_t2,2841,7.646761,2
fixed_t2,2842,5.714560,2
fixed_t2,2843,5.865431,2
fixed_t2,2844,10.746328,2
fixed_t2,2845,6.860721,2
fixed_t2,2846,7.241981,2
fixed_t2,2847,7.383963,2
fixed_t2,2848,6.507667,2
fixed_t2,2849,4.809727,2
fixed_t2,2850,7.503646,2
fixed_t2,2851,5.515506,2
fixed_t2,2852,12.077991,2
fixed_t2,2853,3.847113,2
fixed_t2,2854,9.458761,2
fixed_t2,2855,5.102705,2
fixed_t2,2856,9.083620,2
fixed_t2,2857,6.154893,2
fixed_t2,2858,11.505270,2
fixed_t2,2859,6.941709,2
fixed_t2,2860,5.009491,2
fixed_t2,2861,8.191499,2
fixed_t2,2862,3.399329,2
fixed_t2,2863,4.657467,2
fixed_t2,2864,7.065194,2
fixed_t2,2865,6.293557,2
fixed_t2,2866,5.964269,2
fixed_t2,2867,8.156032,2
fixed_t2,2868,7.285481,2
fixed_t2,2869,5.693853,2
fixed_t2,2870,5.674093,2
fixed_t2,2871,6.308466,2
fixed_t2,2872,4.471993,2
fixed_t2,2873,3.971861,2
fixed_t2,2874,7.681143,2
fixed_t2,2875,4.954294,2
fixed_t2,2876,3.457732,2
fixed_t2,2877,4.259659,2
fixed_t2,2878,2.115365,2
fixed_t2,2879,8.790336,2
fixed_t2,2880,6.175752,2
fixed_t2,2881,3.086202,2
fixed_t2,2882,3.715774,2
fixed_t2,2883,9.079251,2
fixed_t2,2884,9.594386,2
fixed_t2,2885,5.235258,2
fixed_t2,2886,9.881412,2
fixed_t2,2887,6.135136,2
fixed_t2,2888,5.117973,2
fixed_t2,2889,5.033904,2
fixed_t2,2890,8.519978,2
fixed_t2,2891,4.822999,2
fixed_t2,2892,5.882392,2
fixed_t2,2893,3.686959,2
fixed_t2,2894,13.633681,2
fixed_t2,2895,3.839072,2
fixed_t2,2896,8.650748,2
fixed_t2,2897,12.555069,2
fixed_t2,2898,5.899031,2
fixed_t2,2899,9.362293,2
fixed_t2,2900,6.375715,2
fixed_t2,2901,8.483707,2
fixed_t2,2902,6.314450,2
fixed_t2,2903,4.686283,2
fixed_t2,2904,10.569270,2
fixed_t2,2905,7.744305,2
fixed_t2,2906,5.495903,2
fixed_t2,2907,9.707021,2
fixed_t2,2908,8.313579,2
fixed_t2,2909,13.472406,2
fixed_t2,2910,7.072326,2
fixed_t2,2911,5.925764,2
fixed_t2,2912,4.292997,2
fixed_t2,2913,4.276868,2
fixed_t2,2914,6.010798,2
fixed_t2,2915,5.243474,2
fixed_t2,2916,10.161218,2
fixed_t2,2917,8.421411,2
fixed_t2,2918,9.496458,2
fixed_t2,2919,3.612563,2
fixed_t2,2920,6.276303,2
fixed_t2,2921,5.954383,2
fixed_t2,2922,11.483423,2
fixed_t2,2923,6.206060,2
fixed_t2,2924,11.946714,2
fixed_t2,2925,6.126841,2
fixed_t2,2926,5.299073,2
fixed_t2,2927,4.314150,2
fixed_t2,2928,6.742243,2
fixed_t2,2929,8.446825,2
fixed_t2,2930,15.816114,2
fixed_t2,2931,8.766189,2
fixed_t2,2932,6.685029,2
fixed_t2,2933,7.668986,2
fixed_t2,2934,6.147876,2
fixed_t2,2935,6.205383,2
fixed_t2,2936,6.234067,2
fixed_t2,2937,4.941121,2
fixed_t2,2938,6.969409,2
fixed_t2,2939,5.421503,2
fixed_t2,2940,7.021142,2
fixed_t2,2941,5.849800,2
fixed_t2,2942,8.997004,2
fixed_t2,2943,3.948046,2
fixed_t2,2944,4.967227,2
fixed_t2,2945,2.443693,2
fixed_t2,2946,5.836378,2
fixed_t2,2947,11.230806,2
fixed_t2,2948,10.179313,2
fixed_t2,2949,9.009686,2
fixed_t2,2950,6.362223,2
fixed_t2,2951,6.958005,2
fixed_t2,2952,5.648589,2
fixed_t2,2953,5.584638,2
fixed_t2,2954,10.154981,2
fixed_t2,2955,6.384272,2
fixed_t2,2956,4.236396,2
fixed_t2,2957,5.627561,2
fixed_t2,2958,6.589356,2
fixed_t2,2959,4.398481,2
fixed_t2,2960,5.003930,2
fixed_t2,2961,6.558304,2
fixed_t2,2962,5.743973,2
fixed_t2,2963,6.244020,2
fixed_t2,2964,6.775644,2
fixed_t2,2965,5.624711,2
fixed_t2,2966,9.434270,2
fixed_t2,2967,6.906440,2
fixed_t2,2968,4.065970,2
fixed_t2,2969,5.266582,2
fixed_t2,2970,7.198552,2
fixed_t2,2971,6.721455,2
fixed_t2,2972,5.652086,2
fixed_t2,2973,7.080751,2
fixed_t2,2974,5.748895,2
fixed_t2,2975,5.937350,2
fixed_t2,2976,5.516877,2
fixed_t2,2977,4.695499,2
fixed_t2,2978,6.384913,2
fixed_t2,2979,7.238523,2
fixed_t2,2980,4.397446,2
fixed_t2,2981,14.147585,2
fixed_t2,2982,6.792946,2
fixed_t2,2983,6.854996,2
fixed_t2,2984,7.023384,2
fixed_t2,2985,6.105961,2
fixed_t2,2986,12.100876,2
fixed_t2,2987,5.633845,2
fixed_t2,2988,5.405793,2
fixed_t2,2989,10.065046,2
fixed_t2,2990,8.036533,2
fixed_t2,2991,7.132123,2
fixed_t2,2992,5.257890,2
fixed_t2,2993,9.995407,2
fixed_t2,2994,5.500955,2
fixed_t2,2995,12.649654,2
fixed_t2,2996,6.987884,2
fixed_t2,2997,3.218129,2
fixed_t2,2998,5.220818,2
fixed_t2,2999,5.717136,2
fixed_t2,3000,7.202154,2
fixed_t2,3001,4.199779,2
fixed_t2,3002,11.585150,2
fixed_t2,3003,9.816652,2
fixed_t2,3004,3.962992,2
fixed_t2,3005,7.764810,2
fixed_t2,3006,2.859025,2
fixed_t2,3007,7.166076,2
fixed_t2,3008,5.229516,2
fixed_t2,3009,9.976102,2
fixed_t2,3010,17.490987,2
fixed_t2,3011,15.752988,2
fixed_t2,3012,6.390494,2
fixed_t2,3013,12.396171,2
fixed_t2,3014,7.226654,2
fixed_t2,3015,8.446942,2
fixed_t2,3016,8.064471,2
fixed_t2,3017,7.934570,2
fixed_t2,3018,6.058542,2
fixed_t2,3019,5.637277,2
fixed_t2,3020,10.267255,2
fixed_t2,3021,6.154046,2
fixed_t2,3022,8.978443,2
fixed_t2,3023,10.625715,2
fixed_t2,3024,4.506893,2
fixed_t2,3025,3.309132,2
fixed_t2,3026,8.269730,2
fixed_t2,3027,7.789193,2
fixed_t2,3028,8.963553,2
fixed_t2,3029,5.561854,2
fixed_t2,3030,5.425747,2
fixed_t2,3031,12.256233,2
fixed_t2,3032,16.601244,2
fixed_t2,3033,7.951186,2
fixed_t2,3034,4.222068,2
fixed_t2,3035,3.042567,2
fixed_t2,3036,3.130539,2
fixed_t2,3037,10.806559,2
fixed_t2,3038,8.770578,2
fixed_t2,3039,4.779262,2
fixed_t2,3040,6.181583,2
fixed_t2,3041,6.994211,2
fixed_t2,3042,3.480602,2
fixed_t2,3043,5.718559,2
fixed_t2,3044,5.179746,2
fixed_t2,3045,3.492299,2
fixed_t2,3046,6.327696,2
fixed_t2,3047,3.254198,2
fixed_t2,3048,3.874519,2
fixed_t2,3049,13.482713,2
fixed_t2,3050,5.212517,2
fixed_t2,3051,5.941775,2
fixed_t2,3052,11.861179,2
fixed_t2,3053,8.694492,2
fixed_t2,3054,10.999015,2
fixed_t2,3055,6.003712,2
fixed_t2,3056,6.205635,2
fixed_t2,3057,5.591680,2
fixed_t2,3058,10.109258,2
fixed_t2,3059,5.496567,2
fixed_t2,3060,2.993459,2
fixed_t2,3061,10.197975,2
fixed_t2,3062,6.349418,2
fixed_t2,3063,3.339421,2
fixed_t2,3064,5.700987,2
fixed_t2,3065,4.984216,2
fixed_t2,3066,5.330515,2
fixed_t2,3067,4.797792,2
fixed_t2,3068,6.130559,2
fixed_t2,3069,6.441986,2
fixed_t2,3070,5.905208,2
fixed_t2,3071,4.598673,2
fixed_t2,3072,2.993212,2
fixed_t2,3073,5.988534,2
fixed_t2,3074,11.984736,2
fixed_t2,3075,10.587743,2
fixed_t2,3076,8.153980,2
fixed_t2,3077,5.688184,2
fixed_t2,3078,4.325850,2
fixed_t2,3079,4.200616,2
fixed_t2,3080,8.314044,2
fixed_t2,3081,6.779304,2
fixed_t2,3082,7.293110,2
fixed_t2,3083,10.137180,2
fixed_t2,3084,5.438271,2
fixed_t2,3085,5.405790,2
fixed_t2,3086,9.494624,2
fixed_t2,3087,3.531586,2
fixed_t2,3088,6.544046,2
fixed_t2,3089,9.143799,2
fixed_t2,3090,4.259631,2
fixed_t2,3091,6.785558,2
fixed_t2,3092,8.341228,2
fixed_t2,3093,2.799105,2
fixed_t2,3094,12.734487,2
fixed_t2,3095,5.577716,2
fixed_t2,3096,5.712155,2
fixed_t2,3097,14.101470,2
fixed_t2,3098,6.291457,2
fixed_t2,3099,2.611768,2
fixed_t2,3100,4.358249,2
fixed_t2,3101,6.399248,2
fixed_t2,3102,12.317965,2
fixed_t2,3103,3.853265,2
fixed_t2,3104,7.890500,2
fixed_t2,3105,12.418189,2
fixed_t2,3106,10.135395,2
fixed_t2,3107,9.530831,2
fixed_t2,3108,11.511388,2
fixed_t2,3109,5.326958,2
fixed_t2,3110,7.927109,2
fixed_t2,3111,9.107267,2
fixed_t2,3112,4.262377,2
fixed_t2,3113,13.701530,2
fixed_t2,3114,2.694585,2
fixed_t2,3115,9.107974,2
fixed_t2,3116,5.131455,2
fixed_t2,3117,4.334742,2
fixed_t2,3118,7.459539,2
fixed_t2,3119,8.771536,2
fixed_t2,3120,7.453120,2
fixed_t2,3121,9.974351,2
fixed_t2,3122,16.166212,2
fixed_t2,3123,3.513303,2
fixed_t2,3124,4.446724,2
fixed_t2,3125,8.823227,2
fixed_t2,3126,11.054538,2
fixed_t2,3127,5.985598,2
fixed_t2,3128,5.608011,2
fixed_t2,3129,9.015789,2
fixed_t2,3130,6.876687,2
fixed_t2,3131,5.715607,2
fixed_t2,3132,4.569435,2
fixed_t2,3133,3.729757,2
fixed_t2,3134,6.749040,2
fixed_t2,3135,10.338895,2
fixed_t2,3136,14.221987,2
fixed_t2,3137,3.689680,2
fixed_t2,3138,5.058253,2
fixed_t2,3139,3.672821,2
fixed_t2,3140,7.252210,2
fixed_t2,3141,8.317642,2
fixed_t2,3142,4.419168,2
fixed_t2,3143,10.198776,2
fixed_t2,3144,8.935853,2
fixed_t2,3145,7.011676,2
fixed_t2,3146,3.087243,2
fixed_t2,3147,4.267823,2
fixed_t2,3148,8.731619,2
fixed_t2,3149,5.965375,2
fixed_t2,3150,4.284467,2
fixed_t2,3151,4.689133,2
fixed_t2,3152,4.959754,2
fixed_t2,3153,8.155345,2
fixed_t2,3154,5.599981,2
fixed_t2,3155,6.234450,2
fixed_t2,3156,3.059516,2
fixed_t2,3157,4.674990,2
fixed_t2,3158,6.380065,2
fixed_t2,3159,4.558633,2
fixed_t2,3160,7.357095,2
fixed_t2,3161,8.709652,2
fixed_t2,3162,11.460747,2
fixed_t2,3163,8.790395,2
fixed_t2,3164,6.071879,2
fixed_t2,3165,6.653109,2
fixed_t2,3166,3.388529,2
fixed_t2,3167,4.552824,2
fixed_t2,3168,5.571450,2
fixed_t2,3169,5.947715,2
fixed_t2,3170,10.891347,2
fixed_t2,3171,4.373802,2
fixed_t2,3172,7.071167,2
fixed_t2,3173,4.887062,2
fixed_t2,3174,4.619407,2
fixed_t2,3175,9.891221,2
fixed_t2,3176,14.032767,2
fixed_t2,3177,6.905197,2
fixed_t2,3178,4.245470,2
fixed_t2,3179,10.141946,2
fixed_t2,3180,5.218990,2
fixed_t2,3181,3.593816,2
fixed_t2,3182,5.473216,2
fixed_t2,3183,5.093225,2
fixed_t2,3184,6.837465,2
fixed_t2,3185,4.719499,2
fixed_t2,3186,9.661056,2
fixed_t2,3187,6.161018,2
fixed_t2,3188,7.684980,2
fixed_t2,3189,6.379557,2
fixed_t2,3190,9.487508,2
fixed_t2,3191,8.465465,2
fixed_t2,3192,6.280183,2
fixed_t2,3193,10.438073,2
fixed_t2,3194,8.852017,2
fixed_t2,3195,6.329062,2
fixed_t2,3196,8.427874,2
fixed_t2,3197,5.256300,2
fixed_t2,3198,9.195146,2
fixed_t2,3199,7.578849,2
fixed_t2,3200,4.178300,2
fixed_t2,3201,6.597604,2
fixed_t2,3202,4.860523,2
fixed_t2,3203,4.540251,2
fixed_t2,3204,7.470207,2
fixed_t2,3205,2.390781,2
fixed_t2,3206,5.294259,2
fixed_t2,3207,3.755389,2
fixed_t2,3208,4.263587,2
fixed_t2,3209,4.803800,2
fixed_t2,3210,9.771286,2
fixed_t2,3211,2.915337,2
fixed_t2,3212,14.291536,2
fixed_t2,3213,5.679493,2
fixed_t2,3214,8.093274,2
fixed_t2,3215,5.046547,2
fixed_t2,3216,6.049044,2
fixed_t2,3217,9.289467,2
fixed_t2,3218,4.592572,2
fixed_t2,3219,7.432544,2
fixed_t2,3220,15.159487,2
fixed_t2,3221,7.780762,2
fixed_t2,3222,8.023054,2
fixed_t2,3223,3.624745,2
fixed_t2,3224,6.534705,2
fixed_t2,3225,12.604125,2
fixed_t2,3226,8.599683,2
fixed_t2,3227,9.589608,2
fixed_t2,3228,5.269782,2
fixed_t2,3229,4.347424,2
fixed_t2,3230,6.764058,2
fixed_t2,3231,6.167209,2
fixed_t2,3232,6.961873,2
fixed_t2,3233,14.546833,2
fixed_t2,3234,6.136508,2
fixed_t2,3235,7.310412,2
fixed_t2,3236,5.488039,2
fixed_t2,3237,5.303006,2
fixed_t2,3238,8.000874,2
fixed_t2,3239,7.519312,2
fixed_t2,3240,8.966973,2
fixed_t2,3241,4.176721,2
fixed_t2,3242,4.991276,2
fixed_t2,3243,4.640276,2
fixed_t2,3244,7.073936,2
fixed_t2,3245,4.038438,2
fixed_t2,3246,6.885413,2
fixed_t2,3247,4.119747,2
fixed_t2,3248,4.650798,2
fixed_t2,3249,8.611798,2
fixed_t2,3250,9.914741,2
fixed_t2,3251,15.521039,2
fixed_t2,3252,7.288365,2
fixed_t2,3253,7.945785,2
fixed_t2,3254,9.998307,2
fixed_t2,3255,5.562904,2
fixed_t2,3256,5.147870,2
fixed_t2,3257,7.186395,2
fixed_t2,3258,4.761717,2
fixed_t2,3259,10.169758,2
fixed_t2,3260,6.988886,2
fixed_t2,3261,5.489375,2
fixed_t2,3262,10.162413,2
fixed_t2,3263,5.567794,2
fixed_t2,3264,6.638377,2
fixed_t2,3265,8.346739,2
fixed_t2,3266,2.106730,2
fixed_t2,3267,4.930363,2
fixed_t2,3268,9.001033,2
fixed_t2,3269,7.067534,2
fixed_t2,3270,6.688472,2
fixed_t2,3271,7.970577,2
fixed_t2,3272,4.100519,2
fixed_t2,3273,6.621405,2
fixed_t2,3274,3.966867,2
fixed_t2,3275,9.047852,2
fixed_t2,3276,3.148462,2
fixed_t2,3277,8.254370,2
fixed_t2,3278,7.589040,2
fixed_t2,3279,7.760410,2
fixed_t2,3280,10.621360,2
fixed_t2,3281,9.379864,2
fixed_t2,3282,7.580812,2
fixed_t2,3283,9.789497,2
fixed_t2,3284,5.160768,2
fixed_t2,3285,4.759553,2
fixed_t2,3286,5.476587,2
fixed_t2,3287,7.301498,2
fixed_t2,3288,4.180665,2
fixed_t2,3289,3.793652,2
fixed_t2,3290,12.257954,2
fixed_t2,3291,6.209761,2
fixed_t2,3292,7.623635,2
fixed_t2,3293,6.180855,2
fixed_t2,3294,4.826040,2
fixed_t2,3295,4.543728,2
fixed_t2,3296,13.963821,2
fixed_t2,3297,4.190971,2
fixed_t2,3298,6.073862,2
fixed_t2,3299,7.568177,2
fixed_t2,3300,3.588043,2
fixed_t2,3301,14.152025,2
fixed_t2,3302,10.079278,2
fixed_t2,3303,3.827926,2
fixed_t2,3304,9.175193,2
fixed_t2,3305,6.429339,2
fixed_t2,3306,5.957288,2
fixed_t2,3307,7.647201,2
fixed_t2,3308,6.429103,2
fixed_t2,3309,8.999163,2
fixed_t2,3310,10.703313,2
fixed_t2,3311,5.488829,2
fixed_t2,3312,6.371621,2
fixed_t2,3313,11.979040,2
fixed_t2,3314,4.871403,2
fixed_t2,3315,10.195607,2
fixed_t2,3316,4.809794,2
fixed_t2,3317,9.098708,2
fixed_t2,3318,6.251765,2
fixed_t2,3319,4.316602,2
fixed_t2,3320,9.712601,2
fixed_t2,3321,10.110572,2
fixed_t2,3322,6.606225,2
fixed_t2,3323,7.533600,2
fixed_t2,3324,10.406014,2
fixed_t2,3325,5.711729,2
fixed_t2,3326,9.828078,2
fixed_t2,3327,8.206240,2
fixed_t2,3328,10.257471,2
fixed_t2,3329,3.449061,2
fixed_t2,3330,7.239242,2
fixed_t2,3331,11.038792,2
fixed_t2,3332,10.572835,2
fixed_t2,3333,5.045222,2
fixed_t2,3334,6.280363,2
fixed_t2,3335,6.117621,2
fixed_t2,3336,5.009584,2
fixed_t2,3337,19.040220,2
fixed_t2,3338,5.703273,2
fixed_t2,3339,2.555292,2
fixed_t2,3340,8.102643,2
fixed_t2,3341,6.278729,2
fixed_t2,3342,5.745578,2
fixed_t2,3343,6.750624,2
fixed_t2,3344,12.911367,2
fixed_t2,3345,6.511587,2
fixed_t2,3346,5.110193,2
fixed_t2,3347,3.929123,2
fixed_t2,3348,10.619807,2
fixed_t2,3349,3.315587,2
fixed_t2,3350,4.584105,2
fixed_t2,3351,8.406676,2
fixed_t2,3352,7.111518,2
fixed_t2,3353,11.688517,2
fixed_t2,3354,7.821344,2
fixed_t2,3355,5.925770,2
fixed_t2,3356,7.320955,2
fixed_t2,3357,3.888166,2
fixed_t2,3358,6.613527,2
fixed_t2,3359,7.007735,2
fixed_t2,3360,10.560676,2
fixed_t2,3361,5.009908,2
fixed_t2,3362,8.491651,2
fixed_t2,3363,4.526981,2
fixed_t2,3364,9.944925,2
fixed_t2,3365,6.146539,2
fixed_t2,3366,11.082547,2
fixed_t2,3367,6.024617,2
fixed_t2,3368,7.851749,2
fixed_t2,3369,7.783231,2
fixed_t2,3370,8.503395,2
fixed_t2,3371,9.366121,2
fixed_t2,3372,6.818007,2
fixed_t2,3373,9.119602,2
fixed_t2,3374,10.419869,2
fixed_t2,3375,4.735629,2
fixed_t2,3376,7.753107,2
fixed_t2,3377,5.070484,2
fixed_t2,3378,9.398789,2
fixed_t2,3379,6.377369,2
fixed_t2,3380,7.675338,2
fixed_t2,3381,8.680571,2
fixed_t2,3382,5.081796,2
fixed_t2,3383,6.580699,2
fixed_t2,3384,11.196492,2
fixed_t2,3385,5.486978,2
fixed_t2,3386,5.944408,2
fixed_t2,3387,8.598853,2
fixed_t2,3388,3.571948,2
fixed_t2,3389,6.281289,2
fixed_t2,3390,5.018011,2
fixed_t2,3391,7.071723,2
fixed_t2,3392,7.300466,2
fixed_t2,3393,6.584688,2
fixed_t2,3394,7.965995,2
fixed_t2,3395,8.677527,2
fixed_t2,3396,4.731888,2
fixed_t2,3397,5.188182,2
fixed_t2,3398,2.087303,2
fixed_t2,3399,4.693451,2
fixed_t2,3400,6.591463,2
fixed_t2,3401,5.781477,2
fixed_t2,3402,6.436193,2
fixed_t2,3403,6.287687,2
fixed_t2,3404,6.534508,2
fixed_t2,3405,8.025282,2
fixed_t2,3406,14.310479,2
fixed_t2,3407,4.088078,2
fixed_t2,3408,4.208913,2
fixed_t2,3409,5.533038,2
fixed_t2,3410,7.392080,2
fixed_t2,3411,11.313830,2
fixed_t2,3412,5.332635,2
fixed_t2,3413,5.356161,2
fixed_t2,3414,4.875518,2
fixed_t2,3415,5.168200,2
fixed_t2,3416,6.252100,2
fixed_t2,3417,8.144970,2
fixed_t2,3418,4.958003,2
fixed_t2,3419,8.818240,2
fixed_t2,3420,6.730286,2
fixed_t2,3421,6.867848,2
fixed_t2,3422,6.317356,2
fixed_t2,3423,13.045888,2
fixed_t2,3424,11.619940,2
fixed_t2,3425,5.094198,2
fixed_t2,3426,4.168204,2
fixed_t2,3427,11.082443,2
fixed_t2,3428,7.563374,2
fixed_t2,3429,4.232523,2
fixed_t2,3430,7.792783,2
fixed_t2,3431,2.751432,2
fixed_t2,3432,5.031134,2
fixed_t2,3433,8.162961,2
fixed_t2,3434,8.638403,2
fixed_t2,3435,5.587864,2
fixed_t2,3436,7.717294,2
fixed_t2,3437,5.362191,2
fixed_t2,3438,11.676678,2
fixed_t2,3439,4.354411,2
fixed_t2,3440,4.729969,2
fixed_t2,3441,7.952388,2
fixed_t2,3442,6.514115,2
fixed_t2,3443,5.137260,2
fixed_t2,3444,6.909088,2
fixed_t2,3445,4.622245,2
fixed_t2,3446,9.752867,2
fixed_t2,3447,13.697031,2
fixed_t2,3448,6.130386,2
fixed_t2,3449,11.443770,2
fixed_t2,3450,7.310789,2
fixed_t2,3451,7.043346,2
fixed_t2,3452,7.484801,2
fixed_t2,3453,9.651359,2
fixed_t2,3454,4.865201,2
fixed_t2,3455,5.499916,2
fixed_t2,3456,2.969254,2
fixed_t2,3457,6.903506,2
fixed_t2,3458,4.688016,2
fixed_t2,3459,7.209053,2
fixed_t2,3460,12.583013,2
fixed_t2,3461,4.886561,2
fixed_t2,3462,8.565088,2
fixed_t2,3463,10.461744,2
fixed_t2,3464,7.002968,2
fixed_t2,3465,4.672499,2
fixed_t2,3466,5.880604,2
fixed_t2,3467,13.842583,2
fixed_t2,3468,6.797155,2
fixed_t2,3469,2.214230,2
fixed_t2,3470,3.048822,2
fixed_t2,3471,4.016604,2
fixed_t2,3472,6.201251,2
fixed_t2,3473,7.455198,2
fixed_t2,3474,3.372900,2
fixed_t2,3475,7.306640,2
fixed_t2,3476,13.185005,2
fixed_t2,3477,7.623469,2
fixed_t2,3478,4.835220,2
fixed_t2,3479,6.373910,2
fixed_t2,3480,5.855665,2
fixed_t2,3481,14.066427,2
fixed_t2,3482,10.132750,2
fixed_t2,3483,2.966607,2
fixed_t2,3484,6.518081,2
fixed_t2,3485,3.977369,2
fixed_t2,3486,4.372681,2
fixed_t2,3487,5.235295,2
fixed_t2,3488,6.150114,2
fixed_t2,3489,8.294504,2
fixed_t2,3490,4.730797,2
fixed_t2,3491,3.678865,2
fixed_t2,3492,4.583164,2
fixed_t2,3493,3.806085,2
fixed_t2,3494,6.442333,2
fixed_t2,3495,7.633112,2
fixed_t2,3496,9.908612,2
fixed_t2,3497,7.303718,2
fixed_t2,3498,4.482292,2
fixed_t2,3499,6.112989,2
fixed_t2,3500,18.330012,2
fixed_t2,3501,8.187447,2
fixed_t2,3502,7.275790,2
fixed_t2,3503,6.437923,2
fixed_t2,3504,7.282577,2
fixed_t2,3505,4.338890,2
fixed_t2,3506,12.100558,2
fixed_t2,3507,10.017375,2
fixed_t2,3508,11.971226,2
fixed_t2,3509,8.416952,2
fixed_t2,3510,8.005007,2
fixed_t2,3511,8.685021,2
fixed_t2,3512,7.454278,2
fixed_t2,3513,5.451756,2
fixed_t2,3514,8.951855,2
fixed_t2,3515,10.218071,2
fixed_t2,3516,7.675832,2
fixed_t2,3517,15.755005,2
fixed_t2,3518,4.067097,2
fixed_t2,3519,4.770923,2
fixed_t2,3520,4.842115,2
fixed_t2,3521,12.069716,2
fixed_t2,3522,5.634336,2
fixed_t2,3523,4.296874,2
fixed_t2,3524,2.950626,2
fixed_t2,3525,6.093974,2
fixed_t2,3526,7.887887,2
fixed_t2,3527,8.806807,2
fixed_t2,3528,6.491662,2
fixed_t2,3529,4.899838,2
fixed_t2,3530,5.278373,2
fixed_t2,3531,6.579115,2
fixed_t2,3532,6.358052,2
fixed_t2,3533,7.754050,2
fixed_t2,3534,5.147925,2
fixed_t2,3535,2.665738,2
fixed_t2,3536,4.137409,2
fixed_t2,3537,13.889798,2
fixed_t2,3538,6.300936,2
fixed_t2,3539,13.274314,2
fixed_t2,3540,7.688951,2
fixed_t2,3541,7.145363,2
fixed_t2,3542,5.433960,2
fixed_t2,3543,6.790780,2
fixed_t2,3544,7.816467,2
fixed_t2,3545,7.462836,2
fixed_t2,3546,6.176618,2
fixed_t2,3547,9.778949,2
fixed_t2,3548,5.188430,2
fixed_t2,3549,7.081288,2
fixed_t2,3550,13.966237,2
fixed_t2,3551,10.964374,2
fixed_t2,3552,8.341788,2
fixed_t2,3553,6.701274,2
fixed_t2,3554,5.234741,2
fixed_t2,3555,8.825365,2
fixed_t2,3556,6.923625,2
fixed_t2,3557,8.755262,2
fixed_t2,3558,7.384189,2
fixed_t2,3559,7.966283,2
fixed_t2,3560,8.642963,2
fixed_t2,3561,9.163096,2
fixed_t2,3562,5.338133,2
fixed_t2,3563,14.538261,2
fixed_t2,3564,6.012875,2
fixed_t2,3565,13.235288,2
fixed_t2,3566,8.464790,2
fixed_t2,3567,3.954386,2
fixed_t2,3568,4.608986,2
fixed_t2,3569,4.118957,2
fixed_t2,3570,8.033265,2
fixed_t2,3571,6.723681,2
fixed_t2,3572,9.796909,2
fixed_t2,3573,11.177697,2
fixed_t2,3574,7.360419,2
fixed_t2,3575,7.574863,2
fixed_t2,3576,7.743943,2
fixed_t2,3577,6.054201,2
fixed_t2,3578,14.592914,2
fixed_t2,3579,7.404611,2
fixed_t2,3580,7.875827,2
fixed_t2,3581,8.596540,2
fixed_t2,3582,10.480470,2
fixed_t2,3583,9.353911,2
fixed_t2,3584,12.811829,2
fixed_t2,3585,5.769520,2
fixed_t2,3586,3.993977,2
fixed_t2,3587,5.208985,2
fixed_t2,3588,4.894716,2
fixed_t2,3589,9.068235,2
fixed_t2,3590,4.311503,2
fixed_t2,3591,4.449597,2
fixed_t2,3592,5.020302,2
fixed_t2,3593,12.561349,2
fixed_t2,3594,6.538732,2
fixed_t2,3595,3.480534,2
fixed_t2,3596,5.104857,2
fixed_t2,3597,10.937529,2
fixed_t2,3598,6.020885,2
fixed_t2,3599,4.494338,2
fixed_t2,3600,16.714822,2
fixed_t2,3601,8.472786,2
fixed_t2,3602,13.734298,2
fixed_t2,3603,10.245948,2
fixed_t2,3604,10.784190,2
fixed_t2,3605,8.241237,2
fixed_t2,3606,10.598370,2
fixed_t2,3607,6.093129,2
fixed_t2,3608,8.988378,2
fixed_t2,3609,9.861076,2
fixed_t2,3610,13.051002,2
fixed_t2,3611,4.537774,2
fixed_t2,3612,19.494717,2
fixed_t2,3613,14.987169,2
fixed_t2,3614,7.619883,2
fixed_t2,3615,11.256647,2
fixed_t2,3616,10.666347,2
fixed_t2,3617,13.310761,2
fixed_t2,3618,14.367525,2
fixed_t2,3619,9.512859,2
fixed_t2,3620,8.745608,2
fixed_t2,3621,12.109684,2
fixed_t2,3622,13.444602,2
fixed_t2,3623,12.124082,2
fixed_t2,3624,17.588683,2
fixed_t2,3625,16.428206,2
fixed_t2,3626,8.464365,2
fixed_t2,3627,5.382551,2
fixed_t2,3628,6.870950,2
fixed_t2,3629,16.996123,2
fixed_t2,3630,10.261143,2
fixed_t2,3631,11.006030,2
fixed_t2,3632,14.529263,2
fixed_t2,3633,12.552840,2
fixed_t2,3634,9.542321,2
fixed_t2,3635,14.183594,2
fixed_t2,3636,18.063206,2
fixed_t2,3637,12.959745,2
fixed_t2,3638,8.240498,2
fixed_t2,3639,7.973879,2
fixed_t2,3640,6.174978,2
fixed_t2,3641,6.064536,2
fixed_t2,3642,9.580026,2
fixed_t2,3643,15.900896,2
fixed_t2,3644,11.084220,2
fixed_t2,3645,10.328371,2
fixed_t2,3646,11.199928,2
fixed_t2,3647,4.934625,2
fixed_t2,3648,6.211063,2
fixed_t2,3649,11.518520,2
fixed_t2,3650,14.983093,2
fixed_t2,3651,8.914265,2
fixed_t2,3652,13.688029,2
fixed_t2,3653,11.387325,2
fixed_t2,3654,14.747548,2
fixed_t2,3655,10.095030,2
fixed_t2,3656,6.048143,2
fixed_t2,3657,13.186371,2
fixed_t2,3658,14.061017,2
fixed_t2,3659,10.739633,2
fixed_t2,3660,4.937764,2
fixed_t2,3661,13.234890,2
fixed_t2,3662,15.101005,2
fixed_t2,3663,9.907243,2
fixed_t2,3664,7.088944,2
fixed_t2,3665,12.028733,2
fixed_t2,3666,6.878924,2
fixed_t2,3667,5.749818,2
fixed_t2,3668,14.135395,2
fixed_t2,3669,20.014613,2
fixed_t2,3670,9.328373,2
fixed_t2,3671,11.569506,2
fixed_t2,3672,18.652101,2
fixed_t2,3673,10.432704,2
fixed_t2,3674,6.126204,2
fixed_t2,3675,13.722166,2
fixed_t2,3676,16.592523,2
fixed_t2,3677,12.354427,2
fixed_t2,3678,19.009137,2
fixed_t2,3679,22.880948,2
fixed_t2,3680,9.017715,2
fixed_t2,3681,5.020437,2
fixed_t2,3682,12.598188,2
fixed_t2,3683,12.813415,2
fixed_t2,3684,8.335235,2
fixed_t2,3685,9.206261,2
fixed_t2,3686,10.702126,2
fixed_t2,3687,3.502077,2
fixed_t2,3688,10.391086,2
fixed_t2,3689,12.426330,2
fixed_t2,3690,4.868172,2
fixed_t2,3691,31.452911,2
fixed_t2,3692,5.837209,2
fixed_t2,3693,7.916403,2
fixed_t2,3694,8.506275,2
fixed_t2,3695,4.646220,2
fixed_t2,3696,11.847604,2
fixed_t2,3697,12.685955,2
fixed_t2,3698,11.484949,2
fixed_t2,3699,12.799757,2
fixed_t2,3700,13.388112,2
fixed_t2,3701,12.299574,2
fixed_t2,3702,5.469934,2
fixed_t2,3703,6.293528,2
fixed_t2,3704,16.279148,2
fixed_t2,3705,10.605145,2
fixed_t2,3706,17.935998,2
fixed_t2,3707,4.761836,2
fixed_t2,3708,13.840548,2
fixed_t2,3709,34.088061,2
fixed_t2,3710,11.830797,2
fixed_t2,3711,5.235471,2
fixed_t2,3712,4.876250,2
fixed_t2,3713,19.198822,2
fixed_t2,3714,10.744109,2
fixed_t2,3715,11.896108,2
fixed_t2,3716,6.132916,2
fixed_t2,3717,13.152626,2
fixed_t2,3718,9.979705,2
fixed_t2,3719,5.455843,2
fixed_t2,3720,5.416727,2
fixed_t2,3721,8.325192,2
fixed_t2,3722,14.717368,2
fixed_t2,3723,15.217563,2
fixed_t2,3724,13.262881,2
fixed_t2,3725,8.429456,2
fixed_t2,3726,14.858709,2
fixed_t2,3727,7.423776,2
fixed_t2,3728,4.388790,2
fixed_t2,3729,6.847666,2
fixed_t2,3730,9.808537,2
fixed_t2,3731,10.120841,2
fixed_t2,3732,16.953905,2
fixed_t2,3733,10.942054,2
fixed_t2,3734,11.444818,2
fixed_t2,3735,13.111814,2
fixed_t2,3736,14.112322,2
fixed_t2,3737,13.180973,2
fixed_t2,3738,6.599131,2
fixed_t2,3739,15.384488,2
fixed_t2,3740,8.424088,2
fixed_t2,3741,6.339024,2
fixed_t2,3742,6.274423,2
fixed_t2,3743,6.423934,2
fixed_t2,3744,22.681382,2
fixed_t2,3745,13.778934,2
fixed_t2,3746,20.632231,2
fixed_t2,3747,8.902664,2
fixed_t2,3748,13.228097,2
fixed_t2,3749,9.437028,2
fixed_t2,3750,9.382553,2
fixed_t2,3751,8.300720,2
fixed_t2,3752,8.818182,2
fixed_t2,3753,8.309710,2
fixed_t2,3754,12.776926,2
fixed_t2,3755,6.744217,2
fixed_t2,3756,11.920449,2
fixed_t2,3757,8.282539,2
fixed_t2,3758,13.034291,2
fixed_t2,3759,25.933550,2
fixed_t2,3760,14.298146,2
fixed_t2,3761,11.934155,2
fixed_t2,3762,7.443614,2
fixed_t2,3763,17.614246,2
fixed_t2,3764,14.380069,2
fixed_t2,3765,10.891560,2
fixed_t2,3766,9.915235,2
fixed_t2,3767,17.137261,2
fixed_t2,3768,13.357265,2
fixed_t2,3769,11.829050,2
fixed_t2,3770,3.614931,2
fixed_t2,3771,12.328462,2
fixed_t2,3772,9.462575,2
fixed_t2,3773,13.408774,2
fixed_t2,3774,10.131163,2
fixed_t2,3775,14.213934,2
fixed_t2,3776,13.309671,2
fixed_t2,3777,13.375459,2
fixed_t2,3778,5.291767,2
fixed_t2,3779,8.061775,2
fixed_t2,3780,10.679708,2
fixed_t2,3781,7.443251,2
fixed_t2,3782,19.162846,2
fixed_t2,3783,11.403081,2
fixed_t2,3784,13.519837,2
fixed_t2,3785,10.837434,2
fixed_t2,3786,7.589592,2
fixed_t2,3787,9.785402,2
fixed_t2,3788,7.155765,2
fixed_t2,3789,10.635453,2
fixed_t2,3790,17.854196,2
fixed_t2,3791,10.325682,2
fixed_t2,3792,10.150504,2
fixed_t2,3793,6.301575,2
fixed_t2,3794,8.655779,2
fixed_t2,3795,9.426408,2
fixed_t2,3796,19.900986,2
fixed_t2,3797,12.972958,2
fixed_t2,3798,10.868345,2
fixed_t2,3799,20.093395,2
fixed_t2,3800,15.672490,2
fixed_t2,3801,7.632195,2
fixed_t2,3802,21.173853,2
fixed_t2,3803,10.371200,2
fixed_t2,3804,8.216304,2
fixed_t2,3805,13.834807,2
fixed_t2,3806,7.081771,2
fixed_t2,3807,10.859723,2
fixed_t2,3808,5.991966,2
fixed_t2,3809,13.205975,2
fixed_t2,3810,11.273703,2
fixed_t2,3811,6.431575,2
fixed_t2,3812,12.111872,2
fixed_t2,3813,12.268073,2
fixed_t2,3814,5.399579,2
fixed_t2,3815,11.315177,2
fixed_t2,3816,8.997980,2
fixed_t2,3817,9.559403,2
fixed_t2,3818,7.984648,2
fixed_t2,3819,8.836345,2
fixed_t2,3820,12.202771,2
fixed_t2,3821,7.846143,2
fixed_t2,3822,4.732697,2
fixed_t2,3823,7.467474,2
fixed_t2,3824,15.517280,2
fixed_t2,3825,6.602306,2
fixed_t2,3826,19.461571,2
fixed_t2,3827,8.323676,2
fixed_t2,3828,6.899187,2
fixed_t2,3829,9.548643,2
fixed_t2,3830,9.602518,2
fixed_t2,3831,15.582360,2
fixed_t2,3832,18.554024,2
fixed_t2,3833,10.182425,2
fixed_t2,3834,14.356634,2
fixed_t2,3835,8.297431,2
fixed_t2,3836,9.752959,2
fixed_t2,3837,5.273109,2
fixed_t2,3838,9.861810,2
fixed_t2,3839,10.269477,2
fixed_t2,3840,9.072775,2
fixed_t2,3841,10.352083,2
fixed_t2,3842,14.237976,2
fixed_t2,3843,10.310348,2
fixed_t2,3844,16.159359,2
fixed_t2,3845,5.955316,2
fixed_t2,3846,23.766000,2
fixed_t2,3847,15.516250,2
fixed_t2,3848,6.542366,2
fixed_t2,3849,11.520719,2
fixed_t2,3850,9.962230,2
fixed_t2,3851,5.996859,2
fixed_t2,3852,14.397034,2
fixed_t2,3853,12.816052,2
fixed_t2,3854,6.456613,2
fixed_t2,3855,10.940841,2
fixed_t2,3856,14.091986,2
fixed_t2,3857,10.261570,2
fixed_t2,3858,6.424727,2
fixed_t2,3859,9.878547,2
fixed_t2,3860,15.773883,2
fixed_t2,3861,7.654228,2
fixed_t2,3862,15.797335,2
fixed_t2,3863,11.378324,2
fixed_t2,3864,11.749399,2
fixed_t2,3865,9.754241,2
fixed_t2,3866,6.077218,2
fixed_t2,3867,10.281883,2
fixed_t2,3868,10.212568,2
fixed_t2,3869,3.666445,2
fixed_t2,3870,15.471646,2
fixed_t2,3871,11.605100,2
fixed_t2,3872,8.202758,2
fixed_t2,3873,12.463310,2
fixed_t2,3874,18.503754,2
fixed_t2,3875,9.181974,2
fixed_t2,3876,28.760019,2
fixed_t2,3877,14.160599,2
fixed_t2,3878,17.145339,2
fixed_t2,3879,12.441883,2
fixed_t2,3880,7.749788,2
fixed_t2,3881,9.014950,2
fixed_t2,3882,13.589715,2
fixed_t2,3883,13.924412,2
fixed_t2,3884,17.867249,2
fixed_t2,3885,8.758172,2
fixed_t2,3886,8.531868,2
fixed_t2,3887,6.746875,2
fixed_t2,3888,12.925227,2
fixed_t2,3889,12.728029,2
fixed_t2,3890,7.579894,2
fixed_t2,3891,11.473910,2
fixed_t2,3892,6.993355,2
fixed_t2,3893,9.673571,2
fixed_t2,3894,11.885265,2
fixed_t2,3895,14.644901,2
fixed_t2,3896,9.044531,2
fixed_t2,3897,9.027301,2
fixed_t2,3898,8.693425,2
fixed_t2,3899,18.520369,2
fixed_t2,3900,13.292749,2
fixed_t2,3901,9.178825,2
fixed_t2,3902,9.060667,2
fixed_t2,3903,7.267843,2
fixed_t2,3904,9.794106,2
fixed_t2,3905,11.289620,2
fixed_t2,3906,7.045529,2
fixed_t2,3907,8.952109,2
fixed_t2,3908,7.012028,2
fixed_t2,3909,6.012538,2
fixed_t2,3910,9.342082,2
fixed_t2,3911,20.345955,2
fixed_t2,3912,9.612696,2
fixed_t2,3913,10.439585,2
fixed_t2,3914,9.587076,2
fixed_t2,3915,8.718386,2
fixed_t2,3916,15.016362,2
fixed_t2,3917,7.048614,2
fixed_t2,3918,11.008947,2
fixed_t2,3919,5.028870,2
fixed_t2,3920,4.426418,2
fixed_t2,3921,12.131821,2
fixed_t2,3922,10.398379,2
fixed_t2,3923,21.345762,2
fixed_t2,3924,9.171151,2
fixed_t2,3925,19.617646,2
fixed_t2,3926,16.499689,2
fixed_t2,3927,19.409727,2
fixed_t2,3928,14.484983,2
fixed_t2,3929,20.187475,2
fixed_t2,3930,22.037256,2
fixed_t2,3931,5.665317,2
fixed_t2,3932,10.431159,2
fixed_t2,3933,6.956047,2
fixed_t2,3934,15.940332,2
fixed_t2,3935,10.306184,2
fixed_t2,3936,9.385810,2
fixed_t2,3937,12.724629,2
fixed_t2,3938,9.256196,2
fixed_t2,3939,12.876488,2
fixed_t2,3940,5.682458,2
fixed_t2,3941,11.686178,2
fixed_t2,3942,6.495569,2
fixed_t2,3943,9.462379,2
fixed_t2,3944,18.514275,2
fixed_t2,3945,11.309590,2
fixed_t2,3946,9.717103,2
fixed_t2,3947,10.907474,2
fixed_t2,3948,14.873138,2
fixed_t2,3949,12.385423,2
fixed_t2,3950,5.755893,2
fixed_t2,3951,7.098516,2
fixed_t2,3952,12.386876,2
fixed_t2,3953,12.358869,2
fixed_t2,3954,10.314709,2
fixed_t2,3955,6.591495,2
fixed_t2,3956,8.708867,2
fixed_t2,3957,17.969543,2
fixed_t2,3958,8.563780,2
fixed_t2,3959,9.937617,2
fixed_t2,3960,11.561512,2
fixed_t2,3961,4.900539,2
fixed_t2,3962,12.511114,2
fixed_t2,3963,12.211029,2
fixed_t2,3964,19.797645,2
fixed_t2,3965,19.200354,2
fixed_t2,3966,6.512561,2
fixed_t2,3967,10.190822,2
fixed_t2,3968,7.157785,2
fixed_t2,3969,9.141135,2
fixed_t2,3970,10.403948,2
fixed_t2,3971,18.523319,2
fixed_t2,3972,7.226660,2
fixed_t2,3973,10.635901,2
fixed_t2,3974,14.709041,2
fixed_t2,3975,9.048907,2
fixed_t2,3976,12.543502,2
fixed_t2,3977,17.975506,2
fixed_t2,3978,13.918697,2
fixed_t2,3979,10.043897,2
fixed_t2,3980,6.752454,2
fixed_t2,3981,17.877660,2
fixed_t2,3982,5.393524,2
fixed_t2,3983,14.514068,2
fixed_t2,3984,15.077103,2
fixed_t2,3985,11.439983,2
fixed_t2,3986,13.580868,2
fixed_t2,3987,7.484285,2
fixed_t2,3988,8.101786,2
fixed_t2,3989,6.921680,2
fixed_t2,3990,8.334296,2
fixed_t2,3991,12.857242,2
fixed_t2,3992,15.914515,2
fixed_t2,3993,18.622320,2
fixed_t2,3994,5.400579,2
fixed_t2,3995,22.077020,2
fixed_t2,3996,18.631070,2
fixed_t2,3997,9.511353,2
fixed_t2,3998,13.160366,2
fixed_t2,3999,13.648462,2
fixed_t2,4000,10.042417,2
fixed_t2,4001,15.588234,2
fixed_t2,4002,9.629963,2
fixed_t2,4003,12.323220,2
fixed_t2,4004,12.319964,2
fixed_t2,4005,13.153699,2
fixed_t2,4006,11.202700,2
fixed_t2,4007,5.943071,2
fixed_t2,4008,3.760028,2
fixed_t2,4009,11.695327,2
fixed_t2,4010,5.682568,2
fixed_t2,4011,9.948132,2
fixed_t2,4012,9.294838,2
fixed_t2,4013,10.911591,2
fixed_t2,4014,12.912044,2
fixed_t2,4015,13.808246,2
fixed_t2,4016,9.128318,2
fixed_t2,4017,4.732393,2
fixed_t2,4018,19.018950,2
fixed_t2,4019,12.610168,2
fixed_t2,4020,7.515832,2
fixed_t2,4021,3.960806,2
fixed_t2,4022,9.561413,2
fixed_t2,4023,9.172733,2
fixed_t2,4024,6.666860,2
fixed_t2,4025,8.992055,2
fixed_t2,4026,19.718669,2
fixed_t2,4027,13.044994,2
fixed_t2,4028,18.863076,2
fixed_t2,4029,23.020412,2
fixed_t2,4030,5.896456,2
fixed_t2,4031,19.996920,2
fixed_t2,4032,16.829636,2
fixed_t2,4033,13.710064,2
fixed_t2,4034,3.992158,2
fixed_t2,4035,16.412736,2
fixed_t2,4036,7.595834,2
fixed_t2,4037,21.579069,2
fixed_t2,4038,8.696195,2
fixed_t2,4039,11.802487,2
fixed_t2,4040,27.281351,2
fixed_t2,4041,13.048810,2
fixed_t2,4042,10.396615,2
fixed_t2,4043,15.920690,2
fixed_t2,4044,13.890801,2
fixed_t2,4045,17.873120,2
fixed_t2,4046,10.394421,2
fixed_t2,4047,6.694872,2
fixed_t2,4048,15.775457,2
fixed_t2,4049,21.836709,2
fixed_t2,4050,6.668038,2
fixed_t2,4051,9.461411,2
fixed_t2,4052,8.684030,2
fixed_t2,4053,19.342334,2
fixed_t2,4054,5.288144,2
fixed_t2,4055,6.065661,2
fixed_t2,4056,12.128767,2
fixed_t2,4057,9.128643,2
fixed_t2,4058,13.446000,2
fixed_t2,4059,19.194853,2
fixed_t2,4060,14.057509,2
fixed_t2,4061,8.454502,2
fixed_t2,4062,14.112478,2
fixed_t2,4063,8.296125,2
fixed_t2,4064,9.250605,2
fixed_t2,4065,9.684561,2
fixed_t2,4066,13.070733,2
fixed_t2,4067,13.982978,2
fixed_t2,4068,8.591042,2
fixed_t2,4069,5.645132,2
fixed_t2,4070,11.146269,2
fixed_t2,4071,5.608459,2
fixed_t2,4072,12.603471,2
fixed_t2,4073,4.555186,2
fixed_t2,4074,20.490270,2
fixed_t2,4075,6.198045,2
fixed_t2,4076,6.811702,2
fixed_t2,4077,19.537130,2
fixed_t2,4078,9.520420,2
fixed_t2,4079,9.161984,2
fixed_t2,4080,13.783948,2
fixed_t2,4081,6.828962,2
fixed_t2,4082,9.440585,2
fixed_t2,4083,13.536463,2
fixed_t2,4084,13.722404,2
fixed_t2,4085,13.451786,2
fixed_t2,4086,7.030388,2
fixed_t2,4087,8.085967,2
fixed_t2,4088,7.800595,2
fixed_t2,4089,7.902111,2
fixed_t2,4090,12.694097,2
fixed_t2,4091,11.055041,2
fixed_t2,4092,8.518261,2
fixed_t2,4093,15.234320,2
fixed_t2,4094,13.214079,2
fixed_t2,4095,8.924425,2
fixed_t2,4096,13.630054,2
fixed_t2,4097,10.873571,2
fixed_t2,4098,10.861267,2
fixed_t2,4099,8.032102,2
fixed_t2,4100,9.279907,2
fixed_t2,4101,14.411529,2
fixed_t2,4102,6.715500,2
fixed_t2,4103,7.450512,2
fixed_t2,4104,11.217690,2
fixed_t2,4105,10.926400,2
fixed_t2,4106,17.065982,2
fixed_t2,4107,6.943675,2
fixed_t2,4108,13.037115,2
fixed_t2,4109,15.599784,2
fixed_t2,4110,13.825501,2
fixed_t2,4111,6.392432,2
fixed_t2,4112,13.769069,2
fixed_t2,4113,14.566563,2
fixed_t2,4114,8.882204,2
fixed_t2,4115,14.224296,2
fixed_t2,4116,6.285986,2
fixed_t2,4117,14.210213,2
fixed_t2,4118,18.079048,2
fixed_t2,4119,13.684021,2
fixed_t2,4120,16.366001,2
fixed_t2,4121,7.994547,2
fixed_t2,4122,9.200933,2
fixed_t2,4123,7.008196,2
fixed_t2,4124,6.379626,2
fixed_t2,4125,9.580509,2
fixed_t2,4126,10.732666,2
fixed_t2,4127,10.320985,2
fixed_t2,4128,11.597424,2
fixed_t2,4129,8.249381,2
fixed_t2,4130,14.371308,2
fixed_t2,4131,6.442746,2
fixed_t2,4132,12.820914,2
fixed_t2,4133,8.818597,2
fixed_t2,4134,13.049480,2
fixed_t2,4135,18.412437,2
fixed_t2,4136,20.748738,2
fixed_t2,4137,7.176014,2
fixed_t2,4138,14.496661,2
fixed_t2,4139,13.716739,2
fixed_t2,4140,5.352934,2
fixed_t2,4141,14.671511,2
fixed_t2,4142,6.708308,2
fixed_t2,4143,7.639367,2
fixed_t2,4144,20.973078,2
fixed_t2,4145,9.431966,2
fixed_t2,4146,10.506381,2
fixed_t2,4147,9.338254,2
fixed_t2,4148,4.933692,2
fixed_t2,4149,7.846708,2
fixed_t2,4150,14.040086,2
fixed_t2,4151,22.909803,2
fixed_t2,4152,10.353057,2
fixed_t2,4153,13.980452,2
fixed_t2,4154,9.080588,2
fixed_t2,4155,4.202197,2
fixed_t2,4156,12.436303,2
fixed_t2,4157,7.295749,2
fixed_t2,4158,13.175357,2
fixed_t2,4159,23.300812,2
fixed_t2,4160,7.536421,2
fixed_t2,4161,6.549676,2
fixed_t2,4162,8.667269,2
fixed_t2,4163,6.663564,2
fixed_t2,4164,8.279513,2
fixed_t2,4165,9.355423,2
fixed_t2,4166,12.994533,2
fixed_t2,4167,18.224510,2
fixed_t2,4168,9.084915,2
fixed_t2,4169,10.128632,2
fixed_t2,4170,9.757377,2
fixed_t2,4171,4.284808,2
fixed_t2,4172,17.714176,2
fixed_t2,4173,7.352049,2
fixed_t2,4174,19.647113,2
fixed_t2,4175,15.358491,2
fixed_t2,4176,14.805456,2
fixed_t2,4177,9.567695,2
fixed_t2,4178,13.316175,2
fixed_t2,4179,8.088363,2
fixed_t2,4180,7.513049,2
fixed_t2,4181,17.572591,2
fixed_t2,4182,6.895285,2
fixed_t2,4183,10.399800,2
fixed_t2,4184,8.976134,2
fixed_t2,4185,6.220406,2
fixed_t2,4186,10.135274,2
fixed_t2,4187,4.863978,2
fixed_t2,4188,17.012584,2
fixed_t2,4189,6.541459,2
fixed_t2,4190,16.040590,2
fixed_t2,4191,14.417203,2
fixed_t2,4192,16.348460,2
fixed_t2,4193,10.114198,2
fixed_t2,4194,7.815234,2
fixed_t2,4195,10.451212,2
fixed_t2,4196,8.951381,2
fixed_t2,4197,11.577274,2
fixed_t2,4198,4.915048,2
fixed_t2,4199,12.881631,2
fixed_t2,4200,9.116032,2
fixed_t2,4201,13.847072,2
fixed_t2,4202,6.553607,2
fixed_t2,4203,9.407459,2
fixed_t2,4204,4.666472,2
fixed_t2,4205,14.769055,2
fixed_t2,4206,7.405597,2
fixed_t2,4207,7.605313,2
fixed_t2,4208,12.214829,2
fixed_t2,4209,10.586643,2
fixed_t2,4210,13.338139,2
fixed_t2,4211,8.760456,2
fixed_t2,4212,11.354009,2
fixed_t2,4213,25.583617,2
fixed_t2,4214,14.562034,2
fixed_t2,4215,17.212292,2
fixed_t2,4216,12.391170,2
fixed_t2,4217,5.763904,2
fixed_t2,4218,9.343863,2
fixed_t2,4219,6.306502,2
fixed_t2,4220,15.701104,2
fixed_t2,4221,8.638630,2
fixed_t2,4222,9.776017,2
fixed_t2,4223,11.418529,2
fixed_t2,4224,10.871556,2
fixed_t2,4225,16.288572,2
fixed_t2,4226,12.416869,2
fixed_t2,4227,13.247924,2
fixed_t2,4228,9.665502,2
fixed_t2,4229,19.738885,2
fixed_t2,4230,8.018459,2
fixed_t2,4231,5.898729,2
fixed_t2,4232,8.576370,2
fixed_t2,4233,12.060174,2
fixed_t2,4234,5.353106,2
fixed_t2,4235,6.840095,2
fixed_t2,4236,14.665680,2
fixed_t2,4237,6.655980,2
fixed_t2,4238,8.314160,2
fixed_t2,4239,23.836479,2
fixed_t2,4240,12.061634,2
fixed_t2,4241,7.803191,2
fixed_t2,4242,7.452966,2
fixed_t2,4243,6.055289,2
fixed_t2,4244,7.522801,2
fixed_t2,4245,13.507619,2
fixed_t2,4246,22.226667,2
fixed_t2,4247,5.104277,2
fixed_t2,4248,8.289062,2
fixed_t2,4249,7.730655,2
fixed_t2,4250,11.191256,2
fixed_t2,4251,8.754991,2
fixed_t2,4252,4.598246,2
fixed_t2,4253,11.462088,2
fixed_t2,4254,11.097457,2
fixed_t2,4255,9.388016,2
fixed_t2,4256,15.075353,2
fixed_t2,4257,11.050619,2
fixed_t2,4258,9.708882,2
fixed_t2,4259,28.127404,2
fixed_t2,4260,7.902411,2
fixed_t2,4261,20.364831,2
fixed_t2,4262,11.829561,2
fixed_t2,4263,4.393536,2
fixed_t2,4264,8.259711,2
fixed_t2,4265,7.850674,2
fixed_t2,4266,8.159912,2
fixed_t2,4267,8.654569,2
fixed_t2,4268,10.800487,2
fixed_t2,4269,3.779473,2
fixed_t2,4270,8.837274,2
fixed_t2,4271,9.632333,2
fixed_t2,4272,9.091178,2
fixed_t2,4273,6.847201,2
fixed_t2,4274,19.763281,2
fixed_t2,4275,6.326007,2
fixed_t2,4276,11.071325,2
fixed_t2,4277,11.782672,2
fixed_t2,4278,7.795798,2
fixed_t2,4279,8.504826,2
fixed_t2,4280,7.867564,2
fixed_t2,4281,8.239561,2
fixed_t2,4282,11.912713,2
fixed_t2,4283,8.379166,2
fixed_t2,4284,12.384205,2
fixed_t2,4285,5.564584,2
fixed_t2,4286,8.136480,2
fixed_t2,4287,10.552864,2
fixed_t2,4288,13.427179,2
fixed_t2,4289,4.984506,2
fixed_t2,4290,10.109755,2
fixed_t2,4291,11.035957,2
fixed_t2,4292,12.713667,2
fixed_t2,4293,7.554360,2
fixed_t2,4294,12.199232,2
fixed_t2,4295,5.175627,2
fixed_t2,4296,7.830088,2
fixed_t2,4297,8.868978,2
fixed_t2,4298,11.022600,2
fixed_t2,4299,6.789784,2
fixed_t2,4300,17.755509,2
fixed_t2,4301,5.673474,2
fixed_t2,4302,11.609913,2
fixed_t2,4303,14.291835,2
fixed_t2,4304,6.832654,2
fixed_t2,4305,8.020883,2
fixed_t2,4306,9.615081,2
fixed_t2,4307,11.850335,2
fixed_t2,4308,7.570113,2
fixed_t2,4309,8.601432,2
fixed_t2,4310,7.371528,2
fixed_t2,4311,6.736586,2
fixed_t2,4312,6.467564,2
fixed_t2,4313,14.200100,2
fixed_t2,4314,10.431139,2
fixed_t2,4315,9.084757,2
fixed_t2,4316,13.165106,2
fixed_t2,4317,20.474229,2
fixed_t2,4318,9.167306,2
fixed_t2,4319,9.925254,2
fixed_t2,4320,9.986826,2
fixed_t2,4321,25.013488,2
fixed_t2,4322,11.406101,2
fixed_t2,4323,15.276655,2
fixed_t2,4324,11.526292,2
fixed_t2,4325,6.475425,2
fixed_t2,4326,5.482631,2
fixed_t2,4327,7.638957,2
fixed_t2,4328,7.037779,2
fixed_t2,4329,10.885608,2
fixed_t2,4330,17.706251,2
fixed_t2,4331,6.677030,2
fixed_t2,4332,17.994108,2
fixed_t2,4333,13.192184,2
fixed_t2,4334,9.036963,2
fixed_t2,4335,8.827238,2
fixed_t2,4336,7.668726,2
fixed_t2,4337,9.194542,2
fixed_t2,4338,6.116495,2
fixed_t2,4339,10.972422,2
fixed_t2,4340,10.629581,2
fixed_t2,4341,12.790931,2
fixed_t2,4342,17.917325,2
fixed_t2,4343,8.041897,2
fixed_t2,4344,5.096382,2
fixed_t2,4345,8.779021,2
fixed_t2,4346,6.655813,2
fixed_t2,4347,6.209253,2
fixed_t2,4348,4.597022,2
fixed_t2,4349,14.672037,2
fixed_t2,4350,8.688472,2
fixed_t2,4351,11.822389,2
fixed_t2,4352,9.287878,2
fixed_t2,4353,8.338744,2
fixed_t2,4354,5.461204,2
fixed_t2,4355,15.682475,2
fixed_t2,4356,8.627834,2
fixed_t2,4357,9.328104,2
fixed_t2,4358,17.533069,2
fixed_t2,4359,13.029321,2
fixed_t2,4360,8.273085,2
fixed_t2,4361,14.749803,2
fixed_t2,4362,8.007844,2
fixed_t2,4363,7.572362,2
fixed_t2,4364,21.475008,2
fixed_t2,4365,9.509733,2
fixed_t2,4366,11.314936,2
fixed_t2,4367,10.644026,2
fixed_t2,4368,17.456986,2
fixed_t2,4369,16.159715,2
fixed_t2,4370,20.503712,2
fixed_t2,4371,8.650186,2
fixed_t2,4372,8.524086,2
fixed_t2,4373,19.083599,2
fixed_t2,4374,12.377510,2
fixed_t2,4375,13.479480,2
fixed_t2,4376,5.982498,2
fixed_t2,4377,7.394262,2
fixed_t2,4378,4.965047,2
fixed_t2,4379,11.037722,2
fixed_t2,4380,6.759691,2
fixed_t2,4381,12.194658,2
fixed_t2,4382,14.035651,2
fixed_t2,4383,11.336272,2
fixed_t2,4384,12.910501,2
fixed_t2,4385,6.014532,2
fixed_t2,4386,7.772550,2
fixed_t2,4387,10.497374,2
fixed_t2,4388,13.472702,2
fixed_t2,4389,7.636198,2
fixed_t2,4390,7.124371,2
fixed_t2,4391,5.234218,2
fixed_t2,4392,26.882438,2
fixed_t2,4393,7.070723,2
fixed_t2,4394,14.682064,2
fixed_t2,4395,6.926693,2
fixed_t2,4396,9.839517,2
fixed_t2,4397,9.756153,2
fixed_t2,4398,10.603624,2
fixed_t2,4399,11.536548,2
fixed_t2,4400,8.793720,2
fixed_t2,4401,10.000664,2
fixed_t2,4402,8.026537,2
fixed_t2,4403,18.827567,2
fixed_t2,4404,11.363943,2
fixed_t2,4405,10.852921,2
fixed_t2,4406,17.981924,2
fixed_t2,4407,8.810432,2
fixed_t2,4408,8.229946,2
fixed_t2,4409,12.719810,2
fixed_t2,4410,15.041485,2
fixed_t2,4411,11.437291,2
fixed_t2,4412,15.487006,2
fixed_t2,4413,14.347056,2
fixed_t2,4414,18.959575,2
fixed_t2,4415,6.564750,2
fixed_t2,4416,10.356137,2
fixed_t2,4417,10.625685,2
fixed_t2,4418,13.532719,2
fixed_t2,4419,20.825819,2
fixed_t2,4420,28.946697,2
fixed_t2,4421,11.623358,2
fixed_t2,4422,7.704518,2
fixed_t2,4423,13.263282,2
fixed_t2,4424,5.621150,2
fixed_t2,4425,7.130849,2
fixed_t2,4426,20.875682,2
fixed_t2,4427,8.397147,2
fixed_t2,4428,12.218484,2
fixed_t2,4429,10.448127,2
fixed_t2,4430,9.372360,2
fixed_t2,4431,9.682751,2
fixed_t2,4432,3.878042,2
fixed_t2,4433,10.225174,2
fixed_t2,4434,18.708381,2
fixed_t2,4435,13.434786,2
fixed_t2,4436,9.584845,2
fixed_t2,4437,7.326550,2
fixed_t2,4438,4.810642,2
fixed_t2,4439,7.895913,2
fixed_t2,4440,8.955292,2
fixed_t2,4441,6.266564,2
fixed_t2,4442,12.370265,2
fixed_t2,4443,25.506377,2
fixed_t2,4444,14.931763,2
fixed_t2,4445,10.237988,2
fixed_t2,4446,7.507975,2
fixed_t2,4447,7.052209,2
fixed_t2,4448,14.296611,2
fixed_t2,4449,7.712852,2
fixed_t2,4450,17.055200,2
fixed_t2,4451,9.043357,2
fixed_t2,4452,9.179687,2
fixed_t2,4453,6.241131,2
fixed_t2,4454,7.075834,2
fixed_t2,4455,21.510801,2
fixed_t2,4456,27.343607,2
fixed_t2,4457,8.167712,2
fixed_t2,4458,9.786614,2
fixed_t2,4459,11.088293,2
fixed_t2,4460,6.890073,2
fixed_t2,4461,11.232966,2
fixed_t2,4462,3.627197,2
fixed_t2,4463,11.093352,2
fixed_t2,4464,15.519113,2
fixed_t2,4465,11.352623,2
fixed_t2,4466,12.219450,2
fixed_t2,4467,11.510753,2
fixed_t2,4468,10.905669,2
fixed_t2,4469,5.704917,2
fixed_t2,4470,16.075047,2
fixed_t2,4471,8.016820,2
fixed_t2,4472,10.720230,2
fixed_t2,4473,10.992642,2
fixed_t2,4474,19.668569,2
fixed_t2,4475,13.171397,2
fixed_t2,4476,6.301053,2
fixed_t2,4477,12.666397,2
fixed_t2,4478,7.055932,2
fixed_t2,4479,8.374356,2
fixed_t2,4480,6.201616,2
fixed_t2,4481,12.765178,2
fixed_t2,4482,8.972297,2
fixed_t2,4483,7.574106,2
fixed_t2,4484,11.703908,2
fixed_t2,4485,8.693386,2
fixed_t2,4486,5.235747,2
fixed_t2,4487,11.807950,2
fixed_t2,4488,6.765151,2
fixed_t2,4489,10.027336,2
fixed_t2,4490,14.137400,2
fixed_t2,4491,20.950999,2
fixed_t2,4492,11.649211,2
fixed_t2,4493,21.392168,2
fixed_t2,4494,14.763197,2
fixed_t2,4495,13.361027,2
fixed_t2,4496,12.725263,2
fixed_t2,4497,14.139282,2
fixed_t2,4498,5.249453,2
fixed_t2,4499,11.709241,2
fixed_t2,4500,11.195274,2
fixed_t2,4501,12.920096,2
fixed_t2,4502,7.567487,2
fixed_t2,4503,12.324938,2
fixed_t2,4504,7.127673,2
fixed_t2,4505,14.019955,2
fixed_t2,4506,9.448050,2
fixed_t2,4507,10.093838,2
fixed_t2,4508,4.572299,2
fixed_t2,4509,13.567148,2
fixed_t2,4510,9.053008,2
fixed_t2,4511,10.166644,2
fixed_t2,4512,7.269990,2
fixed_t2,4513,12.677930,2
fixed_t2,4514,14.003825,2
fixed_t2,4515,11.707184,2
fixed_t2,4516,11.608512,2
fixed_t2,4517,15.447730,2
fixed_t2,4518,17.671486,2
fixed_t2,4519,19.638583,2
fixed_t2,4520,8.547458,2
fixed_t2,4521,10.216596,2
fixed_t2,4522,17.019355,2
fixed_t2,4523,16.014683,2
fixed_t2,4524,6.822110,2
fixed_t2,4525,4.991508,2
fixed_t2,4526,11.786468,2
fixed_t2,4527,8.965545,2
fixed_t2,4528,12.421717,2
fixed_t2,4529,11.427974,2
fixed_t2,4530,5.761289,2
fixed_t2,4531,16.198338,2
fixed_t2,4532,9.381197,2
fixed_t2,4533,17.677707,2
fixed_t2,4534,10.249812,2
fixed_t2,4535,9.460036,2
fixed_t2,4536,7.652105,2
fixed_t2,4537,8.545376,2
fixed_t2,4538,4.513675,2
fixed_t2,4539,15.366977,2
fixed_t2,4540,8.845089,2
fixed_t2,4541,6.721818,2
fixed_t2,4542,8.727317,2
fixed_t2,4543,21.061094,2
fixed_t2,4544,8.073197,2
fixed_t2,4545,6.044241,2
fixed_t2,4546,13.150233,2
fixed_t2,4547,16.955143,2
fixed_t2,4548,7.194989,2
fixed_t2,4549,12.884766,2
fixed_t2,4550,8.097605,2
fixed_t2,4551,11.910555,2
fixed_t2,4552,5.467822,2
fixed_t2,4553,14.006161,2
fixed_t2,4554,15.573666,2
fixed_t2,4555,8.329644,2
fixed_t2,4556,9.812016,2
fixed_t2,4557,5.318388,2
fixed_t2,4558,21.235897,2
fixed_t2,4559,6.089331,2
fixed_t2,4560,6.119417,2
fixed_t2,4561,19.933269,2
fixed_t2,4562,6.848777,2
fixed_t2,4563,6.328980,2
fixed_t2,4564,6.024119,2
fixed_t2,4565,6.622109,2
fixed_t2,4566,9.910288,2
fixed_t2,4567,7.982597,2
fixed_t2,4568,6.019404,2
fixed_t2,4569,6.196572,2
fixed_t2,4570,22.245344,2
fixed_t2,4571,22.157777,2
fixed_t2,4572,19.904379,2
fixed_t2,4573,13.663321,2
fixed_t2,4574,13.716025,2
fixed_t2,4575,16.704638,2
fixed_t2,4576,12.292992,2
fixed_t2,4577,17.879431,2
fixed_t2,4578,12.864156,2
fixed_t2,4579,13.515676,2
fixed_t2,4580,13.927600,2
fixed_t2,4581,7.221573,2
fixed_t2,4582,9.606349,2
fixed_t2,4583,10.829652,2
fixed_t2,4584,8.742426,2
fixed_t2,4585,11.251134,2
fixed_t2,4586,18.920260,2
fixed_t2,4587,7.850533,2
fixed_t2,4588,10.737362,2
fixed_t2,4589,4.962178,2
fixed_t2,4590,6.315722,2
fixed_t2,4591,9.852657,2
fixed_t2,4592,10.677078,2
fixed_t2,4593,10.458296,2
fixed_t2,4594,8.689070,2
fixed_t2,4595,18.227014,2
fixed_t2,4596,11.891492,2
fixed_t2,4597,11.106681,2
fixed_t2,4598,12.902374,2
fixed_t2,4599,10.420477,2
fixed_t2,4600,7.607798,2
fixed_t2,4601,10.626598,2
fixed_t2,4602,6.723815,2
fixed_t2,4603,9.119167,2
fixed_t2,4604,8.646274,2
fixed_t2,4605,9.207350,2
fixed_t2,4606,8.239281,2
fixed_t2,4607,15.422060,2
fixed_t2,4608,14.155211,2
fixed_t2,4609,9.486344,2
fixed_t2,4610,5.232415,2
fixed_t2,4611,23.628371,2
fixed_t2,4612,4.695095,2
fixed_t2,4613,18.197561,2
fixed_t2,4614,13.844044,2
fixed_t2,4615,9.574827,2
fixed_t2,4616,13.239732,2
fixed_t2,4617,11.982708,2
fixed_t2,4618,19.403088,2
fixed_t2,4619,6.571964,2
fixed_t2,4620,12.824366,2
fixed_t2,4621,9.576031,2
fixed_t2,4622,10.085986,2
fixed_t2,4623,17.281204,2
fixed_t2,4624,10.795597,2
fixed_t2,4625,8.434442,2
fixed_t2,4626,11.644414,2
fixed_t2,4627,20.705683,2
fixed_t2,4628,9.561655,2
fixed_t2,4629,11.069178,2
fixed_t2,4630,9.555343,2
fixed_t2,4631,16.764339,2
fixed_t2,4632,12.463548,2
fixed_t2,4633,9.398850,2
fixed_t2,4634,12.173311,2
fixed_t2,4635,9.586060,2
fixed_t2,4636,19.385100,2
fixed_t2,4637,9.416834,2
fixed_t2,4638,13.007362,2
fixed_t2,4639,12.792136,2
fixed_t2,4640,7.130053,2
fixed_t2,4641,4.823045,2
fixed_t2,4642,8.891758,2
fixed_t2,4643,5.962915,2
fixed_t2,4644,9.253344,2
fixed_t2,4645,8.698586,2
fixed_t2,4646,21.598935,2
fixed_t2,4647,10.736305,2
fixed_t2,4648,12.762973,2
fixed_t2,4649,7.658655,2
fixed_t2,4650,8.430232,2
fixed_t2,4651,11.303745,2
fixed_t2,4652,8.378538,2
fixed_t2,4653,8.563101,2
fixed_t2,4654,6.282977,2
fixed_t2,4655,22.381527,2
fixed_t2,4656,18.330586,2
fixed_t2,4657,15.371971,2
fixed_t2,4658,14.000483,2
fixed_t2,4659,7.520297,2
fixed_t2,4660,6.648410,2
fixed_t2,4661,12.465332,2
fixed_t2,4662,15.942677,2
fixed_t2,4663,9.579598,2
fixed_t2,4664,4.952508,2
fixed_t2,4665,11.109507,2
fixed_t2,4666,6.132187,2
fixed_t2,4667,12.341958,2
fixed_t2,4668,11.594509,2
fixed_t2,4669,6.614678,2
fixed_t2,4670,13.872064,2
fixed_t2,4671,6.239214,2
fixed_t2,4672,13.453704,2
fixed_t2,4673,9.960618,2
fixed_t2,4674,9.185160,2
fixed_t2,4675,13.462353,2
fixed_t2,4676,22.942572,2
fixed_t2,4677,9.943671,2
fixed_t2,4678,8.262652,2
fixed_t2,4679,7.868195,2
fixed_t2,4680,7.777696,2
fixed_t2,4681,10.664683,2
fixed_t2,4682,24.580178,2
fixed_t2,4683,2.948684,2
fixed_t2,4684,6.446807,2
fixed_t2,4685,10.668314,2
fixed_t2,4686,9.791507,2
fixed_t2,4687,8.168498,2
fixed_t2,4688,17.556636,2
fixed_t2,4689,30.856967,2
fixed_t2,4690,12.817251,2
fixed_t2,4691,9.922510,2
fixed_t2,4692,13.493534,2
fixed_t2,4693,13.790844,2
fixed_t2,4694,6.187530,2
fixed_t2,4695,13.419379,2
fixed_t2,4696,12.873363,2
fixed_t2,4697,10.887806,2
fixed_t2,4698,27.094950,2
fixed_t2,4699,7.290027,2
fixed_t2,4700,6.930882,2
fixed_t2,4701,11.911335,2
fixed_t2,4702,14.373288,2
fixed_t2,4703,9.342482,2
fixed_t2,4704,10.960148,2
fixed_t2,4705,15.135838,2
fixed_t2,4706,10.785501,2
fixed_t2,4707,10.428264,2
fixed_t2,4708,9.220642,2
fixed_t2,4709,14.217535,2
fixed_t2,4710,10.824800,2
fixed_t2,4711,13.464012,2
fixed_t2,4712,19.880060,2
fixed_t2,4713,10.293169,2
fixed_t2,4714,11.206367,2
fixed_t2,4715,10.988854,2
fixed_t2,4716,10.053734,2
fixed_t2,4717,16.158994,2
fixed_t2,4718,7.142485,2
fixed_t2,4719,9.580725,2
fixed_t2,4720,5.809097,2
fixed_t2,4721,17.150593,2
fixed_t2,4722,5.256886,2
fixed_t2,4723,6.852723,2
fixed_t2,4724,9.486480,2
fixed_t2,4725,12.048753,2
fixed_t2,4726,4.069392,2
fixed_t2,4727,8.687903,2
fixed_t2,4728,7.329514,2
fixed_t2,4729,15.751181,2
fixed_t2,4730,10.603112,2
fixed_t2,4731,11.839191,2
fixed_t2,4732,10.226647,2
fixed_t2,4733,27.008303,2
fixed_t2,4734,5.951903,2
fixed_t2,4735,13.070125,2
fixed_t2,4736,8.847388,2
fixed_t2,4737,7.061753,2
fixed_t2,4738,18.150843,2
fixed_t2,4739,11.888539,2
fixed_t2,4740,8.290840,2
fixed_t2,4741,12.840272,2
fixed_t2,4742,11.789895,2
fixed_t2,4743,7.498672,2
fixed_t2,4744,10.715127,2
fixed_t2,4745,9.002996,2
fixed_t2,4746,15.428817,2
fixed_t2,4747,5.879397,2
fixed_t2,4748,11.506971,2
fixed_t2,4749,17.545207,2
fixed_t2,4750,10.650391,2
fixed_t2,4751,6.365701,2
fixed_t2,4752,6.090383,2
fixed_t2,4753,12.421989,2
fixed_t2,4754,5.625460,2
fixed_t2,4755,11.273534,2
fixed_t2,4756,17.639133,2
fixed_t2,4757,9.340374,2
fixed_t2,4758,6.554434,2
fixed_t2,4759,12.423990,2
fixed_t2,4760,12.033661,2
fixed_t2,4761,8.922753,2
fixed_t2,4762,4.237519,2
fixed_t2,4763,4.734482,2
fixed_t2,4764,11.810960,2
fixed_t2,4765,10.256842,2
fixed_t2,4766,15.206007,2
fixed_t2,4767,7.573794,2
fixed_t2,4768,16.205402,2
fixed_t2,4769,21.851983,2
fixed_t2,4770,15.884350,2
fixed_t2,4771,11.744038,2
fixed_t2,4772,15.044713,2
fixed_t2,4773,13.065829,2
fixed_t2,4774,4.575728,2
fixed_t2,4775,17.611564,2
fixed_t2,4776,13.101157,2
fixed_t2,4777,3.846849,2
fixed_t2,4778,12.173728,2
fixed_t2,4779,10.600849,2
fixed_t2,4780,18.499668,2
fixed_t2,4781,7.168771,2
fixed_t2,4782,7.870314,2
fixed_t2,4783,10.944135,2
fixed_t2,4784,11.822777,2
fixed_t2,4785,7.414658,2
fixed_t2,4786,6.749963,2
fixed_t2,4787,7.366384,2
fixed_t2,4788,7.377979,2
fixed_t2,4789,6.180442,2
fixed_t2,4790,9.213020,2
fixed_t2,4791,9.456936,2
fixed_t2,4792,19.528608,2
fixed_t2,4793,17.442034,2
fixed_t2,4794,9.376196,2
fixed_t2,4795,5.753510,2
fixed_t2,4796,7.757818,2
fixed_t2,4797,9.808469,2
fixed_t2,4798,4.408126,2
fixed_t2,4799,20.146472,2
fixed_t2,4800,13.200720,2
fixed_t2,4801,9.217546,2
fixed_t2,4802,10.328525,2
fixed_t2,4803,7.570993,2
fixed_t2,4804,9.886912,2
fixed_t2,4805,10.823648,2
fixed_t2,4806,13.592578,2
fixed_t2,4807,6.308118,2
fixed_t2,4808,5.331034,2
fixed_t2,4809,5.840985,2
fixed_t2,4810,15.352618,2
fixed_t2,4811,17.502524,2
fixed_t2,4812,13.053428,2
fixed_t2,4813,8.992643,2
fixed_t2,4814,11.019796,2
fixed_t2,4815,9.426931,2
fixed_t2,4816,7.062668,2
fixed_t2,4817,8.614324,2
fixed_t2,4818,9.352002,2
fixed_t2,4819,14.164016,2
fixed_t2,4820,13.363683,2
fixed_t2,4821,8.979521,2
fixed_t2,4822,16.264115,2
fixed_t2,4823,9.197139,2
fixed_t2,4824,8.667337,2
fixed_t2,4825,8.495419,2
fixed_t2,4826,7.663664,2
fixed_t2,4827,11.514314,2
fixed_t2,4828,6.814790,2
fixed_t2,4829,14.010404,2
fixed_t2,4830,6.323666,2
fixed_t2,4831,6.715323,2
fixed_t2,4832,15.643276,2
fixed_t2,4833,6.810963,2
fixed_t2,4834,12.774642,2
fixed_t2,4835,7.231901,2
fixed_t2,4836,10.773934,2
fixed_t2,4837,7.673435,2
fixed_t2,4838,5.470247,2
fixed_t2,4839,9.748319,2
fixed_t2,4840,11.534695,2
fixed_t2,4841,7.736957,2
fixed_t2,4842,5.459963,2
fixed_t2,4843,9.121050,2
fixed_t2,4844,10.924472,2
fixed_t2,4845,11.084899,2
fixed_t2,4846,16.042312,2
fixed_t2,4847,6.392158,2
fixed_t2,4848,13.456306,2
fixed_t2,4849,14.210437,2
fixed_t2,4850,13.048308,2
fixed_t2,4851,15.117069,2
fixed_t2,4852,4.649512,2
fixed_t2,4853,14.622772,2
fixed_t2,4854,9.007291,2
fixed_t2,4855,10.603959,2
fixed_t2,4856,21.647861,2
fixed_t2,4857,14.087965,2
fixed_t2,4858,6.316275,2
fixed_t2,4859,7.157348,2
fixed_t2,4860,11.515833,2
fixed_t2,4861,12.741231,2
fixed_t2,4862,8.370587,2
fixed_t2,4863,18.273036,2
fixed_t2,4864,6.897151,2
fixed_t2,4865,8.819395,2
fixed_t2,4866,13.354177,2
fixed_t2,4867,23.036141,2
fixed_t2,4868,13.298588,2
fixed_t2,4869,8.781274,2
fixed_t2,4870,11.006686,2
fixed_t2,4871,12.908708,2
fixed_t2,4872,7.360819,2
fixed_t2,4873,6.418161,2
fixed_t2,4874,7.281386,2
fixed_t2,4875,19.233481,2
fixed_t2,4876,7.689158,2
fixed_t2,4877,8.571274,2
fixed_t2,4878,6.771968,2
fixed_t2,4879,9.419011,2
fixed_t2,4880,7.867137,2
fixed_t2,4881,9.730998,2
fixed_t2,4882,8.320246,2
fixed_t2,4883,9.762628,2
fixed_t2,4884,7.893998,2
fixed_t2,4885,15.685084,2
fixed_t2,4886,5.640738,2
fixed_t2,4887,14.517955,2
fixed_t2,4888,6.510925,2
fixed_t2,4889,10.909664,2
fixed_t2,4890,8.179315,2
fixed_t2,4891,18.512294,2
fixed_t2,4892,12.586504,2
fixed_t2,4893,16.585677,2
fixed_t2,4894,16.382487,2
fixed_t2,4895,5.001162,2
fixed_t2,4896,15.028396,2
fixed_t2,4897,18.971212,2
fixed_t2,4898,9.194926,2
fixed_t2,4899,9.314516,2
fixed_t2,4900,8.970602,2
fixed_t2,4901,6.844145,2
fixed_t2,4902,19.895226,2
fixed_t2,4903,21.124151,2
fixed_t2,4904,11.231172,2
fixed_t2,4905,15.154513,2
fixed_t2,4906,14.118676,2
fixed_t2,4907,21.414722,2
fixed_t2,4908,5.701461,2
fixed_t2,4909,8.151871,2
fixed_t2,4910,11.940311,2
fixed_t2,4911,14.514711,2
fixed_t2,4912,6.589420,2
fixed_t2,4913,7.284891,2
fixed_t2,4914,10.502601,2
fixed_t2,4915,7.325508,2
fixed_t2,4916,5.563333,2
fixed_t2,4917,11.097403,2
fixed_t2,4918,10.743736,2
fixed_t2,4919,5.218011,2
fixed_t2,4920,7.032134,2
fixed_t2,4921,9.535009,2
fixed_t2,4922,9.465139,2
fixed_t2,4923,10.098406,2
fixed_t2,4924,8.287221,2
fixed_t2,4925,9.007373,2
fixed_t2,4926,7.385298,2
fixed_t2,4927,8.447058,2
fixed_t2,4928,14.388461,2
fixed_t2,4929,7.510248,2
fixed_t2,4930,11.316191,2
fixed_t2,4931,8.290131,2
fixed_t2,4932,6.120203,2
fixed_t2,4933,7.473318,2
fixed_t2,4934,7.099681,2
fixed_t2,4935,12.430564,2
fixed_t2,4936,5.832253,2
fixed_t2,4937,7.979678,2
fixed_t2,4938,12.032061,2
fixed_t2,4939,11.034125,2
fixed_t2,4940,5.688713,2
fixed_t2,4941,18.922180,2
fixed_t2,4942,12.911469,2
fixed_t2,4943,9.117648,2
fixed_t2,4944,5.175281,2
fixed_t2,4945,17.349985,2
fixed_t2,4946,14.878553,2
fixed_t2,4947,8.310507,2
fixed_t2,4948,8.463359,2
fixed_t2,4949,16.822122,2
fixed_t2,4950,9.004087,2
fixed_t2,4951,7.971993,2
fixed_t2,4952,4.806959,2
fixed_t2,4953,7.559837,2
fixed_t2,4954,11.036712,2
fixed_t2,4955,9.631555,2
fixed_t2,4956,13.328849,2
fixed_t2,4957,9.533973,2
fixed_t2,4958,8.984524,2
fixed_t2,4959,8.140551,2
fixed_t2,4960,8.600009,2
fixed_t2,4961,5.502232,2
fixed_t2,4962,6.594168,2
fixed_t2,4963,16.168937,2
fixed_t2,4964,8.549782,2
fixed_t2,4965,6.200990,2
fixed_t2,4966,4.676091,2
fixed_t2,4967,11.995073,2
fixed_t2,4968,8.691489,2
fixed_t2,4969,9.409401,2
fixed_t2,4970,12.151970,2
fixed_t2,4971,8.979576,2
fixed_t2,4972,10.021589,2
fixed_t2,4973,8.338317,2
fixed_t2,4974,12.380929,2
fixed_t2,4975,10.306279,2
fixed_t2,4976,12.085193,2
fixed_t2,4977,12.388099,2
fixed_t2,4978,8.375157,2
fixed_t2,4979,16.640163,2
fixed_t2,4980,15.206052,2
fixed_t2,4981,7.951330,2
fixed_t2,4982,6.844986,2
fixed_t2,4983,6.607723,2
fixed_t2,4984,6.501065,2
fixed_t2,4985,15.349227,2
fixed_t2,4986,6.105325,2
fixed_t2,4987,7.231298,2
fixed_t2,4988,8.980089,2
fixed_t2,4989,6.033570,2
fixed_t2,4990,8.494262,2
fixed_t2,4991,14.120312,2
fixed_t2,4992,5.303869,2
fixed_t2,4993,10.342124,2
fixed_t2,4994,9.571139,2
fixed_t2,4995,11.360751,2
fixed_t2,4996,11.271280,2
fixed_t2,4997,24.455109,2
fixed_t2,4998,10.765071,2
fixed_t2,4999,9.884177,2
fixed_t2,5000,8.196416,2
fixed_t2,5001,11.558763,2
fixed_t2,5002,16.653094,2
fixed_t2,5003,7.037005,2
fixed_t2,5004,9.904044,2
fixed_t2,5005,12.405139,2
fixed_t2,5006,10.834906,2
fixed_t2,5007,10.125861,2
fixed_t2,5008,9.087186,2
fixed_t2,5009,19.593567,2
fixed_t2,5010,9.762170,2
fixed_t2,5011,8.930852,2
fixed_t2,5012,14.410375,2
fixed_t2,5013,12.120606,2
fixed_t2,5014,7.637282,2
fixed_t2,5015,14.043325,2
fixed_t2,5016,14.615825,2
fixed_t2,5017,3.946973,2
fixed_t2,5018,10.271592,2
fixed_t2,5019,5.115674,2
fixed_t2,5020,9.396926,2
fixed_t2,5021,18.458227,2
fixed_t2,5022,16.036897,2
fixed_t2,5023,9.200289,2
fixed_t2,5024,5.739129,2
fixed_t2,5025,8.854034,2
fixed_t2,5026,13.968379,2
fixed_t2,5027,6.893220,2
fixed_t2,5028,26.191722,2
fixed_t2,5029,6.405982,2
fixed_t2,5030,10.646984,2
fixed_t2,5031,13.695707,2
fixed_t2,5032,14.011091,2
fixed_t2,5033,8.011604,2
fixed_t2,5034,11.442990,2
fixed_t2,5035,5.403002,2
fixed_t2,5036,9.068959,2
fixed_t2,5037,6.783185,2
fixed_t2,5038,12.785480,2
fixed_t2,5039,22.363306,2
fixed_t2,5040,11.286083,2
fixed_t2,5041,5.631999,2
fixed_t2,5042,7.055776,2
fixed_t2,5043,11.917254,2
fixed_t2,5044,5.686113,2
fixed_t2,5045,13.437170,2
fixed_t2,5046,11.285998,2
fixed_t2,5047,4.053451,2
fixed_t2,5048,5.446419,2
fixed_t2,5049,6.205455,2
fixed_t2,5050,10.006075,2
fixed_t2,5051,7.369339,2
fixed_t2,5052,13.357787,2
fixed_t2,5053,10.673059,2
fixed_t2,5054,17.385455,2
fixed_t2,5055,13.897542,2
fixed_t2,5056,4.263228,2
fixed_t2,5057,20.766489,2
fixed_t2,5058,9.705529,2
fixed_t2,5059,7.301598,2
fixed_t2,5060,8.616573,2
fixed_t2,5061,9.044666,2
fixed_t2,5062,10.785841,2
fixed_t2,5063,7.342985,2
fixed_t2,5064,18.229272,2
fixed_t2,5065,8.193623,2
fixed_t2,5066,7.100083,2
fixed_t2,5067,12.654245,2
fixed_t2,5068,7.775004,2
fixed_t2,5069,7.563824,2
fixed_t2,5070,13.004531,2
fixed_t2,5071,14.724732,2
fixed_t2,5072,17.109258,2
fixed_t2,5073,6.135438,2
fixed_t2,5074,3.454518,2
fixed_t2,5075,9.996430,2
fixed_t2,5076,8.913181,2
fixed_t2,5077,9.871661,2
fixed_t2,5078,9.098533,2
fixed_t2,5079,9.325238,2
fixed_t2,5080,10.994175,2
fixed_t2,5081,5.587111,2
fixed_t2,5082,15.828150,2
fixed_t2,5083,4.289825,2
fixed_t2,5084,7.049172,2
fixed_t2,5085,9.089009,2
fixed_t2,5086,11.438029,2
fixed_t2,5087,8.244593,2
fixed_t2,5088,14.779381,2
fixed_t2,5089,6.638842,2
fixed_t2,5090,4.005326,2
fixed_t2,5091,15.113724,2
fixed_t2,5092,8.099174,2
fixed_t2,5093,8.141039,2
fixed_t2,5094,9.246758,2
fixed_t2,5095,10.385577,2
fixed_t2,5096,7.186599,2
fixed_t2,5097,22.739227,2
fixed_t2,5098,24.392000,2
fixed_t2,5099,12.033678,2
fixed_t2,5100,9.617532,2
fixed_t2,5101,9.292872,2
fixed_t2,5102,10.274973,2
fixed_t2,5103,12.767922,2
fixed_t2,5104,19.002782,2
fixed_t2,5105,19.304800,2
fixed_t2,5106,5.890932,2
fixed_t2,5107,9.883287,2
fixed_t2,5108,9.961828,2
fixed_t2,5109,4.858036,2
fixed_t2,5110,8.360716,2
fixed_t2,5111,19.676553,2
fixed_t2,5112,17.847990,2
fixed_t2,5113,11.211910,2
fixed_t2,5114,11.349831,2
fixed_t2,5115,5.893118,2
fixed_t2,5116,8.594822,2
fixed_t2,5117,15.724770,2
fixed_t2,5118,4.134191,2
fixed_t2,5119,7.715570,2
fixed_t2,5120,9.159502,2
fixed_t2,5121,7.617967,2
fixed_t2,5122,8.525229,2
fixed_t2,5123,7.232973,2
fixed_t2,5124,7.227284,2
fixed_t2,5125,15.342083,2
fixed_t2,5126,10.637751,2
fixed_t2,5127,6.347682,2
fixed_t2,5128,11.627279,2
fixed_t2,5129,7.451305,2
fixed_t2,5130,6.249215,2
fixed_t2,5131,21.087170,2
fixed_t2,5132,7.370851,2
fixed_t2,5133,7.227858,2
fixed_t2,5134,16.042908,2
fixed_t2,5135,7.143226,2
fixed_t2,5136,8.299129,2
fixed_t2,5137,14.296812,2
fixed_t2,5138,10.934568,2
fixed_t2,5139,5.594421,2
fixed_t2,5140,11.686093,2
fixed_t2,5141,8.003054,2
fixed_t2,5142,10.082914,2
fixed_t2,5143,16.491453,2
fixed_t2,5144,17.545028,2
fixed_t2,5145,9.818904,2
fixed_t2,5146,10.613223,2
fixed_t2,5147,11.187612,2
fixed_t2,5148,11.679083,2
fixed_t2,5149,6.546102,2
fixed_t2,5150,12.008108,2
fixed_t2,5151,8.196692,2
fixed_t2,5152,10.622491,2
fixed_t2,5153,9.531892,2
fixed_t2,5154,5.320781,2
fixed_t2,5155,17.163623,2
fixed_t2,5156,17.208865,2
fixed_t2,5157,9.471625,2
fixed_t2,5158,9.720867,2
fixed_t2,5159,6.583965,2
fixed_t2,5160,5.683317,2
fixed_t2,5161,10.206405,2
fixed_t2,5162,19.924489,2
fixed_t2,5163,16.917099,2
fixed_t2,5164,6.551225,2
fixed_t2,5165,10.932098,2
fixed_t2,5166,8.077991,2
fixed_t2,5167,20.696166,2
fixed_t2,5168,17.106262,2
fixed_t2,5169,19.409311,2
fixed_t2,5170,9.639677,2
fixed_t2,5171,14.104612,2
fixed_t2,5172,7.558368,2
fixed_t2,5173,6.794502,2
fixed_t2,5174,8.659835,2
fixed_t2,5175,11.124226,2
fixed_t2,5176,9.101623,2
fixed_t2,5177,6.654514,2
fixed_t2,5178,8.610638,2
fixed_t2,5179,14.277862,2
fixed_t2,5180,10.074966,2
fixed_t2,5181,5.326767,2
fixed_t2,5182,5.969807,2
fixed_t2,5183,20.715011,2
fixed_t2,5184,14.701239,2
fixed_t2,5185,6.217900,2
fixed_t2,5186,6.774807,2
fixed_t2,5187,13.931901,2
fixed_t2,5188,10.392961,2
fixed_t2,5189,6.910839,2
fixed_t2,5190,4.949697,2
fixed_t2,5191,12.676540,2
fixed_t2,5192,9.355122,2
fixed_t2,5193,7.357208,2
fixed_t2,5194,5.305326,2
fixed_t2,5195,25.889734,2
fixed_t2,5196,4.567388,2
fixed_t2,5197,6.173753,2
fixed_t2,5198,11.151954,2
fixed_t2,5199,5.616838,2
fixed_t2,5200,9.563807,2
fixed_t2,5201,10.205399,2
fixed_t2,5202,7.440310,2
fixed_t2,5203,11.591264,2
fixed_t2,5204,7.099704,2
fixed_t2,5205,8.593182,2
fixed_t2,5206,6.371277,2
fixed_t2,5207,9.013303,2
fixed_t2,5208,10.028121,2
fixed_t2,5209,6.751813,2
fixed_t2,5210,13.231536,2
fixed_t2,5211,21.928832,2
fixed_t2,5212,7.412195,2
fixed_t2,5213,14.945252,2
fixed_t2,5214,5.314586,2
fixed_t2,5215,4.301653,2
fixed_t2,5216,6.640095,2
fixed_t2,5217,20.106425,2
fixed_t2,5218,14.893840,2
fixed_t2,5219,12.464800,2
fixed_t2,5220,6.441816,2
fixed_t2,5221,11.087799,2
fixed_t2,5222,5.149642,2
fixed_t2,5223,6.722958,2
fixed_t2,5224,11.250377,2
fixed_t2,5225,9.720788,2
fixed_t2,5226,12.506456,2
fixed_t2,5227,14.727733,2
fixed_t2,5228,9.842405,2
fixed_t2,5229,15.465262,2
fixed_t2,5230,18.279923,2
fixed_t2,5231,8.778482,2
fixed_t2,5232,8.221849,2
fixed_t2,5233,13.847970,2
fixed_t2,5234,7.541504,2
fixed_t2,5235,10.535875,2
fixed_t2,5236,20.084376,2
fixed_t2,5237,9.142519,2
fixed_t2,5238,5.457836,2
fixed_t2,5239,20.964663,2
fixed_t2,5240,10.904039,2
fixed_t2,5241,7.292687,2
fixed_t2,5242,14.975126,2
fixed_t2,5243,6.409230,2
fixed_t2,5244,14.309597,2
fixed_t2,5245,21.912231,2
fixed_t2,5246,8.041460,2
fixed_t2,5247,10.502208,2
fixed_t2,5248,10.213441,2
fixed_t2,5249,9.813323,2
fixed_t2,5250,15.398627,2
fixed_t2,5251,5.005599,2
fixed_t2,5252,4.835046,2
fixed_t2,5253,15.342664,2
fixed_t2,5254,13.970090,2
fixed_t2,5255,7.607392,2
fixed_t2,5256,16.712028,2
fixed_t2,5257,21.202075,2
fixed_t2,5258,10.384173,2
fixed_t2,5259,7.645107,2
fixed_t2,5260,16.509325,2
fixed_t2,5261,4.601614,2
fixed_t2,5262,9.192788,2
fixed_t2,5263,4.723498,2
fixed_t2,5264,11.874571,2
fixed_t2,5265,19.626341,2
fixed_t2,5266,9.988586,2
fixed_t2,5267,20.942105,2
fixed_t2,5268,7.942959,2
fixed_t2,5269,10.088686,2
fixed_t2,5270,6.888631,2
fixed_t2,5271,8.160754,2
fixed_t2,5272,13.078344,2
fixed_t2,5273,10.010024,2
fixed_t2,5274,15.826941,2
fixed_t2,5275,7.540846,2
fixed_t2,5276,21.264110,2
fixed_t2,5277,16.434903,2
fixed_t2,5278,16.030230,2
fixed_t2,5279,24.094979,2
fixed_t2,5280,10.453724,2
fixed_t2,5281,15.448749,2
fixed_t2,5282,10.903340,2
fixed_t2,5283,6.152514,2
fixed_t2,5284,6.521038,2
fixed_t2,5285,16.551923,2
fixed_t2,5286,20.440685,2
fixed_t2,5287,9.385112,2
fixed_t2,5288,7.514959,2
fixed_t2,5289,9.055984,2
fixed_t2,5290,6.178731,2
fixed_t2,5291,10.035405,2
fixed_t2,5292,8.792702,2
fixed_t2,5293,8.872932,2
fixed_t2,5294,17.680858,2
fixed_t2,5295,11.239315,2
fixed_t2,5296,6.465833,2
fixed_t2,5297,14.125116,2
fixed_t2,5298,7.445409,2
fixed_t2,5299,5.910961,2
fixed_t2,5300,7.293965,2
fixed_t2,5301,7.969125,2
fixed_t2,5302,19.757833,2
fixed_t2,5303,10.634108,2
fixed_t2,5304,6.574219,2
fixed_t2,5305,7.314207,2
fixed_t2,5306,4.187082,2
fixed_t2,5307,4.986340,2
fixed_t2,5308,12.620944,2
fixed_t2,5309,9.920944,2
fixed_t2,5310,7.782506,2
fixed_t2,5311,8.552497,2
fixed_t2,5312,18.477683,2
fixed_t2,5313,3.091248,2
fixed_t2,5314,11.945894,2
fixed_t2,5315,11.256357,2
fixed_t2,5316,15.157744,2
fixed_t2,5317,7.182876,2
fixed_t2,5318,15.133586,2
fixed_t2,5319,6.162606,2
fixed_t2,5320,13.148404,2
fixed_t2,5321,15.623972,2
fixed_t2,5322,6.555555,2
fixed_t2,5323,9.262828,2
fixed_t2,5324,11.150427,2
fixed_t2,5325,17.356999,2
fixed_t2,5326,4.454617,2
fixed_t2,5327,21.078623,2
fixed_t2,5328,7.941363,2
fixed_t2,5329,11.320104,2
fixed_t2,5330,10.988891,2
fixed_t2,5331,8.136926,2
fixed_t2,5332,9.062700,2
fixed_t2,5333,4.565909,2
fixed_t2,5334,6.407514,2
fixed_t2,5335,6.805134,2
fixed_t2,5336,11.274300,2
fixed_t2,5337,16.132467,2
fixed_t2,5338,5.078568,2
fixed_t2,5339,9.157234,2
fixed_t2,5340,17.943382,2
fixed_t2,5341,8.954822,2
fixed_t2,5342,15.944908,2
fixed_t2,5343,10.058504,2
fixed_t2,5344,10.683273,2
fixed_t2,5345,8.766841,2
fixed_t2,5346,6.033790,2
fixed_t2,5347,19.763010,2
fixed_t2,5348,10.918906,2
fixed_t2,5349,8.655216,2
fixed_t2,5350,10.518884,2
fixed_t2,5351,18.601348,2
fixed_t2,5352,6.981589,2
fixed_t2,5353,5.933947,2
fixed_t2,5354,11.250682,2
fixed_t2,5355,6.403893,2
fixed_t2,5356,8.272115,2
fixed_t2,5357,9.280926,2
fixed_t2,5358,5.836416,2
fixed_t2,5359,11.926441,2
fixed_t2,5360,6.594844,2
fixed_t2,5361,10.952162,2
fixed_t2,5362,7.954416,2
fixed_t2,5363,4.664594,2
fixed_t2,5364,9.095200,2
fixed_t2,5365,9.133262,2
fixed_t2,5366,5.765134,2
fixed_t2,5367,9.329322,2
fixed_t2,5368,4.124474,2
fixed_t2,5369,6.930322,2
fixed_t2,5370,12.651284,2
fixed_t2,5371,13.765230,2
fixed_t2,5372,9.513472,2
fixed_t2,5373,9.445925,2
fixed_t2,5374,17.889596,2
fixed_t2,5375,14.383929,2
fixed_t2,5376,5.903615,2
fixed_t2,5377,9.949370,2
fixed_t2,5378,14.202042,2
fixed_t2,5379,10.709015,2
fixed_t2,5380,15.563152,2
fixed_t2,5381,9.321747,2
fixed_t2,5382,12.352073,2
fixed_t2,5383,10.421192,2
fixed_t2,5384,8.370419,2
fixed_t2,5385,9.783046,2
fixed_t2,5386,13.901864,2
fixed_t2,5387,5.923847,2
fixed_t2,5388,20.797277,2
fixed_t2,5389,16.105996,2
fixed_t2,5390,4.007913,2
fixed_t2,5391,22.920049,2
fixed_t2,5392,15.634202,2
fixed_t2,5393,5.184980,2
fixed_t2,5394,14.566023,2
fixed_t2,5395,10.190661,2
fixed_t2,5396,10.809504,2
fixed_t2,5397,13.212809,2
fixed_t2,5398,6.416450,2
fixed_t2,5399,5.028970,2
fixed_t2,5400,13.350865,2
fixed_t2,5401,8.255663,2
fixed_t2,5402,17.308739,2
fixed_t2,5403,7.173084,2
fixed_t2,5404,9.813773,2
fixed_t2,5405,13.857159,2
fixed_t2,5406,9.955182,2
fixed_t2,5407,4.362370,2
fixed_t2,5408,8.581859,2
fixed_t2,5409,16.825594,2
fixed_t2,5410,7.536455,2
fixed_t2,5411,20.933289,2
fixed_t2,5412,6.818954,2
fixed_t2,5413,20.618235,2
fixed_t2,5414,7.505585,2
fixed_t2,5415,5.255525,2
fixed_t2,5416,13.974758,2
fixed_t2,5417,11.732034,2
fixed_t2,5418,14.306884,2
fixed_t2,5419,15.222876,2
fixed_t2,5420,13.395960,2
fixed_t2,5421,16.251381,2
fixed_t2,5422,8.526909,2
fixed_t2,5423,21.462793,2
fixed_t2,5424,8.938783,2
fixed_t2,5425,7.332471,2
fixed_t2,5426,11.401770,2
fixed_t2,5427,14.304203,2
fixed_t2,5428,8.634290,2
fixed_t2,5429,12.232052,2
fixed_t2,5430,7.600994,2
fixed_t2,5431,5.551577,2
fixed_t2,5432,11.258486,2
fixed_t2,5433,15.961216,2
fixed_t2,5434,7.201326,2
fixed_t2,5435,10.834489,2
fixed_t2,5436,12.594885,2
fixed_t2,5437,6.810046,2
fixed_t2,5438,11.946232,2
fixed_t2,5439,7.613446,2
fixed_t2,5440,9.166517,2
fixed_t2,5441,5.473466,2
fixed_t2,5442,11.073448,2
fixed_t2,5443,4.188665,2
fixed_t2,5444,8.346923,2
fixed_t2,5445,12.498055,2
fixed_t2,5446,12.474143,2
fixed_t2,5447,11.515822,2
fixed_t2,5448,4.862355,2
fixed_t2,5449,13.685709,2
fixed_t2,5450,9.564204,2
fixed_t2,5451,11.225377,2
fixed_t2,5452,18.536180,2
fixed_t2,5453,13.282033,2
fixed_t2,5454,5.509970,2
fixed_t2,5455,8.109037,2
fixed_t2,5456,26.878574,2
fixed_t2,5457,15.165859,2
fixed_t2,5458,13.727646,2
fixed_t2,5459,21.389045,2
fixed_t2,5460,7.160887,2
fixed_t2,5461,9.522864,2
fixed_t2,5462,6.391422,2
fixed_t2,5463,10.836749,2
fixed_t2,5464,15.083250,2
fixed_t2,5465,11.807330,2
fixed_t2,5466,12.085056,2
fixed_t2,5467,22.567869,2
fixed_t2,5468,6.844486,2
fixed_t2,5469,7.762503,2
fixed_t2,5470,18.856721,2
fixed_t2,5471,9.566904,2
fixed_t2,5472,9.947747,2
fixed_t2,5473,9.887386,2
fixed_t2,5474,19.297765,2
fixed_t2,5475,8.539056,2
fixed_t2,5476,7.852904,2
fixed_t2,5477,9.646697,2
fixed_t2,5478,8.997968,2
fixed_t2,5479,11.332816,2
fixed_t2,5480,17.370636,2
fixed_t2,5481,7.189021,2
fixed_t2,5482,10.586636,2
fixed_t2,5483,10.023364,2
fixed_t2,5484,21.665019,2
fixed_t2,5485,14.611825,2
fixed_t2,5486,7.945833,2
fixed_t2,5487,12.885223,2
fixed_t2,5488,10.845444,2
fixed_t2,5489,6.733812,2
fixed_t2,5490,7.090351,2
fixed_t2,5491,8.401345,2
fixed_t2,5492,10.063257,2
fixed_t2,5493,11.367612,2
fixed_t2,5494,5.229531,2
fixed_t2,5495,13.126706,2
fixed_t2,5496,10.374571,2
fixed_t2,5497,11.361093,2
fixed_t2,5498,15.903057,2
fixed_t2,5499,7.382225,2
fixed_t2,5500,8.260156,2
fixed_t2,5501,4.653000,2
fixed_t2,5502,13.294880,2
fixed_t2,5503,12.776618,2
fixed_t2,5504,7.502385,2
fixed_t2,5505,12.343558,2
fixed_t2,5506,14.328239,2
fixed_t2,5507,10.338433,2
fixed_t2,5508,16.628054,2
fixed_t2,5509,21.743888,2
fixed_t2,5510,4.891455,2
fixed_t2,5511,17.396872,2
fixed_t2,5512,9.667730,2
fixed_t2,5513,11.017519,2
fixed_t2,5514,24.656695,2
fixed_t2,5515,6.569054,2
fixed_t2,5516,17.037393,2
fixed_t2,5517,2.669953,2
fixed_t2,5518,8.397155,2
fixed_t2,5519,12.791403,2
fixed_t2,5520,4.947079,2
fixed_t2,5521,7.679939,2
fixed_t2,5522,14.634214,2
fixed_t2,5523,27.591802,2
fixed_t2,5524,4.962132,2
fixed_t2,5525,10.806153,2
fixed_t2,5526,20.547903,2
fixed_t2,5527,4.073766,2
fixed_t2,5528,9.451996,2
fixed_t2,5529,9.477975,2
fixed_t2,5530,12.139243,2
fixed_t2,5531,18.526504,2
fixed_t2,5532,6.120366,2
fixed_t2,5533,3.554829,2
fixed_t2,5534,9.977313,2
fixed_t2,5535,21.914201,2
fixed_t2,5536,5.780456,2
fixed_t2,5537,7.415216,2
fixed_t2,5538,12.617932,2
fixed_t2,5539,17.847867,2
fixed_t2,5540,12.709147,2
fixed_t2,5541,12.316693,2
fixed_t2,5542,6.786020,2
fixed_t2,5543,9.402420,2
fixed_t2,5544,4.883207,2
fixed_t2,5545,12.399524,2
fixed_t2,5546,6.248757,2
fixed_t2,5547,10.226735,2
fixed_t2,5548,12.047058,2
fixed_t2,5549,11.191589,2
fixed_t2,5550,18.175596,2
fixed_t2,5551,9.411171,2
fixed_t2,5552,9.449928,2
fixed_t2,5553,12.888891,2
fixed_t2,5554,25.906420,2
fixed_t2,5555,11.196445,2
fixed_t2,5556,9.947856,2
fixed_t2,5557,8.492829,2
fixed_t2,5558,6.175538,2
fixed_t2,5559,10.967002,2
fixed_t2,5560,24.617117,2
fixed_t2,5561,7.715975,2
fixed_t2,5562,6.191976,2
fixed_t2,5563,11.982098,2
fixed_t2,5564,13.985413,2
fixed_t2,5565,9.666466,2
fixed_t2,5566,6.472229,2
fixed_t2,5567,7.960592,2
fixed_t2,5568,15.531288,2
fixed_t2,5569,13.226291,2
fixed_t2,5570,8.283157,2
fixed_t2,5571,9.068267,2
fixed_t2,5572,17.546470,2
fixed_t2,5573,6.360227,2
fixed_t2,5574,11.408085,2
fixed_t2,5575,14.817480,2
fixed_t2,5576,8.348646,2
fixed_t2,5577,10.171263,2
fixed_t2,5578,18.701573,2
fixed_t2,5579,6.536493,2
fixed_t2,5580,5.308953,2
fixed_t2,5581,11.362976,2
fixed_t2,5582,18.038023,2
fixed_t2,5583,15.785605,2
fixed_t2,5584,16.762232,2
fixed_t2,5585,12.911668,2
fixed_t2,5586,15.714918,2
fixed_t2,5587,10.891824,2
fixed_t2,5588,4.588913,2
fixed_t2,5589,12.653422,2
fixed_t2,5590,8.873013,2
fixed_t2,5591,7.744087,2
fixed_t2,5592,11.045686,2
fixed_t2,5593,13.594562,2
fixed_t2,5594,13.640346,2
fixed_t2,5595,10.946007,2
fixed_t2,5596,24.275393,2
fixed_t2,5597,5.999019,2
fixed_t2,5598,12.104955,2
fixed_t2,5599,4.007930,2
fixed_t2,5600,12.463761,2
fixed_t2,5601,12.107831,2
fixed_t2,5602,9.928743,2
fixed_t2,5603,4.581064,2
fixed_t2,5604,16.104114,2
fixed_t2,5605,6.521012,2
fixed_t2,5606,23.104881,2
fixed_t2,5607,10.314893,2
fixed_t2,5608,11.120835,2
fixed_t2,5609,11.917873,2
fixed_t2,5610,16.980802,2
fixed_t2,5611,13.530176,2
fixed_t2,5612,6.852092,2
fixed_t2,5613,15.777091,2
fixed_t2,5614,14.037625,2
fixed_t2,5615,12.387433,2
fixed_t2,5616,13.343861,2
fixed_t2,5617,5.756245,2
fixed_t2,5618,23.121995,2
fixed_t2,5619,11.135832,2
fixed_t2,5620,8.357541,2
fixed_t2,5621,15.774786,2
fixed_t2,5622,11.584167,2
fixed_t2,5623,5.345209,2
fixed_t2,5624,11.837435,2
fixed_t2,5625,6.984685,2
fixed_t2,5626,8.708916,2
fixed_t2,5627,7.451496,2
fixed_t2,5628,5.731078,2
fixed_t2,5629,15.294660,2
fixed_t2,5630,11.365634,2
fixed_t2,5631,6.832203,2
fixed_t2,5632,5.820046,2
fixed_t2,5633,13.742725,2
fixed_t2,5634,5.822079,2
fixed_t2,5635,8.938427,2
fixed_t2,5636,17.987504,2
fixed_t2,5637,10.352482,2
fixed_t2,5638,2.527900,2
fixed_t2,5639,9.261117,2
fixed_t2,5640,17.071360,2
fixed_t2,5641,7.181973,2
fixed_t2,5642,9.756396,2
fixed_t2,5643,10.174460,2
fixed_t2,5644,13.849411,2
fixed_t2,5645,4.585835,2
fixed_t2,5646,5.837558,2
fixed_t2,5647,12.325343,2
fixed_t2,5648,18.587503,2
fixed_t2,5649,7.600073,2
fixed_t2,5650,14.716676,2
fixed_t2,5651,7.327240,2
fixed_t2,5652,11.242562,2
fixed_t2,5653,17.712140,2
fixed_t2,5654,24.541594,2
fixed_t2,5655,11.584756,2
fixed_t2,5656,7.522711,2
fixed_t2,5657,10.539189,2
fixed_t2,5658,13.309989,2
fixed_t2,5659,7.783682,2
fixed_t2,5660,7.401686,2
fixed_t2,5661,6.443757,2
fixed_t2,5662,13.001862,2
fixed_t2,5663,8.043078,2
fixed_t2,5664,15.284648,2
fixed_t2,5665,19.109123,2
fixed_t2,5666,8.603520,2
fixed_t2,5667,5.309974,2
fixed_t2,5668,8.624795,2
fixed_t2,5669,11.934322,2
fixed_t2,5670,8.442453,2
fixed_t2,5671,11.336681,2
fixed_t2,5672,9.389302,2
fixed_t2,5673,17.710233,2
fixed_t2,5674,11.385050,2
fixed_t2,5675,10.622823,2
fixed_t2,5676,10.132939,2
fixed_t2,5677,25.447542,2
fixed_t2,5678,12.925108,2
fixed_t2,5679,9.009278,2
fixed_t2,5680,9.299505,2
fixed_t2,5681,8.738042,2
fixed_t2,5682,6.294389,2
fixed_t2,5683,9.141331,2
fixed_t2,5684,15.828819,2
fixed_t2,5685,22.676318,2
fixed_t2,5686,18.646123,2
fixed_t2,5687,13.883286,2
fixed_t2,5688,5.533605,2
fixed_t2,5689,11.762793,2
fixed_t2,5690,8.493958,2
fixed_t2,5691,5.375669,2
fixed_t2,5692,15.205775,2
fixed_t2,5693,13.456633,2
fixed_t2,5694,5.579006,2
fixed_t2,5695,10.328593,2
fixed_t2,5696,11.015425,2
fixed_t2,5697,8.482141,2
fixed_t2,5698,11.192691,2
fixed_t2,5699,17.233079,2
fixed_t2,5700,3.597103,2
fixed_t2,5701,4.440456,2
fixed_t2,5702,13.363271,2
fixed_t2,5703,14.893382,2
fixed_t2,5704,6.888864,2
fixed_t2,5705,6.499549,2
fixed_t2,5706,15.053309,2
fixed_t2,5707,15.843913,2
fixed_t2,5708,5.422040,2
fixed_t2,5709,3.636687,2
fixed_t2,5710,8.082339,2
fixed_t2,5711,18.329029,2
fixed_t2,5712,9.292427,2
fixed_t2,5713,10.042265,2
fixed_t2,5714,12.312792,2
fixed_t2,5715,14.283343,2
fixed_t2,5716,19.026110,2
fixed_t2,5717,9.588293,2
fixed_t2,5718,11.393078,2
fixed_t2,5719,12.673682,2
fixed_t2,5720,12.025085,2
fixed_t2,5721,13.913528,2
fixed_t2,5722,15.989751,2
fixed_t2,5723,5.226514,2
fixed_t2,5724,17.828358,2
fixed_t2,5725,7.588715,2
fixed_t2,5726,5.068083,2
fixed_t2,5727,6.930700,2
fixed_t2,5728,10.249043,2
fixed_t2,5729,10.656155,2
fixed_t2,5730,14.190812,2
fixed_t2,5731,8.313555,2
fixed_t2,5732,6.313101,2
fixed_t2,5733,8.801245,2
fixed_t2,5734,11.015232,2
fixed_t2,5735,7.714414,2
fixed_t2,5736,8.607228,2
fixed_t2,5737,9.497882,2
fixed_t2,5738,14.367633,2
fixed_t2,5739,6.626676,2
fixed_t2,5740,8.582592,2
fixed_t2,5741,11.417346,2
fixed_t2,5742,15.730935,2
fixed_t2,5743,8.355307,2
fixed_t2,5744,7.922838,2
fixed_t2,5745,10.030400,2
fixed_t2,5746,13.373253,2
fixed_t2,5747,13.194556,2
fixed_t2,5748,10.917367,2
fixed_t2,5749,14.224253,2
fixed_t2,5750,10.572345,2
fixed_t2,5751,11.399816,2
fixed_t2,5752,11.584372,2
fixed_t2,5753,12.747733,2
fixed_t2,5754,14.795729,2
fixed_t2,5755,11.825237,2
fixed_t2,5756,16.671516,2
fixed_t2,5757,12.785902,2
fixed_t2,5758,10.013026,2
fixed_t2,5759,15.870702,2
fixed_t2,5760,22.669407,2
fixed_t2,5761,17.913969,2
fixed_t2,5762,9.669622,2
fixed_t2,5763,13.627194,2
fixed_t2,5764,10.971762,2
fixed_t2,5765,2.503344,2
fixed_t2,5766,11.175754,2
fixed_t2,5767,12.636714,2
fixed_t2,5768,14.047693,2
fixed_t2,5769,13.744850,2
fixed_t2,5770,6.317761,2
fixed_t2,5771,11.858669,2
fixed_t2,5772,10.532224,2
fixed_t2,5773,18.723751,2
fixed_t2,5774,15.216006,2
fixed_t2,5775,9.990576,2
fixed_t2,5776,9.567934,2
fixed_t2,5777,17.345597,2
fixed_t2,5778,6.649401,2
fixed_t2,5779,19.100064,2
fixed_t2,5780,14.578986,2
fixed_t2,5781,7.908140,2
fixed_t2,5782,15.725447,2
fixed_t2,5783,13.406750,2
fixed_t2,5784,14.178999,2
fixed_t2,5785,7.486207,2
fixed_t2,5786,7.233898,2
fixed_t2,5787,14.364371,2
fixed_t2,5788,10.515339,2
fixed_t2,5789,10.504048,2
fixed_t2,5790,9.083547,2
fixed_t2,5791,7.892464,2
fixed_t2,5792,14.757462,2
fixed_t2,5793,5.467338,2
fixed_t2,5794,6.162000,2
fixed_t2,5795,8.149471,2
fixed_t2,5796,7.373108,2
fixed_t2,5797,15.197068,2
fixed_t2,5798,7.266365,2
fixed_t2,5799,11.388586,2
fixed_t2,5800,8.035055,2
fixed_t2,5801,7.613801,2
fixed_t2,5802,9.823575,2
fixed_t2,5803,9.387068,2
fixed_t2,5804,16.846182,2
fixed_t2,5805,14.460273,2
fixed_t2,5806,4.492684,2
fixed_t2,5807,10.825483,2
fixed_t2,5808,6.631925,2
fixed_t2,5809,18.258698,2
fixed_t2,5810,12.134572,2
fixed_t2,5811,10.856400,2
fixed_t2,5812,15.331245,2
fixed_t2,5813,6.364468,2
fixed_t2,5814,5.854563,2
fixed_t2,5815,17.272521,2
fixed_t2,5816,8.513804,2
fixed_t2,5817,13.854116,2
fixed_t2,5818,8.987228,2
fixed_t2,5819,12.561341,2
fixed_t2,5820,10.697904,2
fixed_t2,5821,17.428994,2
fixed_t2,5822,7.046171,2
fixed_t2,5823,6.068021,2
fixed_t2,5824,9.451962,2
fixed_t2,5825,9.409062,2
fixed_t2,5826,7.171696,2
fixed_t2,5827,7.101273,2
fixed_t2,5828,7.794537,2
fixed_t2,5829,15.485221,2
fixed_t2,5830,5.636581,2
fixed_t2,5831,6.625648,2
fixed_t2,5832,9.247240,2
fixed_t2,5833,7.168315,2
fixed_t2,5834,23.199522,2
fixed_t2,5835,9.988987,2
fixed_t2,5836,11.098792,2
fixed_t2,5837,8.784842,2
fixed_t2,5838,6.190342,2
fixed_t2,5839,11.480052,2
fixed_t2,5840,12.468511,2
fixed_t2,5841,17.827438,2
fixed_t2,5842,9.005728,2
fixed_t2,5843,14.989805,2
fixed_t2,5844,11.543034,2
fixed_t2,5845,6.733573,2
fixed_t2,5846,22.757202,2
fixed_t2,5847,11.374674,2
fixed_t2,5848,12.282561,2
fixed_t2,5849,11.152030,2
fixed_t2,5850,10.209543,2
fixed_t2,5851,7.581156,2
fixed_t2,5852,26.720078,2
fixed_t2,5853,11.252229,2
fixed_t2,5854,5.768211,2
fixed_t2,5855,18.250131,2
fixed_t2,5856,8.168752,2
fixed_t2,5857,6.597723,2
fixed_t2,5858,17.532472,2
fixed_t2,5859,5.330890,2
fixed_t2,5860,16.027940,2
fixed_t2,5861,5.400725,2
fixed_t2,5862,7.837326,2
fixed_t2,5863,8.782254,2
fixed_t2,5864,12.773650,2
fixed_t2,5865,14.274691,2
fixed_t2,5866,12.204104,2
fixed_t2,5867,11.073158,2
fixed_t2,5868,15.959978,2
fixed_t2,5869,9.632700,2
fixed_t2,5870,7.713780,2
fixed_t2,5871,12.785538,2
fixed_t2,5872,10.394997,2
fixed_t2,5873,5.597333,2
fixed_t2,5874,14.001423,2
fixed_t2,5875,14.103383,2
fixed_t2,5876,12.493274,2
fixed_t2,5877,9.451418,2
fixed_t2,5878,11.520783,2
fixed_t2,5879,8.963998,2
fixed_t2,5880,6.916987,2
fixed_t2,5881,5.332334,2
fixed_t2,5882,21.787968,2
fixed_t2,5883,21.206034,2
fixed_t2,5884,9.589839,2
fixed_t2,5885,9.372213,2
fixed_t2,5886,16.774737,2
fixed_t2,5887,13.324838,2
fixed_t2,5888,12.253581,2
fixed_t2,5889,5.041700,2
fixed_t2,5890,10.862796,2
fixed_t2,5891,14.219424,2
fixed_t2,5892,5.136902,2
fixed_t2,5893,20.708388,2
fixed_t2,5894,7.298467,2
fixed_t2,5895,9.657214,2
fixed_t2,5896,6.593761,2
fixed_t2,5897,13.750293,2
fixed_t2,5898,15.604125,2
fixed_t2,5899,13.471886,2
fixed_t2,5900,11.796136,2
fixed_t2,5901,6.197368,2
fixed_t2,5902,8.102624,2
fixed_t2,5903,11.415299,2
fixed_t2,5904,16.294204,2
fixed_t2,5905,11.053093,2
fixed_t2,5906,15.107639,2
fixed_t2,5907,17.483302,2
fixed_t2,5908,10.274579,2
fixed_t2,5909,4.885552,2
fixed_t2,5910,4.667139,2
fixed_t2,5911,8.406111,2
fixed_t2,5912,8.995166,2
fixed_t2,5913,10.284380,2
fixed_t2,5914,17.589633,2
fixed_t2,5915,19.487016,2
fixed_t2,5916,20.009428,2
fixed_t2,5917,5.752559,2
fixed_t2,5918,10.575737,2
fixed_t2,5919,9.185189,2
fixed_t2,5920,7.102228,2
fixed_t2,5921,15.350742,2
fixed_t2,5922,11.013085,2
fixed_t2,5923,9.063120,2
fixed_t2,5924,9.541001,2
fixed_t2,5925,7.454851,2
fixed_t2,5926,8.834591,2
fixed_t2,5927,10.059510,2
fixed_t2,5928,7.485844,2
fixed_t2,5929,5.772569,2
fixed_t2,5930,12.162835,2
fixed_t2,5931,9.950506,2
fixed_t2,5932,13.249049,2
fixed_t2,5933,10.030257,2
fixed_t2,5934,7.745711,2
fixed_t2,5935,7.096215,2
fixed_t2,5936,12.636691,2
fixed_t2,5937,9.469796,2
fixed_t2,5938,18.445061,2
fixed_t2,5939,12.227905,2
fixed_t2,5940,11.148251,2
fixed_t2,5941,10.412425,2
fixed_t2,5942,17.371642,2
fixed_t2,5943,5.869934,2
fixed_t2,5944,10.513821,2
fixed_t2,5945,6.253381,2
fixed_t2,5946,10.984410,2
fixed_t2,5947,7.058916,2
fixed_t2,5948,8.659541,2
fixed_t2,5949,9.954170,2
fixed_t2,5950,11.123435,2
fixed_t2,5951,9.726862,2
fixed_t2,5952,11.844737,2
fixed_t2,5953,9.100849,2
fixed_t2,5954,7.679628,2
fixed_t2,5955,7.092596,2
fixed_t2,5956,11.600768,2
fixed_t2,5957,9.477851,2
fixed_t2,5958,9.877850,2
fixed_t2,5959,15.072822,2
fixed_t2,5960,11.931879,2
fixed_t2,5961,6.564454,2
fixed_t2,5962,10.161609,2
fixed_t2,5963,12.678014,2
fixed_t2,5964,12.401557,2
fixed_t2,5965,7.682525,2
fixed_t2,5966,5.612827,2
fixed_t2,5967,15.726592,2
fixed_t2,5968,23.127217,2
fixed_t2,5969,12.054116,2
fixed_t2,5970,5.624480,2
fixed_t2,5971,12.637271,2
fixed_t2,5972,11.429066,2
fixed_t2,5973,12.840905,2
fixed_t2,5974,15.241732,2
fixed_t2,5975,7.583300,2
fixed_t2,5976,9.919974,2
fixed_t2,5977,22.133595,2
fixed_t2,5978,11.246002,2
fixed_t2,5979,18.237810,2
fixed_t2,5980,4.765993,2
fixed_t2,5981,9.774975,2
fixed_t2,5982,8.784096,2
fixed_t2,5983,14.857389,2
fixed_t2,5984,21.863540,2
fixed_t2,5985,9.938876,2
fixed_t2,5986,10.459464,2
fixed_t2,5987,18.042923,2
fixed_t2,5988,10.900550,2
fixed_t2,5989,9.947098,2
fixed_t2,5990,9.615061,2
fixed_t2,5991,22.721944,2
fixed_t2,5992,10.854945,2
fixed_t2,5993,10.721592,2
fixed_t2,5994,10.201681,2
fixed_t2,5995,12.902872,2
fixed_t2,5996,12.464260,2
fixed_t2,5997,9.207404,2
fixed_t2,5998,7.822698,2
fixed_t2,5999,10.683493,2
fixed_t2,6000,13.072079,2
fixed_t2,6001,17.326417,2
fixed_t2,6002,6.760543,2
fixed_t2,6003,14.752685,2
fixed_t2,6004,9.595361,2
fixed_t2,6005,16.350653,2
fixed_t2,6006,10.901615,2
fixed_t2,6007,8.221633,2
fixed_t2,6008,11.780102,2
fixed_t2,6009,14.795340,2
fixed_t2,6010,16.196434,2
fixed_t2,6011,10.606735,2
fixed_t2,6012,16.830642,2
fixed_t2,6013,6.907442,2
fixed_t2,6014,10.116780,2
fixed_t2,6015,7.666407,2
fixed_t2,6016,11.857971,2
fixed_t2,6017,12.977107,2
fixed_t2,6018,12.052550,2
fixed_t2,6019,6.547922,2
fixed_t2,6020,12.920225,2
fixed_t2,6021,5.693990,2
fixed_t2,6022,11.086247,2
fixed_t2,6023,5.618648,2
fixed_t2,6024,13.726154,2
fixed_t2,6025,19.689544,2
fixed_t2,6026,19.849109,2
fixed_t2,6027,21.951741,2
fixed_t2,6028,9.167557,2
fixed_t2,6029,16.616514,2
fixed_t2,6030,9.505928,2
fixed_t2,6031,10.038193,2
fixed_t2,6032,11.448004,2
fixed_t2,6033,18.456669,2
fixed_t2,6034,9.657510,2
fixed_t2,6035,7.031127,2
fixed_t2,6036,17.439098,2
fixed_t2,6037,6.284798,2
fixed_t2,6038,10.248994,2
fixed_t2,6039,6.597967,2
fixed_t2,6040,9.720266,2
fixed_t2,6041,5.978454,2
fixed_t2,6042,11.391724,2
fixed_t2,6043,7.664741,2
fixed_t2,6044,14.065557,2
fixed_t2,6045,12.602418,2
fixed_t2,6046,12.481577,2
fixed_t2,6047,12.438252,2
fixed_t2,6048,10.671356,2
fixed_t2,6049,12.526977,2
fixed_t2,6050,5.316176,2
fixed_t2,6051,20.752880,2
fixed_t2,6052,13.768861,2
fixed_t2,6053,12.410146,2
fixed_t2,6054,16.506269,2
fixed_t2,6055,10.501021,2
fixed_t2,6056,14.869927,2
fixed_t2,6057,11.390848,2
fixed_t2,6058,12.490973,2
fixed_t2,6059,20.159781,2
fixed_t2,6060,23.822169,2
fixed_t2,6061,14.969034,2
fixed_t2,6062,13.402551,2
fixed_t2,6063,14.340585,2
fixed_t2,6064,5.776360,2
fixed_t2,6065,8.835875,2
fixed_t2,6066,15.979417,2
fixed_t2,6067,6.296744,2
fixed_t2,6068,7.090618,2
fixed_t2,6069,9.522595,2
fixed_t2,6070,6.678219,2
fixed_t2,6071,8.752480,2
fixed_t2,6072,14.677802,2
fixed_t2,6073,11.654475,2
fixed_t2,6074,10.204705,2
fixed_t2,6075,7.149759,2
fixed_t2,6076,8.720496,2
fixed_t2,6077,9.825412,2
fixed_t2,6078,7.079869,2
fixed_t2,6079,11.062457,2
fixed_t2,6080,22.224898,2
fixed_t2,6081,7.318070,2
fixed_t2,6082,8.652871,2
fixed_t2,6083,9.603713,2
fixed_t2,6084,5.747797,2
fixed_t2,6085,8.701405,2
fixed_t2,6086,10.487794,2
fixed_t2,6087,19.325609,2
fixed_t2,6088,12.511015,2
fixed_t2,6089,11.823312,2
fixed_t2,6090,14.529712,2
fixed_t2,6091,23.330798,2
fixed_t2,6092,11.292057,2
fixed_t2,6093,21.064339,2
fixed_t2,6094,7.021556,2
fixed_t2,6095,20.076623,2
fixed_t2,6096,14.893118,2
fixed_t2,6097,8.022954,2
fixed_t2,6098,10.600204,2
fixed_t2,6099,10.705127,2
fixed_t2,6100,12.522126,2
fixed_t2,6101,15.044321,2
fixed_t2,6102,19.514302,2
fixed_t2,6103,9.067395,2
fixed_t2,6104,9.624980,2
fixed_t2,6105,5.542958,2
fixed_t2,6106,9.882901,2
fixed_t2,6107,15.069047,2
fixed_t2,6108,7.237065,2
fixed_t2,6109,20.910463,2
fixed_t2,6110,6.530997,2
fixed_t2,6111,7.902848,2
fixed_t2,6112,13.100276,2
fixed_t2,6113,18.849959,2
fixed_t2,6114,15.808323,2
fixed_t2,6115,19.646040,2
fixed_t2,6116,24.151415,2
fixed_t2,6117,6.456392,2
fixed_t2,6118,10.493257,2
fixed_t2,6119,5.223952,2
fixed_t2,6120,8.912934,2
fixed_t2,6121,9.869106,2
fixed_t2,6122,10.211979,2
fixed_t2,6123,13.108624,2
fixed_t2,6124,6.960552,2
fixed_t2,6125,9.375953,2
fixed_t2,6126,12.642739,2
fixed_t2,6127,5.295420,2
fixed_t2,6128,13.092335,2
fixed_t2,6129,8.051930,2
fixed_t2,6130,7.819379,2
fixed_t2,6131,6.167185,2
fixed_t2,6132,14.376103,2
fixed_t2,6133,9.060813,2
fixed_t2,6134,13.568554,2
fixed_t2,6135,11.610391,2
fixed_t2,6136,12.680061,2
fixed_t2,6137,10.519756,2
fixed_t2,6138,13.840923,2
fixed_t2,6139,4.439838,2
fixed_t2,6140,18.171771,2
fixed_t2,6141,6.184707,2
fixed_t2,6142,18.326409,2
fixed_t2,6143,17.379582,2
fixed_t2,6144,11.512643,2
fixed_t2,6145,7.256137,2
fixed_t2,6146,8.481225,2
fixed_t2,6147,8.899386,2
fixed_t2,6148,3.968672,2
fixed_t2,6149,15.676483,2
fixed_t2,6150,6.101342,2
fixed_t2,6151,14.272743,2
fixed_t2,6152,10.612520,2
fixed_t2,6153,8.765087,2
fixed_t2,6154,11.877242,2
fixed_t2,6155,11.598027,2
fixed_t2,6156,12.815004,2
fixed_t2,6157,15.323840,2
fixed_t2,6158,7.104260,2
fixed_t2,6159,6.199348,2
fixed_t2,6160,6.442936,2
fixed_t2,6161,12.463078,2
fixed_t2,6162,11.739566,2
fixed_t2,6163,11.424973,2
fixed_t2,6164,5.741220,2
fixed_t2,6165,7.564055,2
fixed_t2,6166,8.658481,2
fixed_t2,6167,6.938757,2
fixed_t2,6168,7.478368,2
fixed_t2,6169,10.640131,2
fixed_t2,6170,15.199865,2
fixed_t2,6171,6.267854,2
fixed_t2,6172,11.135889,2
fixed_t2,6173,8.772385,2
fixed_t2,6174,13.417386,2
fixed_t2,6175,16.055187,2
fixed_t2,6176,8.633355,2
fixed_t2,6177,13.386777,2
fixed_t2,6178,10.442138,2
fixed_t2,6179,10.451730,2
fixed_t2,6180,10.685772,2
fixed_t2,6181,5.549924,2
fixed_t2,6182,9.510367,2
fixed_t2,6183,14.192079,2
fixed_t2,6184,26.930071,2
fixed_t2,6185,6.051997,2
fixed_t2,6186,8.507327,2
fixed_t2,6187,11.398557,2
fixed_t2,6188,11.634521,2
fixed_t2,6189,6.216647,2
fixed_t2,6190,8.937522,2
fixed_t2,6191,11.070563,2
fixed_t2,6192,19.348793,2
fixed_t2,6193,8.593175,2
fixed_t2,6194,11.134320,2
fixed_t2,6195,10.148620,2
fixed_t2,6196,9.593858,2
fixed_t2,6197,14.760432,2
fixed_t2,6198,14.940985,2
fixed_t2,6199,10.936967,2
fixed_t2,6200,19.624866,2
fixed_t2,6201,11.681499,2
fixed_t2,6202,7.746748,2
fixed_t2,6203,11.366090,2
fixed_t2,6204,12.256915,2
fixed_t2,6205,12.435850,2
fixed_t2,6206,13.354502,2
fixed_t2,6207,15.442424,2
fixed_t2,6208,8.245112,2
fixed_t2,6209,15.837952,2
fixed_t2,6210,11.983045,2
fixed_t2,6211,11.816614,2
fixed_t2,6212,22.269380,2
fixed_t2,6213,8.190189,2
fixed_t2,6214,15.428610,2
fixed_t2,6215,18.609794,2
fixed_t2,6216,8.376071,2
fixed_t2,6217,11.419551,2
fixed_t2,6218,7.988489,2
fixed_t2,6219,18.813819,2
fixed_t2,6220,11.534298,2
fixed_t2,6221,4.715506,2
fixed_t2,6222,13.204831,2
fixed_t2,6223,14.931520,2
fixed_t2,6224,6.409313,2
fixed_t2,6225,6.060335,2
fixed_t2,6226,7.456016,2
fixed_t2,6227,16.373464,2
fixed_t2,6228,7.971111,2
fixed_t2,6229,13.917858,2
fixed_t2,6230,14.739829,2
fixed_t2,6231,16.905510,2
fixed_t2,6232,11.327842,2
fixed_t2,6233,13.522375,2
fixed_t2,6234,9.508575,2
fixed_t2,6235,15.027687,2
fixed_t2,6236,11.821643,2
fixed_t2,6237,4.914846,2
fixed_t2,6238,8.600632,2
fixed_t2,6239,4.816335,2
fixed_t2,6240,8.226025,2
fixed_t2,6241,4.812282,2
fixed_t2,6242,6.448012,2
fixed_t2,6243,21.078371,2
fixed_t2,6244,12.945380,2
fixed_t2,6245,12.741862,2
fixed_t2,6246,5.675668,2
fixed_t2,6247,6.817085,2
fixed_t2,6248,5.043173,2
fixed_t2,6249,12.045813,2
fixed_t2,6250,8.089043,2
fixed_t2,6251,10.421302,2
fixed_t2,6252,11.244292,2
fixed_t2,6253,12.539351,2
fixed_t2,6254,10.255349,2
fixed_t2,6255,15.973722,2
fixed_t2,6256,10.590605,2
fixed_t2,6257,8.172836,2
fixed_t2,6258,17.124362,2
fixed_t2,6259,4.509598,2
fixed_t2,6260,11.203765,2
fixed_t2,6261,12.057032,2
fixed_t2,6262,3.048361,2
fixed_t2,6263,12.241408,2
fixed_t2,6264,14.656361,2
fixed_t2,6265,12.668378,2
fixed_t2,6266,11.505539,2
fixed_t2,6267,7.698600,2
fixed_t2,6268,10.707604,2
fixed_t2,6269,13.893277,2
fixed_t2,6270,11.972707,2
fixed_t2,6271,8.439302,2
fixed_t2,6272,4.915513,2
fixed_t2,6273,6.457461,2
fixed_t2,6274,11.450702,2
fixed_t2,6275,12.459050,2
fixed_t2,6276,5.818284,2
fixed_t2,6277,8.579673,2
fixed_t2,6278,14.573315,2
fixed_t2,6279,13.692472,2
fixed_t2,6280,14.115699,2
fixed_t2,6281,15.789327,2
fixed_t2,6282,19.386319,2
fixed_t2,6283,7.332554,2
fixed_t2,6284,10.573148,2
fixed_t2,6285,18.189724,2
fixed_t2,6286,6.516552,2
fixed_t2,6287,15.361297,2
fixed_t2,6288,15.014655,2
fixed_t2,6289,12.333167,2
fixed_t2,6290,10.157796,2
fixed_t2,6291,9.776917,2
fixed_t2,6292,7.782610,2
fixed_t2,6293,7.408104,2
fixed_t2,6294,7.407842,2
fixed_t2,6295,8.800896,2
fixed_t2,6296,14.465697,2
fixed_t2,6297,8.587231,2
fixed_t2,6298,16.479733,2
fixed_t2,6299,24.995595,2
fixed_t2,6300,16.415232,2
fixed_t2,6301,14.106354,2
fixed_t2,6302,15.954650,2
fixed_t2,6303,9.757310,2
fixed_t2,6304,18.035685,2
fixed_t2,6305,13.007671,2
fixed_t2,6306,13.003963,2
fixed_t2,6307,10.738078,2
fixed_t2,6308,14.482533,2
fixed_t2,6309,11.940128,2
fixed_t2,6310,11.808020,2
fixed_t2,6311,4.922446,2
fixed_t2,6312,10.996151,2
fixed_t2,6313,4.104995,2
fixed_t2,6314,10.379993,2
fixed_t2,6315,6.432682,2
fixed_t2,6316,13.221998,2
fixed_t2,6317,9.474632,2
fixed_t2,6318,8.026839,2
fixed_t2,6319,12.237968,2
fixed_t2,6320,8.114810,2
fixed_t2,6321,10.931608,2
fixed_t2,6322,11.422346,2
fixed_t2,6323,12.325274,2
fixed_t2,6324,10.548401,2
fixed_t2,6325,21.310382,2
fixed_t2,6326,5.820875,2
fixed_t2,6327,7.476548,2
fixed_t2,6328,6.037071,2
fixed_t2,6329,36.437964,2
fixed_t2,6330,13.538056,2
fixed_t2,6331,8.386895,2
fixed_t2,6332,8.467291,2
fixed_t2,6333,20.055700,2
fixed_t2,6334,12.826761,2
fixed_t2,6335,10.688431,2
fixed_t2,6336,10.612606,2
fixed_t2,6337,3.764312,2
fixed_t2,6338,6.858864,2
fixed_t2,6339,17.116597,2
fixed_t2,6340,5.942014,2
fixed_t2,6341,11.752945,2
fixed_t2,6342,10.624835,2
fixed_t2,6343,9.539124,2
fixed_t2,6344,9.846623,2
fixed_t2,6345,4.723738,2
fixed_t2,6346,9.459983,2
fixed_t2,6347,7.191264,2
fixed_t2,6348,22.487027,2
fixed_t2,6349,15.271419,2
fixed_t2,6350,11.859904,2
fixed_t2,6351,12.461753,2
fixed_t2,6352,7.966476,2
fixed_t2,6353,22.957321,2
fixed_t2,6354,11.472984,2
fixed_t2,6355,16.349165,2
fixed_t2,6356,9.289360,2
fixed_t2,6357,7.094812,2
fixed_t2,6358,11.468168,2
fixed_t2,6359,5.259867,2
fixed_t2,6360,9.801188,2
fixed_t2,6361,6.631652,2
fixed_t2,6362,18.498251,2
fixed_t2,6363,6.297193,2
fixed_t2,6364,16.623462,2
fixed_t2,6365,10.760160,2
fixed_t2,6366,22.960815,2
fixed_t2,6367,7.720934,2
fixed_t2,6368,15.745354,2
fixed_t2,6369,7.531834,2
fixed_t2,6370,12.577929,2
fixed_t2,6371,5.962562,2
fixed_t2,6372,3.517232,2
fixed_t2,6373,8.268926,2
fixed_t2,6374,11.237932,2
fixed_t2,6375,11.423050,2
fixed_t2,6376,20.899585,2
fixed_t2,6377,11.318824,2
fixed_t2,6378,7.340026,2
fixed_t2,6379,13.985160,2
fixed_t2,6380,11.294390,2
fixed_t2,6381,10.242819,2
fixed_t2,6382,16.410125,2
fixed_t2,6383,5.367741,2
fixed_t2,6384,17.715816,2
fixed_t2,6385,17.400443,2
fixed_t2,6386,5.523692,2
fixed_t2,6387,3.372183,2
fixed_t2,6388,10.570472,2
fixed_t2,6389,8.777628,2
fixed_t2,6390,20.894963,2
fixed_t2,6391,11.800807,2
fixed_t2,6392,6.643744,2
fixed_t2,6393,7.934104,2
fixed_t2,6394,13.514645,2
fixed_t2,6395,13.627270,2
fixed_t2,6396,4.652198,2
fixed_t2,6397,5.896057,2
fixed_t2,6398,14.473691,2
fixed_t2,6399,10.934727,2
fixed_t2,6400,12.502509,2
fixed_t2,6401,7.383348,2
fixed_t2,6402,5.190312,2
fixed_t2,6403,12.487651,2
fixed_t2,6404,6.656160,2
fixed_t2,6405,15.788734,2
fixed_t2,6406,11.075905,2
fixed_t2,6407,11.248737,2
fixed_t2,6408,4.741247,2
fixed_t2,6409,17.031976,2
fixed_t2,6410,16.061239,2
fixed_t2,6411,9.801058,2
fixed_t2,6412,10.939810,2
fixed_t2,6413,8.549551,2
fixed_t2,6414,25.932448,2
fixed_t2,6415,17.387269,2
fixed_t2,6416,5.732139,2
fixed_t2,6417,8.155741,2
fixed_t2,6418,14.320595,2
fixed_t2,6419,8.357922,2
fixed_t2,6420,13.982025,2
fixed_t2,6421,10.337235,2
fixed_t2,6422,7.438817,2
fixed_t2,6423,12.873645,2
fixed_t2,6424,7.129079,2
fixed_t2,6425,10.370363,2
fixed_t2,6426,7.895481,2
fixed_t2,6427,9.352501,2
fixed_t2,6428,7.017255,2
fixed_t2,6429,13.060938,2
fixed_t2,6430,13.810741,2
fixed_t2,6431,13.319516,2
fixed_t2,6432,8.158741,2
fixed_t2,6433,9.616312,2
fixed_t2,6434,8.026537,2
fixed_t2,6435,3.991450,2
fixed_t2,6436,9.834024,2
fixed_t2,6437,12.884389,2
fixed_t2,6438,6.118993,2
fixed_t2,6439,14.855875,2
fixed_t2,6440,9.881066,2
fixed_t2,6441,8.572799,2
fixed_t2,6442,14.779057,2
fixed_t2,6443,12.799687,2
fixed_t2,6444,4.799487,2
fixed_t2,6445,9.372768,2
fixed_t2,6446,22.850147,2
fixed_t2,6447,11.107228,2
fixed_t2,6448,8.358915,2
fixed_t2,6449,10.365817,2
fixed_t2,6450,14.779674,2
fixed_t2,6451,12.720600,2
fixed_t2,6452,14.605549,2
fixed_t2,6453,8.790460,2
fixed_t2,6454,8.705593,2
fixed_t2,6455,9.890530,2
fixed_t2,6456,2.912490,2
fixed_t2,6457,10.091776,2
fixed_t2,6458,15.357564,2
fixed_t2,6459,19.864101,2
fixed_t2,6460,13.443181,2
fixed_t2,6461,15.594455,2
fixed_t2,6462,13.998124,2
fixed_t2,6463,9.772761,2
fixed_t2,6464,6.853689,2
fixed_t2,6465,5.891733,2
fixed_t2,6466,5.918317,2
fixed_t2,6467,7.841233,2
fixed_t2,6468,12.168478,2
fixed_t2,6469,9.475973,2
fixed_t2,6470,13.632002,2
fixed_t2,6471,16.081545,2
fixed_t2,6472,12.966985,2
fixed_t2,6473,13.301208,2
fixed_t2,6474,17.058738,2
fixed_t2,6475,12.624278,2
fixed_t2,6476,10.154570,2
fixed_t2,6477,7.942791,2
fixed_t2,6478,15.352283,2
fixed_t2,6479,15.063107,2
fixed_t2,6480,11.437277,2
fixed_t2,6481,11.656800,2
fixed_t2,6482,13.417301,2
fixed_t2,6483,10.090169,2
fixed_t2,6484,17.299541,2
fixed_t2,6485,19.458715,2
fixed_t2,6486,10.548335,2
fixed_t2,6487,8.447042,2
fixed_t2,6488,13.871258,2
fixed_t2,6489,8.579268,2
fixed_t2,6490,12.255173,2
fixed_t2,6491,11.181807,2
fixed_t2,6492,9.300829,2
fixed_t2,6493,12.376174,2
fixed_t2,6494,8.950633,2
fixed_t2,6495,15.393125,2
fixed_t2,6496,7.471023,2
fixed_t2,6497,23.676217,2
fixed_t2,6498,9.238237,2
fixed_t2,6499,5.152423,2
fixed_t2,6500,6.039135,2
fixed_t2,6501,5.733547,2
fixed_t2,6502,4.242898,2
fixed_t2,6503,10.951274,2
fixed_t2,6504,11.358616,2
fixed_t2,6505,12.040285,2
fixed_t2,6506,14.713379,2
fixed_t2,6507,12.058051,2
fixed_t2,6508,10.519514,2
fixed_t2,6509,10.319609,2
fixed_t2,6510,11.545425,2
fixed_t2,6511,12.114216,2
fixed_t2,6512,14.572265,2
fixed_t2,6513,4.465355,2
fixed_t2,6514,7.243024,2
fixed_t2,6515,5.538042,2
fixed_t2,6516,11.577891,2
fixed_t2,6517,16.290205,2
fixed_t2,6518,22.249779,2
fixed_t2,6519,7.751237,2
fixed_t2,6520,8.583538,2
fixed_t2,6521,8.670928,2
fixed_t2,6522,15.861018,2
fixed_t2,6523,17.074249,2
fixed_t2,6524,14.317950,2
fixed_t2,6525,14.459579,2
fixed_t2,6526,12.290924,2
fixed_t2,6527,17.015244,2
fixed_t2,6528,20.858570,2
fixed_t2,6529,21.866726,2
fixed_t2,6530,6.057111,2
fixed_t2,6531,15.666754,2
fixed_t2,6532,5.819611,2
fixed_t2,6533,17.985320,2
fixed_t2,6534,11.446463,2
fixed_t2,6535,7.421022,2
fixed_t2,6536,12.551052,2
fixed_t2,6537,8.822421,2
fixed_t2,6538,15.510715,2
fixed_t2,6539,10.154312,2
fixed_t2,6540,11.753855,2
fixed_t2,6541,10.184765,2
fixed_t2,6542,20.535122,2
fixed_t2,6543,7.900564,2
fixed_t2,6544,7.957701,2
fixed_t2,6545,7.004757,2
fixed_t2,6546,9.941716,2
fixed_t2,6547,7.795983,2
fixed_t2,6548,6.668801,2
fixed_t2,6549,17.616646,2
fixed_t2,6550,16.443104,2
fixed_t2,6551,13.785560,2
fixed_t2,6552,4.794905,2
fixed_t2,6553,18.259168,2
fixed_t2,6554,30.202354,2
fixed_t2,6555,12.156668,2
fixed_t2,6556,12.893951,2
fixed_t2,6557,13.865227,2
fixed_t2,6558,10.020804,2
fixed_t2,6559,5.799462,2
fixed_t2,6560,17.786315,2
fixed_t2,6561,5.647577,2
fixed_t2,6562,8.380164,2
fixed_t2,6563,11.361691,2
fixed_t2,6564,8.740375,2
fixed_t2,6565,16.421823,2
fixed_t2,6566,8.818702,2
fixed_t2,6567,7.255591,2
fixed_t2,6568,8.005236,2
fixed_t2,6569,16.215433,2
fixed_t2,6570,11.826279,2
fixed_t2,6571,18.005439,2
fixed_t2,6572,11.936567,2
fixed_t2,6573,7.893867,2
fixed_t2,6574,18.607799,2
fixed_t2,6575,6.126199,2
fixed_t2,6576,14.785927,2
fixed_t2,6577,11.138750,2
fixed_t2,6578,15.251214,2
fixed_t2,6579,6.365980,2
fixed_t2,6580,8.090562,2
fixed_t2,6581,3.314281,2
fixed_t2,6582,21.696673,2
fixed_t2,6583,9.792614,2
fixed_t2,6584,10.552238,2
fixed_t2,6585,13.463194,2
fixed_t2,6586,7.297737,2
fixed_t2,6587,12.024773,2
fixed_t2,6588,14.825730,2
fixed_t2,6589,11.004369,2
fixed_t2,6590,11.028513,2
fixed_t2,6591,12.308042,2
fixed_t2,6592,11.295422,2
fixed_t2,6593,18.977302,2
fixed_t2,6594,11.512561,2
fixed_t2,6595,6.074840,2
fixed_t2,6596,6.032101,2
fixed_t2,6597,9.313771,2
fixed_t2,6598,7.041501,2
fixed_t2,6599,15.127727,2
fixed_t2,6600,10.229802,2
fixed_t2,6601,7.992958,2
fixed_t2,6602,12.944166,2
fixed_t2,6603,30.678655,2
fixed_t2,6604,15.762620,2
fixed_t2,6605,20.109030,2
fixed_t2,6606,11.598583,2
fixed_t2,6607,10.330876,2
fixed_t2,6608,16.058053,2
fixed_t2,6609,9.734505,2
fixed_t2,6610,9.497572,2
fixed_t2,6611,15.045244,2
fixed_t2,6612,12.884430,2
fixed_t2,6613,9.849080,2
fixed_t2,6614,7.932588,2
fixed_t2,6615,5.758480,2
fixed_t2,6616,13.122604,2
fixed_t2,6617,7.104117,2
fixed_t2,6618,10.138831,2
fixed_t2,6619,10.091424,2
fixed_t2,6620,10.033528,2
fixed_t2,6621,16.361659,2
fixed_t2,6622,11.834650,2
fixed_t2,6623,8.278616,2
fixed_t2,6624,5.644278,2
fixed_t2,6625,8.581373,2
fixed_t2,6626,6.121244,2
fixed_t2,6627,8.049054,2
fixed_t2,6628,9.615311,2
fixed_t2,6629,15.373755,2
fixed_t2,6630,16.415769,2
fixed_t2,6631,12.866069,2
fixed_t2,6632,12.529353,2
fixed_t2,6633,15.438814,2
fixed_t2,6634,14.102607,2
fixed_t2,6635,12.059176,2
fixed_t2,6636,12.261868,2
fixed_t2,6637,12.654665,2
fixed_t2,6638,11.902121,2
fixed_t2,6639,18.937457,2
fixed_t2,6640,7.622164,2
fixed_t2,6641,9.621019,2
fixed_t2,6642,15.027804,2
fixed_t2,6643,19.100776,2
fixed_t2,6644,5.054125,2
fixed_t2,6645,10.357044,2
fixed_t2,6646,14.449398,2
fixed_t2,6647,10.731508,2
fixed_t2,6648,19.342569,2
fixed_t2,6649,6.518273,2
fixed_t2,6650,11.998544,2
fixed_t2,6651,14.100391,2
fixed_t2,6652,10.644192,2
fixed_t2,6653,9.796408,2
fixed_t2,6654,9.678227,2
fixed_t2,6655,8.930389,2
fixed_t2,6656,9.241041,2
fixed_t2,6657,7.421925,2
fixed_t2,6658,9.400377,2
fixed_t2,6659,14.823620,2
fixed_t2,6660,7.903815,2
fixed_t2,6661,13.184012,2
fixed_t2,6662,8.768231,2
fixed_t2,6663,10.215114,2
fixed_t2,6664,6.748849,2
fixed_t2,6665,11.825745,2
fixed_t2,6666,13.739424,2
fixed_t2,6667,15.777439,2
fixed_t2,6668,10.565555,2
fixed_t2,6669,6.156601,2
fixed_t2,6670,7.322029,2
fixed_t2,6671,8.478590,2
fixed_t2,6672,6.442714,2
fixed_t2,6673,7.684264,2
fixed_t2,6674,15.569285,2
fixed_t2,6675,9.638201,2
fixed_t2,6676,10.040227,2
fixed_t2,6677,13.307460,2
fixed_t2,6678,9.249705,2
fixed_t2,6679,10.058748,2
fixed_t2,6680,5.493751,2
fixed_t2,6681,6.990802,2
fixed_t2,6682,12.093345,2
fixed_t2,6683,7.315537,2
fixed_t2,6684,5.050475,2
fixed_t2,6685,14.024106,2
fixed_t2,6686,11.344029,2
fixed_t2,6687,8.170928,2
fixed_t2,6688,5.642762,2
fixed_t2,6689,8.535690,2
fixed_t2,6690,9.648691,2
fixed_t2,6691,7.647416,2
fixed_t2,6692,13.838526,2
fixed_t2,6693,6.832266,2
fixed_t2,6694,14.826694,2
fixed_t2,6695,6.239474,2
fixed_t2,6696,11.070265,2
fixed_t2,6697,15.968525,2
fixed_t2,6698,13.808858,2
fixed_t2,6699,8.436942,2
fixed_t2,6700,10.369791,2
fixed_t2,6701,5.491024,2
fixed_t2,6702,6.892752,2
fixed_t2,6703,13.491608,2
fixed_t2,6704,16.436195,2
fixed_t2,6705,10.150179,2
fixed_t2,6706,6.547691,2
fixed_t2,6707,10.351674,2
fixed_t2,6708,14.458523,2
fixed_t2,6709,9.394297,2
fixed_t2,6710,15.133303,2
fixed_t2,6711,6.358272,2
fixed_t2,6712,8.000386,2
fixed_t2,6713,10.385519,2
fixed_t2,6714,8.491065,2
fixed_t2,6715,6.593230,2
fixed_t2,6716,7.025165,2
fixed_t2,6717,14.278588,2
fixed_t2,6718,8.923780,2
fixed_t2,6719,14.975085,2
fixed_t2,6720,10.391093,2
fixed_t2,6721,13.258475,2
fixed_t2,6722,6.238923,2
fixed_t2,6723,9.583774,2
fixed_t2,6724,16.180186,2
fixed_t2,6725,17.128107,2
fixed_t2,6726,20.862341,2
fixed_t2,6727,19.069834,2
fixed_t2,6728,7.881951,2
fixed_t2,6729,7.249557,2
fixed_t2,6730,4.001542,2
fixed_t2,6731,9.151884,2
fixed_t2,6732,11.612008,2
fixed_t2,6733,13.260659,2
fixed_t2,6734,13.554239,2
fixed_t2,6735,8.854215,2
fixed_t2,6736,6.602269,2
fixed_t2,6737,7.263803,2
fixed_t2,6738,8.124092,2
fixed_t2,6739,5.390826,2
fixed_t2,6740,7.566677,2
fixed_t2,6741,3.087084,2
fixed_t2,6742,15.733345,2
fixed_t2,6743,8.976551,2
fixed_t2,6744,14.877701,2
fixed_t2,6745,13.626961,2
fixed_t2,6746,10.362321,2
fixed_t2,6747,11.692347,2
fixed_t2,6748,8.578233,2
fixed_t2,6749,23.268622,2
fixed_t2,6750,7.036495,2
fixed_t2,6751,9.456432,2
fixed_t2,6752,7.375411,2
fixed_t2,6753,6.151439,2
fixed_t2,6754,15.715393,2
fixed_t2,6755,10.451941,2
fixed_t2,6756,3.943233,2
fixed_t2,6757,17.181729,2
fixed_t2,6758,9.455116,2
fixed_t2,6759,9.782427,2
fixed_t2,6760,15.805577,2
fixed_t2,6761,12.496804,2
fixed_t2,6762,13.680869,2
fixed_t2,6763,12.330641,2
fixed_t2,6764,14.923971,2
fixed_t2,6765,12.351541,2
fixed_t2,6766,12.541425,2
fixed_t2,6767,14.636902,2
fixed_t2,6768,11.424378,2
fixed_t2,6769,4.665591,2
fixed_t2,6770,10.998881,2
fixed_t2,6771,6.616452,2
fixed_t2,6772,10.836138,2
fixed_t2,6773,11.239834,2
fixed_t2,6774,5.789005,2
fixed_t2,6775,14.374899,2
fixed_t2,6776,32.884112,2
fixed_t2,6777,8.907097,2
fixed_t2,6778,10.766455,2
fixed_t2,6779,12.879248,2
fixed_t2,6780,12.731317,2
fixed_t2,6781,4.332123,2
fixed_t2,6782,13.385336,2
fixed_t2,6783,12.767844,2
fixed_t2,6784,13.331201,2
fixed_t2,6785,12.877548,2
fixed_t2,6786,8.014337,2
fixed_t2,6787,19.517061,2
fixed_t2,6788,9.890294,2
fixed_t2,6789,17.580075,2
fixed_t2,6790,7.154240,2
fixed_t2,6791,6.528869,2
fixed_t2,6792,10.015418,2
fixed_t2,6793,9.590965,2
fixed_t2,6794,8.908733,2
fixed_t2,6795,13.677546,2
fixed_t2,6796,5.977689,2
fixed_t2,6797,8.171782,2
fixed_t2,6798,6.404172,2
fixed_t2,6799,14.165658,2
fixed_t2,6800,8.815754,2
fixed_t2,6801,5.881343,2
fixed_t2,6802,12.345760,2
fixed_t2,6803,18.000922,2
fixed_t2,6804,8.558808,2
fixed_t2,6805,9.650612,2
fixed_t2,6806,6.162160,2
fixed_t2,6807,17.143792,2
fixed_t2,6808,23.581617,2
fixed_t2,6809,6.763941,2
fixed_t2,6810,15.170248,2
fixed_t2,6811,3.805973,2
fixed_t2,6812,8.324284,2
fixed_t2,6813,14.113306,2
fixed_t2,6814,16.629014,2
fixed_t2,6815,9.818546,2
fixed_t2,6816,5.491870,2
fixed_t2,6817,8.611344,2
fixed_t2,6818,17.913538,2
fixed_t2,6819,10.041540,2
fixed_t2,6820,5.754347,2
fixed_t2,6821,16.707113,2
fixed_t2,6822,16.045659,2
fixed_t2,6823,16.707622,2
fixed_t2,6824,10.070290,2
fixed_t2,6825,8.378054,2
fixed_t2,6826,12.406616,2
fixed_t2,6827,8.564397,2
fixed_t2,6828,28.111180,2
fixed_t2,6829,8.003208,2
fixed_t2,6830,7.150719,2
fixed_t2,6831,10.765165,2
fixed_t2,6832,8.106072,2
fixed_t2,6833,5.777316,2
fixed_t2,6834,17.494058,2
fixed_t2,6835,8.902038,2
fixed_t2,6836,7.844136,2
fixed_t2,6837,9.550329,2
fixed_t2,6838,7.795516,2
fixed_t2,6839,10.586455,2
fixed_t2,6840,5.582359,2
fixed_t2,6841,12.088510,2
fixed_t2,6842,11.217411,2
fixed_t2,6843,12.279064,2
fixed_t2,6844,5.711311,2
fixed_t2,6845,14.699193,2
fixed_t2,6846,11.828248,2
fixed_t2,6847,8.595057,2
fixed_t2,6848,13.380056,2
fixed_t2,6849,11.316916,2
fixed_t2,6850,10.600928,2
fixed_t2,6851,12.910647,2
fixed_t2,6852,12.658304,2
fixed_t2,6853,3.796381,2
fixed_t2,6854,4.670416,2
fixed_t2,6855,16.028504,2
fixed_t2,6856,9.779765,2
fixed_t2,6857,15.821375,2
fixed_t2,6858,8.872287,2
fixed_t2,6859,6.791644,2
fixed_t2,6860,11.613898,2
fixed_t2,6861,7.777343,2
fixed_t2,6862,22.770597,2
fixed_t2,6863,9.870239,2
fixed_t2,6864,14.488465,2
fixed_t2,6865,5.027821,2
fixed_t2,6866,8.714109,2
fixed_t2,6867,15.975789,2
fixed_t2,6868,6.580338,2
fixed_t2,6869,11.612623,2
fixed_t2,6870,16.780879,2
fixed_t2,6871,7.971024,2
fixed_t2,6872,4.308323,2
fixed_t2,6873,27.129418,2
fixed_t2,6874,8.765237,2
fixed_t2,6875,17.493218,2
fixed_t2,6876,13.056548,2
fixed_t2,6877,15.835275,2
fixed_t2,6878,17.327926,2
fixed_t2,6879,9.024418,2
fixed_t2,6880,7.090746,2
fixed_t2,6881,21.462763,2
fixed_t2,6882,4.824533,2
fixed_t2,6883,8.525788,2
fixed_t2,6884,9.377454,2
fixed_t2,6885,5.294868,2
fixed_t2,6886,29.810295,2
fixed_t2,6887,10.829856,2
fixed_t2,6888,9.682821,2
fixed_t2,6889,5.614634,2
fixed_t2,6890,12.861898,2
fixed_t2,6891,11.444317,2
fixed_t2,6892,10.179726,2
fixed_t2,6893,9.091358,2
fixed_t2,6894,9.998703,2
fixed_t2,6895,11.847615,2
fixed_t2,6896,9.376728,2
fixed_t2,6897,17.162248,2
fixed_t2,6898,12.359116,2
fixed_t2,6899,5.642985,2
fixed_t2,6900,17.753774,2
fixed_t2,6901,9.353099,2
fixed_t2,6902,8.429309,2
fixed_t2,6903,13.798579,2
fixed_t2,6904,11.095525,2
fixed_t2,6905,6.972087,2
fixed_t2,6906,7.857801,2
fixed_t2,6907,11.887727,2
fixed_t2,6908,9.386767,2
fixed_t2,6909,4.712374,2
fixed_t2,6910,17.693680,2
fixed_t2,6911,9.667106,2
fixed_t2,6912,18.696987,2
fixed_t2,6913,6.733850,2
fixed_t2,6914,4.629803,2
fixed_t2,6915,6.931456,2
fixed_t2,6916,4.209232,2
fixed_t2,6917,14.526240,2
fixed_t2,6918,7.703093,2
fixed_t2,6919,7.838233,2
fixed_t2,6920,7.124603,2
fixed_t2,6921,7.428539,2
fixed_t2,6922,15.916805,2
fixed_t2,6923,8.343008,2
fixed_t2,6924,15.226869,2
fixed_t2,6925,23.911276,2
fixed_t2,6926,12.808434,2
fixed_t2,6927,6.176334,2
fixed_t2,6928,8.367069,2
fixed_t2,6929,10.595938,2
fixed_t2,6930,7.078498,2
fixed_t2,6931,29.941027,2
fixed_t2,6932,11.388133,2
fixed_t2,6933,7.799001,2
fixed_t2,6934,9.638934,2
fixed_t2,6935,11.851776,2
fixed_t2,6936,9.931354,2
fixed_t2,6937,6.461639,2
fixed_t2,6938,7.155146,2
fixed_t2,6939,8.817901,2
fixed_t2,6940,13.924816,2
fixed_t2,6941,17.139018,2
fixed_t2,6942,15.270381,2
fixed_t2,6943,11.309559,2
fixed_t2,6944,4.408548,2
fixed_t2,6945,16.306511,2
fixed_t2,6946,14.243388,2
fixed_t2,6947,10.224447,2
fixed_t2,6948,11.092380,2
fixed_t2,6949,6.957256,2
fixed_t2,6950,7.357531,2
fixed_t2,6951,7.876498,2
fixed_t2,6952,13.429447,2
fixed_t2,6953,14.336586,2
fixed_t2,6954,8.645856,2
fixed_t2,6955,6.111932,2
fixed_t2,6956,14.710415,2
fixed_t2,6957,9.528658,2
fixed_t2,6958,5.418168,2
fixed_t2,6959,5.979541,2
fixed_t2,6960,12.887796,2
fixed_t2,6961,7.851936,2
fixed_t2,6962,13.195328,2
fixed_t2,6963,8.444360,2
fixed_t2,6964,8.765751,2
fixed_t2,6965,12.456331,2
fixed_t2,6966,13.300927,2
fixed_t2,6967,5.744443,2
fixed_t2,6968,10.354365,2
fixed_t2,6969,10.860237,2
fixed_t2,6970,8.532939,2
fixed_t2,6971,10.057732,2
fixed_t2,6972,25.964215,2
fixed_t2,6973,6.714421,2
fixed_t2,6974,16.015527,2
fixed_t2,6975,7.356278,2
fixed_t2,6976,14.172949,2
fixed_t2,6977,10.402110,2
fixed_t2,6978,19.663201,2
fixed_t2,6979,6.299959,2
fixed_t2,6980,10.346740,2
fixed_t2,6981,11.357443,2
fixed_t2,6982,12.830987,2
fixed_t2,6983,7.338844,2
fixed_t2,6984,14.228068,2
fixed_t2,6985,6.562935,2
fixed_t2,6986,13.492079,2
fixed_t2,6987,5.696254,2
fixed_t2,6988,9.218989,2
fixed_t2,6989,7.704163,2
fixed_t2,6990,22.121857,2
fixed_t2,6991,12.830849,2
fixed_t2,6992,7.190266,2
fixed_t2,6993,8.437840,2
fixed_t2,6994,7.755684,2
fixed_t2,6995,21.719763,2
fixed_t2,6996,9.142004,2
fixed_t2,6997,22.338149,2
fixed_t2,6998,4.695868,2
fixed_t2,6999,8.706818,2
fixed_t2,7000,16.042534,2
fixed_t2,7001,4.966907,2
fixed_t2,7002,13.766844,2
fixed_t2,7003,11.359684,2
fixed_t2,7004,10.060842,2
fixed_t2,7005,8.415406,2
fixed_t2,7006,8.598935,2
fixed_t2,7007,10.613157,2
fixed_t2,7008,4.959053,2
fixed_t2,7009,11.978380,2
fixed_t2,7010,32.100152,2
fixed_t2,7011,7.383146,2
fixed_t2,7012,9.088344,2
fixed_t2,7013,6.677610,2
fixed_t2,7014,10.189424,2
fixed_t2,7015,6.918734,2
fixed_t2,7016,14.206940,2
fixed_t2,7017,14.473296,2
fixed_t2,7018,6.649507,2
fixed_t2,7019,7.759400,2
fixed_t2,7020,19.563355,2
fixed_t2,7021,7.754401,2
fixed_t2,7022,17.292108,2
fixed_t2,7023,14.921850,2
fixed_t2,7024,10.968145,2
fixed_t2,7025,9.829583,2
fixed_t2,7026,3.864163,2
fixed_t2,7027,13.980793,2
fixed_t2,7028,8.018642,2
fixed_t2,7029,5.102879,2
fixed_t2,7030,7.733381,2
fixed_t2,7031,11.897619,2
fixed_t2,7032,11.844777,2
fixed_t2,7033,3.322890,2
fixed_t2,7034,14.579855,2
fixed_t2,7035,10.076500,2
fixed_t2,7036,13.859203,2
fixed_t2,7037,10.842798,2
fixed_t2,7038,9.066537,2
fixed_t2,7039,6.278099,2
fixed_t2,7040,7.552206,2
fixed_t2,7041,7.019435,2
fixed_t2,7042,9.692094,2
fixed_t2,7043,9.437732,2
fixed_t2,7044,14.142235,2
fixed_t2,7045,11.477307,2
fixed_t2,7046,10.893747,2
fixed_t2,7047,10.997455,2
fixed_t2,7048,5.752892,2
fixed_t2,7049,14.167544,2
fixed_t2,7050,9.345250,2
fixed_t2,7051,6.150237,2
fixed_t2,7052,13.493241,2
fixed_t2,7053,6.850719,2
fixed_t2,7054,9.139409,2
fixed_t2,7055,10.351317,2
fixed_t2,7056,7.419640,2
fixed_t2,7057,10.397555,2
fixed_t2,7058,6.652909,2
fixed_t2,7059,6.062133,2
fixed_t2,7060,5.624992,2
fixed_t2,7061,6.394594,2
fixed_t2,7062,8.101138,2
fixed_t2,7063,7.287713,2
fixed_t2,7064,8.406990,2
fixed_t2,7065,10.209063,2
fixed_t2,7066,14.477966,2
fixed_t2,7067,11.946900,2
fixed_t2,7068,8.968575,2
fixed_t2,7069,10.810354,2
fixed_t2,7070,8.260493,2
fixed_t2,7071,27.942512,2
fixed_t2,7072,11.164033,2
fixed_t2,7073,10.341320,2
fixed_t2,7074,10.692347,2
fixed_t2,7075,7.737118,2
fixed_t2,7076,17.680897,2
fixed_t2,7077,8.391589,2
fixed_t2,7078,15.149007,2
fixed_t2,7079,13.296443,2
fixed_t2,7080,7.148112,2
fixed_t2,7081,20.109042,2
fixed_t2,7082,12.953360,2
fixed_t2,7083,19.129406,2
fixed_t2,7084,21.597363,2
fixed_t2,7085,10.308756,2
fixed_t2,7086,10.100205,2
fixed_t2,7087,9.148088,2
fixed_t2,7088,13.740213,2
fixed_t2,7089,5.091862,2
fixed_t2,7090,9.292797,2
fixed_t2,7091,9.957462,2
fixed_t2,7092,10.147512,2
fixed_t2,7093,6.078792,2
fixed_t2,7094,8.535067,2
fixed_t2,7095,9.518889,2
fixed_t2,7096,11.238968,2
fixed_t2,7097,12.381699,2
fixed_t2,7098,8.664626,2
fixed_t2,7099,11.894500,2
fixed_t2,7100,10.688361,2
fixed_t2,7101,13.630918,2
fixed_t2,7102,17.517581,2
fixed_t2,7103,20.178348,2
fixed_t2,7104,12.545757,2
fixed_t2,7105,15.251759,2
fixed_t2,7106,9.476155,2
fixed_t2,7107,14.003023,2
fixed_t2,7108,13.039941,2
fixed_t2,7109,26.488768,2
fixed_t2,7110,22.837511,2
fixed_t2,7111,13.554866,2
fixed_t2,7112,6.034857,2
fixed_t2,7113,14.092888,2
fixed_t2,7114,13.259177,2
fixed_t2,7115,17.812234,2
fixed_t2,7116,9.817215,2
fixed_t2,7117,15.353020,2
fixed_t2,7118,5.117786,2
fixed_t2,7119,18.779651,2
fixed_t2,7120,18.482153,2
fixed_t2,7121,10.817834,2
fixed_t2,7122,19.987498,2
fixed_t2,7123,17.266349,2
fixed_t2,7124,7.262836,2
fixed_t2,7125,20.526819,2
fixed_t2,7126,5.895682,2
fixed_t2,7127,8.055772,2
fixed_t2,7128,8.944165,2
fixed_t2,7129,12.401607,2
fixed_t2,7130,15.305591,2
fixed_t2,7131,25.215727,2
fixed_t2,7132,4.600398,2
fixed_t2,7133,3.535607,2
fixed_t2,7134,6.141275,2
fixed_t2,7135,5.991932,2
fixed_t2,7136,6.852520,2
fixed_t2,7137,8.737146,2
fixed_t2,7138,19.150217,2
fixed_t2,7139,20.108891,2
fixed_t2,7140,6.509321,2
fixed_t2,7141,18.261374,2
fixed_t2,7142,12.847118,2
fixed_t2,7143,6.170040,2
fixed_t2,7144,8.175283,2
fixed_t2,7145,4.136255,2
fixed_t2,7146,8.843871,2
fixed_t2,7147,17.352135,2
fixed_t2,7148,14.970537,2
fixed_t2,7149,10.866859,2
fixed_t2,7150,12.100521,2
fixed_t2,7151,9.191078,2
fixed_t2,7152,22.659804,2
fixed_t2,7153,7.145638,2
fixed_t2,7154,13.241370,2
fixed_t2,7155,7.346953,2
fixed_t2,7156,9.465022,2
fixed_t2,7157,18.820229,2
fixed_t2,7158,19.404813,2
fixed_t2,7159,6.375764,2
fixed_t2,7160,11.432819,2
fixed_t2,7161,5.895854,2
fixed_t2,7162,9.939045,2
fixed_t2,7163,6.838406,2
fixed_t2,7164,25.335971,2
fixed_t2,7165,10.214324,2
fixed_t2,7166,17.523346,2
fixed_t2,7167,3.349242,2
fixed_t2,7168,10.933359,2
fixed_t2,7169,4.613149,2
fixed_t2,7170,6.777735,2
fixed_t2,7171,9.583959,2
fixed_t2,7172,8.624530,2
fixed_t2,7173,20.481642,2
fixed_t2,7174,6.237956,2
fixed_t2,7175,15.858666,2
fixed_t2,7176,15.224729,2
fixed_t2,7177,5.866067,2
fixed_t2,7178,7.537968,2
fixed_t2,7179,6.164728,2
fixed_t2,7180,9.925615,2
fixed_t2,7181,5.357035,2
fixed_t2,7182,6.533618,2
fixed_t2,7183,10.171976,2
fixed_t2,7184,8.883476,2
fixed_t2,7185,7.772511,2
fixed_t2,7186,11.340098,2
fixed_t2,7187,14.886148,2
fixed_t2,7188,8.462714,2
fixed_t2,7189,8.654236,2
fixed_t2,7190,13.133408,2
fixed_t2,7191,8.616768,2
fixed_t2,7192,12.748947,2
fixed_t2,7193,6.137031,2
fixed_t2,7194,13.426838,2
fixed_t2,7195,11.883559,2
fixed_t2,7196,14.192435,2
fixed_t2,7197,18.862792,2
fixed_t2,7198,5.348436,2
fixed_t2,7199,5.614527,2
fixed_t2,7200,2.568426,2
fixed_t2,7201,3.722148,2
fixed_t2,7202,5.846327,2
fixed_t2,7203,3.312248,2
fixed_t2,7204,5.349248,2
fixed_t2,7205,6.373186,2
fixed_t2,7206,4.683426,2
fixed_t2,7207,6.749142,2
fixed_t2,7208,8.842926,2
fixed_t2,7209,5.580569,2
fixed_t2,7210,4.727763,2
fixed_t2,7211,2.753289,2
fixed_t2,7212,7.559782,2
fixed_t2,7213,3.728557,2
fixed_t2,7214,8.957251,2
fixed_t2,7215,5.259686,2
fixed_t2,7216,6.214846,2
fixed_t2,7217,6.701712,2
fixed_t2,7218,6.639795,2
fixed_t2,7219,6.723044,2
fixed_t2,7220,12.392684,2
fixed_t2,7221,6.402041,2
fixed_t2,7222,13.933282,2
fixed_t2,7223,8.149155,2
fixed_t2,7224,5.667636,2
fixed_t2,7225,8.343419,2
fixed_t2,7226,5.628186,2
fixed_t2,7227,5.824530,2
fixed_t2,7228,6.047134,2
fixed_t2,7229,5.935616,2
fixed_t2,7230,10.062244,2
fixed_t2,7231,11.653948,2
fixed_t2,7232,8.750774,2
fixed_t2,7233,5.219301,2
fixed_t2,7234,11.085967,2
fixed_t2,7235,9.048659,2
fixed_t2,7236,7.271144,2
fixed_t2,7237,6.363377,2
fixed_t2,7238,6.946028,2
fixed_t2,7239,7.555939,2
fixed_t2,7240,7.596892,2
fixed_t2,7241,5.993782,2
fixed_t2,7242,9.136167,2
fixed_t2,7243,5.851354,2
fixed_t2,7244,6.444763,2
fixed_t2,7245,10.396473,2
fixed_t2,7246,7.052397,2
fixed_t2,7247,6.432360,2
fixed_t2,7248,7.108813,2
fixed_t2,7249,12.451375,2
fixed_t2,7250,8.932365,2
fixed_t2,7251,5.482876,2
fixed_t2,7252,8.878339,2
fixed_t2,7253,11.304716,2
fixed_t2,7254,8.323853,2
fixed_t2,7255,6.178432,2
fixed_t2,7256,5.806540,2
fixed_t2,7257,5.995445,2
fixed_t2,7258,6.802721,2
fixed_t2,7259,3.161047,2
fixed_t2,7260,7.644671,2
fixed_t2,7261,10.268508,2
fixed_t2,7262,16.719592,2
fixed_t2,7263,4.650086,2
fixed_t2,7264,6.584667,2
fixed_t2,7265,5.749691,2
fixed_t2,7266,12.958141,2
fixed_t2,7267,5.824942,2
fixed_t2,7268,5.456231,2
fixed_t2,7269,5.675552,2
fixed_t2,7270,6.419920,2
fixed_t2,7271,2.982601,2
fixed_t2,7272,7.211492,2
fixed_t2,7273,12.440690,2
fixed_t2,7274,5.170491,2
fixed_t2,7275,11.917487,2
fixed_t2,7276,6.401039,2
fixed_t2,7277,5.589600,2
fixed_t2,7278,6.584254,2
fixed_t2,7279,3.989732,2
fixed_t2,7280,6.305786,2
fixed_t2,7281,7.245991,2
fixed_t2,7282,7.131249,2
fixed_t2,7283,3.634294,2
fixed_t2,7284,15.212420,2
fixed_t2,7285,3.364968,2
fixed_t2,7286,4.095254,2
fixed_t2,7287,3.502514,2
fixed_t2,7288,17.487665,2
fixed_t2,7289,11.025217,2
fixed_t2,7290,5.797352,2
fixed_t2,7291,5.844581,2
fixed_t2,7292,7.400496,2
fixed_t2,7293,4.996409,2
fixed_t2,7294,5.488239,2
fixed_t2,7295,7.966692,2
fixed_t2,7296,3.505370,2
fixed_t2,7297,4.655357,2
fixed_t2,7298,6.782506,2
fixed_t2,7299,5.121196,2
fixed_t2,7300,4.712390,2
fixed_t2,7301,3.759244,2
fixed_t2,7302,3.948208,2
fixed_t2,7303,4.225156,2
fixed_t2,7304,5.187815,2
fixed_t2,7305,3.374455,2
fixed_t2,7306,10.665332,2
fixed_t2,7307,5.329622,2
fixed_t2,7308,7.276474,2
fixed_t2,7309,5.894507,2
fixed_t2,7310,8.684192,2
fixed_t2,7311,6.500011,2
fixed_t2,7312,8.495251,2
fixed_t2,7313,12.182141,2
fixed_t2,7314,7.593130,2
fixed_t2,7315,3.759843,2
fixed_t2,7316,5.639017,2
fixed_t2,7317,10.525414,2
fixed_t2,7318,8.257933,2
fixed_t2,7319,3.386242,2
fixed_t2,7320,8.233305,2
fixed_t2,7321,8.709700,2
fixed_t2,7322,6.462697,2
fixed_t2,7323,14.970457,2
fixed_t2,7324,3.592524,2
fixed_t2,7325,3.125513,2
fixed_t2,7326,5.964644,2
fixed_t2,7327,6.296580,2
fixed_t2,7328,7.666899,2
fixed_t2,7329,4.568701,2
fixed_t2,7330,9.134121,2
fixed_t2,7331,5.579558,2
fixed_t2,7332,9.518348,2
fixed_t2,7333,5.044253,2
fixed_t2,7334,7.165941,2
fixed_t2,7335,7.053785,2
fixed_t2,7336,4.758453,2
fixed_t2,7337,4.932344,2
fixed_t2,7338,3.850452,2
fixed_t2,7339,5.880295,2
fixed_t2,7340,8.394888,2
fixed_t2,7341,3.668697,2
fixed_t2,7342,5.371746,2
fixed_t2,7343,5.854886,2
fixed_t2,7344,9.623834,2
fixed_t2,7345,5.120147,2
fixed_t2,7346,5.399758,2
fixed_t2,7347,4.337740,2
fixed_t2,7348,5.209707,2
fixed_t2,7349,5.765646,2
fixed_t2,7350,5.193519,2
fixed_t2,7351,4.378777,2
fixed_t2,7352,5.355001,2
fixed_t2,7353,5.846515,2
fixed_t2,7354,5.385218,2
fixed_t2,7355,6.213321,2
fixed_t2,7356,9.151548,2
fixed_t2,7357,5.673892,2
fixed_t2,7358,7.944656,2
fixed_t2,7359,3.150817,2
fixed_t2,7360,10.388637,2
fixed_t2,7361,5.963460,2
fixed_t2,7362,6.805243,2
fixed_t2,7363,6.810417,2
fixed_t2,7364,4.374058,2
fixed_t2,7365,5.219421,2
fixed_t2,7366,9.895274,2
fixed_t2,7367,7.269452,2
fixed_t2,7368,4.113066,2
fixed_t2,7369,12.673679,2
fixed_t2,7370,2.993415,2
fixed_t2,7371,8.749363,2
fixed_t2,7372,9.415346,2
fixed_t2,7373,6.522281,2
fixed_t2,7374,9.664442,2
fixed_t2,7375,5.661003,2
fixed_t2,7376,6.603611,2
fixed_t2,7377,6.137002,2
fixed_t2,7378,8.107624,2
fixed_t2,7379,3.699020,2
fixed_t2,7380,10.173559,2
fixed_t2,7381,5.330135,2
fixed_t2,7382,8.313327,2
fixed_t2,7383,5.586973,2
fixed_t2,7384,2.679128,2
fixed_t2,7385,5.604554,2
fixed_t2,7386,9.282602,2
fixed_t2,7387,3.275794,2
fixed_t2,7388,7.345638,2
fixed_t2,7389,14.803197,2
fixed_t2,7390,8.234339,2
fixed_t2,7391,4.218553,2
fixed_t2,7392,2.921076,2
fixed_t2,7393,11.861548,2
fixed_t2,7394,7.660346,2
fixed_t2,7395,8.297940,2
fixed_t2,7396,6.977245,2
fixed_t2,7397,7.205099,2
fixed_t2,7398,5.781377,2
fixed_t2,7399,11.273393,2
fixed_t2,7400,6.909181,2
fixed_t2,7401,3.799918,2
fixed_t2,7402,6.639651,2
fixed_t2,7403,8.320397,2
fixed_t2,7404,10.511635,2
fixed_t2,7405,9.607579,2
fixed_t2,7406,6.842289,2
fixed_t2,7407,3.431100,2
fixed_t2,7408,18.433853,2
fixed_t2,7409,10.080343,2
fixed_t2,7410,4.186080,2
fixed_t2,7411,7.603964,2
fixed_t2,7412,5.589655,2
fixed_t2,7413,3.089027,2
fixed_t2,7414,4.886428,2
fixed_t2,7415,8.079050,2
fixed_t2,7416,6.785456,2
fixed_t2,7417,4.010024,2
fixed_t2,7418,7.096857,2
fixed_t2,7419,2.897400,2
fixed_t2,7420,5.694579,2
fixed_t2,7421,5.190789,2
fixed_t2,7422,19.907146,2
fixed_t2,7423,3.721597,2
fixed_t2,7424,3.970146,2
fixed_t2,7425,9.800858,2
fixed_t2,7426,4.841039,2
fixed_t2,7427,8.633382,2
fixed_t2,7428,6.920733,2
fixed_t2,7429,7.660313,2
fixed_t2,7430,6.393440,2
fixed_t2,7431,8.642063,2
fixed_t2,7432,6.558401,2
fixed_t2,7433,3.290666,2
fixed_t2,7434,7.818498,2
fixed_t2,7435,8.264913,2
fixed_t2,7436,12.808143,2
fixed_t2,7437,13.289979,2
fixed_t2,7438,5.069408,2
fixed_t2,7439,6.966404,2
fixed_t2,7440,5.642649,2
fixed_t2,7441,5.716161,2
fixed_t2,7442,5.432424,2
fixed_t2,7443,9.050403,2
fixed_t2,7444,4.601661,2
fixed_t2,7445,8.772247,2
fixed_t2,7446,3.610525,2
fixed_t2,7447,11.595646,2
fixed_t2,7448,8.026563,2
fixed_t2,7449,8.796611,2
fixed_t2,7450,11.589167,2
fixed_t2,7451,5.013944,2
fixed_t2,7452,4.612034,2
fixed_t2,7453,6.411483,2
fixed_t2,7454,9.068140,2
fixed_t2,7455,11.159549,2
fixed_t2,7456,5.930238,2
fixed_t2,7457,13.150962,2
fixed_t2,7458,4.181707,2
fixed_t2,7459,2.906404,2
fixed_t2,7460,4.917226,2
fixed_t2,7461,7.436308,2
fixed_t2,7462,8.856054,2
fixed_t2,7463,6.984721,2
fixed_t2,7464,7.156199,2
fixed_t2,7465,4.467284,2
fixed_t2,7466,6.753816,2
fixed_t2,7467,5.371063,2
fixed_t2,7468,7.603424,2
fixed_t2,7469,5.825466,2
fixed_t2,7470,3.684916,2
fixed_t2,7471,8.065158,2
fixed_t2,7472,7.813167,2
fixed_t2,7473,5.171475,2
fixed_t2,7474,6.195610,2
fixed_t2,7475,8.568272,2
fixed_t2,7476,6.267289,2
fixed_t2,7477,11.479918,2
fixed_t2,7478,4.173479,2
fixed_t2,7479,7.932504,2
fixed_t2,7480,4.914444,2
fixed_t2,7481,3.186591,2
fixed_t2,7482,12.869688,2
fixed_t2,7483,8.608209,2
fixed_t2,7484,4.671437,2
fixed_t2,7485,9.286016,2
fixed_t2,7486,6.964835,2
fixed_t2,7487,11.208491,2
fixed_t2,7488,7.580650,2
fixed_t2,7489,2.976596,2
fixed_t2,7490,6.667095,2
fixed_t2,7491,7.042678,2
fixed_t2,7492,5.479469,2
fixed_t2,7493,8.373059,2
fixed_t2,7494,6.119768,2
fixed_t2,7495,6.669190,2
fixed_t2,7496,5.015930,2
fixed_t2,7497,11.503298,2
fixed_t2,7498,4.263157,2
fixed_t2,7499,7.439225,2
fixed_t2,7500,4.461468,2
fixed_t2,7501,5.494133,2
fixed_t2,7502,6.674702,2
fixed_t2,7503,4.459010,2
fixed_t2,7504,4.957171,2
fixed_t2,7505,5.036560,2
fixed_t2,7506,7.578402,2
fixed_t2,7507,5.577763,2
fixed_t2,7508,3.924945,2
fixed_t2,7509,6.768123,2
fixed_t2,7510,11.076410,2
fixed_t2,7511,6.584214,2
fixed_t2,7512,8.644995,2
fixed_t2,7513,3.400649,2
fixed_t2,7514,3.782034,2
fixed_t2,7515,5.359245,2
fixed_t2,7516,4.878103,2
fixed_t2,7517,2.639770,2
fixed_t2,7518,10.438466,2
fixed_t2,7519,9.692240,2
fixed_t2,7520,15.178414,2
fixed_t2,7521,7.945074,2
fixed_t2,7522,8.413040,2
fixed_t2,7523,4.494763,2
fixed_t2,7524,4.805346,2
fixed_t2,7525,3.413788,2
fixed_t2,7526,8.562706,2
fixed_t2,7527,3.577669,2
fixed_t2,7528,12.581902,2
fixed_t2,7529,9.317498,2
fixed_t2,7530,9.919122,2
fixed_t2,7531,11.826862,2
fixed_t2,7532,4.454671,2
fixed_t2,7533,6.672928,2
fixed_t2,7534,10.390985,2
fixed_t2,7535,5.148876,2
fixed_t2,7536,5.623904,2
fixed_t2,7537,6.253793,2
fixed_t2,7538,9.893454,2
fixed_t2,7539,6.861269,2
fixed_t2,7540,8.484237,2
fixed_t2,7541,6.543710,2
fixed_t2,7542,5.269437,2
fixed_t2,7543,3.725198,2
fixed_t2,7544,15.074079,2
fixed_t2,7545,4.905421,2
fixed_t2,7546,3.977483,2
fixed_t2,7547,12.734404,2
fixed_t2,7548,9.563750,2
fixed_t2,7549,5.173433,2
fixed_t2,7550,8.614035,2
fixed_t2,7551,5.184349,2
fixed_t2,7552,8.994100,2
fixed_t2,7553,9.841804,2
fixed_t2,7554,6.109284,2
fixed_t2,7555,5.870428,2
fixed_t2,7556,4.942270,2
fixed_t2,7557,4.007735,2
fixed_t2,7558,6.858031,2
fixed_t2,7559,5.295188,2
fixed_t2,7560,3.809193,2
fixed_t2,7561,12.664764,2
fixed_t2,7562,4.584369,2
fixed_t2,7563,13.112658,2
fixed_t2,7564,6.580635,2
fixed_t2,7565,6.842489,2
fixed_t2,7566,5.168171,2
fixed_t2,7567,4.255875,2
fixed_t2,7568,6.662449,2
fixed_t2,7569,5.027869,2
fixed_t2,7570,4.438590,2
fixed_t2,7571,7.379865,2
fixed_t2,7572,6.261825,2
fixed_t2,7573,11.379222,2
fixed_t2,7574,4.982857,2
fixed_t2,7575,3.472485,2
fixed_t2,7576,3.889681,2
fixed_t2,7577,5.704420,2
fixed_t2,7578,8.288622,2
fixed_t2,7579,12.364795,2
fixed_t2,7580,7.848064,2
fixed_t2,7581,8.020439,2
fixed_t2,7582,5.262435,2
fixed_t2,7583,7.175172,2
fixed_t2,7584,4.313201,2
fixed_t2,7585,7.982248,2
fixed_t2,7586,4.427370,2
fixed_t2,7587,7.187406,2
fixed_t2,7588,9.664645,2
fixed_t2,7589,4.931476,2
fixed_t2,7590,3.614491,2
fixed_t2,7591,7.474571,2
fixed_t2,7592,6.633431,2
fixed_t2,7593,14.228956,2
fixed_t2,7594,7.621117,2
fixed_t2,7595,5.562282,2
fixed_t2,7596,10.231645,2
fixed_t2,7597,7.854023,2
fixed_t2,7598,4.069878,2
fixed_t2,7599,5.137006,2
fixed_t2,7600,10.202948,2
fixed_t2,7601,8.382466,2
fixed_t2,7602,9.482048,2
fixed_t2,7603,5.467313,2
fixed_t2,7604,4.984432,2
fixed_t2,7605,5.952066,2
fixed_t2,7606,2.795496,2
fixed_t2,7607,18.253786,2
fixed_t2,7608,9.508510,2
fixed_t2,7609,5.767587,2
fixed_t2,7610,10.226650,2
fixed_t2,7611,7.990822,2
fixed_t2,7612,9.048180,2
fixed_t2,7613,7.035090,2
fixed_t2,7614,3.751220,2
fixed_t2,7615,12.783670,2
fixed_t2,7616,16.382589,2
fixed_t2,7617,8.789540,2
fixed_t2,7618,6.505979,2
fixed_t2,7619,9.529394,2
fixed_t2,7620,3.573016,2
fixed_t2,7621,11.555179,2
fixed_t2,7622,7.745745,2
fixed_t2,7623,9.913424,2
fixed_t2,7624,6.833885,2
fixed_t2,7625,11.728386,2
fixed_t2,7626,9.351549,2
fixed_t2,7627,6.072058,2
fixed_t2,7628,5.930371,2
fixed_t2,7629,6.296248,2
fixed_t2,7630,5.094627,2
fixed_t2,7631,7.055358,2
fixed_t2,7632,4.669197,2
fixed_t2,7633,5.244778,2
fixed_t2,7634,3.540135,2
fixed_t2,7635,4.774089,2
fixed_t2,7636,6.442310,2
fixed_t2,7637,8.737624,2
fixed_t2,7638,8.469396,2
fixed_t2,7639,4.984400,2
fixed_t2,7640,9.220588,2
fixed_t2,7641,5.730834,2
fixed_t2,7642,3.733648,2
fixed_t2,7643,5.692619,2
fixed_t2,7644,7.939785,2
fixed_t2,7645,6.563603,2
fixed_t2,7646,8.160966,2
fixed_t2,7647,11.672844,2
fixed_t2,7648,5.737945,2
fixed_t2,7649,14.808779,2
fixed_t2,7650,11.842399,2
fixed_t2,7651,4.731962,2
fixed_t2,7652,5.182916,2
fixed_t2,7653,16.930584,2
fixed_t2,7654,7.594128,2
fixed_t2,7655,5.268367,2
fixed_t2,7656,4.395964,2
fixed_t2,7657,4.141098,2
fixed_t2,7658,8.547302,2
fixed_t2,7659,3.520880,2
fixed_t2,7660,7.101166,2
fixed_t2,7661,5.443529,2
fixed_t2,7662,5.858927,2
fixed_t2,7663,10.345477,2
fixed_t2,7664,3.947246,2
fixed_t2,7665,11.202355,2
fixed_t2,7666,5.409310,2
fixed_t2,7667,4.933918,2
fixed_t2,7668,7.277698,2
fixed_t2,7669,5.003552,2
fixed_t2,7670,4.029745,2
fixed_t2,7671,3.629903,2
fixed_t2,7672,5.400954,2
fixed_t2,7673,4.137276,2
fixed_t2,7674,12.654802,2
fixed_t2,7675,8.223389,2
fixed_t2,7676,6.957314,2
fixed_t2,7677,7.599376,2
fixed_t2,7678,9.097576,2
fixed_t2,7679,4.892752,2
fixed_t2,7680,5.070293,2
fixed_t2,7681,6.773255,2
fixed_t2,7682,5.614248,2
fixed_t2,7683,9.563455,2
fixed_t2,7684,14.983456,2
fixed_t2,7685,14.594156,2
fixed_t2,7686,6.617556,2
fixed_t2,7687,7.071189,2
fixed_t2,7688,11.727709,2
fixed_t2,7689,4.281902,2
fixed_t2,7690,7.367395,2
fixed_t2,7691,3.585568,2
fixed_t2,7692,8.970473,2
fixed_t2,7693,13.379778,2
fixed_t2,7694,5.614115,2
fixed_t2,7695,5.039452,2
fixed_t2,7696,8.929968,2
fixed_t2,7697,3.189238,2
fixed_t2,7698,5.119574,2
fixed_t2,7699,5.497738,2
fixed_t2,7700,5.158541,2
fixed_t2,7701,10.804426,2
fixed_t2,7702,5.994476,2
fixed_t2,7703,8.598038,2
fixed_t2,7704,7.313056,2
fixed_t2,7705,4.630215,2
fixed_t2,7706,9.173300,2
fixed_t2,7707,10.122331,2
fixed_t2,7708,5.684001,2
fixed_t2,7709,7.019498,2
fixed_t2,7710,10.321493,2
fixed_t2,7711,9.729339,2
fixed_t2,7712,6.230152,2
fixed_t2,7713,7.795476,2
fixed_t2,7714,7.036773,2
fixed_t2,7715,8.591580,2
fixed_t2,7716,22.610338,2
fixed_t2,7717,7.668015,2
fixed_t2,7718,16.332707,2
fixed_t2,7719,7.461798,2
fixed_t2,7720,10.589929,2
fixed_t2,7721,8.134434,2
fixed_t2,7722,5.502192,2
fixed_t2,7723,3.995170,2
fixed_t2,7724,4.675139,2
fixed_t2,7725,8.571388,2
fixed_t2,7726,4.803984,2
fixed_t2,7727,4.583055,2
fixed_t2,7728,6.727867,2
fixed_t2,7729,4.961369,2
fixed_t2,7730,6.443704,2
fixed_t2,7731,9.326845,2
fixed_t2,7732,9.726929,2
fixed_t2,7733,3.932669,2
fixed_t2,7734,7.556665,2
fixed_t2,7735,4.722365,2
fixed_t2,7736,7.850060,2
fixed_t2,7737,14.281171,2
fixed_t2,7738,3.156042,2
fixed_t2,7739,3.721786,2
fixed_t2,7740,6.418788,2
fixed_t2,7741,6.142035,2
fixed_t2,7742,8.592528,2
fixed_t2,7743,6.105284,2
fixed_t2,7744,4.517932,2
fixed_t2,7745,4.577287,2
fixed_t2,7746,6.942129,2
fixed_t2,7747,3.564311,2
fixed_t2,7748,9.045537,2
fixed_t2,7749,4.905449,2
fixed_t2,7750,3.367324,2
fixed_t2,7751,5.423673,2
fixed_t2,7752,5.471983,2
fixed_t2,7753,9.883305,2
fixed_t2,7754,6.005584,2
fixed_t2,7755,4.620413,2
fixed_t2,7756,6.393925,2
fixed_t2,7757,3.979443,2
fixed_t2,7758,7.931725,2
fixed_t2,7759,11.778006,2
fixed_t2,7760,5.418779,2
fixed_t2,7761,9.810030,2
fixed_t2,7762,11.102165,2
fixed_t2,7763,5.886584,2
fixed_t2,7764,4.946871,2
fixed_t2,7765,7.498758,2
fixed_t2,7766,6.107851,2
fixed_t2,7767,5.288763,2
fixed_t2,7768,10.324073,2
fixed_t2,7769,4.169967,2
fixed_t2,7770,13.408024,2
fixed_t2,7771,8.479396,2
fixed_t2,7772,6.848314,2
fixed_t2,7773,6.477464,2
fixed_t2,7774,5.301779,2
fixed_t2,7775,4.731822,2
fixed_t2,7776,9.882111,2
fixed_t2,7777,3.726647,2
fixed_t2,7778,8.545409,2
fixed_t2,7779,11.021685,2
fixed_t2,7780,10.326741,2
fixed_t2,7781,10.401094,2
fixed_t2,7782,9.033070,2
fixed_t2,7783,6.004943,2
fixed_t2,7784,3.595463,2
fixed_t2,7785,2.711489,2
fixed_t2,7786,3.554482,2
fixed_t2,7787,11.146727,2
fixed_t2,7788,6.692167,2
fixed_t2,7789,8.817502,2
fixed_t2,7790,5.196993,2
fixed_t2,7791,5.448609,2
fixed_t2,7792,10.404569,2
fixed_t2,7793,3.850235,2
fixed_t2,7794,5.817201,2
fixed_t2,7795,9.188009,2
fixed_t2,7796,5.084010,2
fixed_t2,7797,5.484635,2
fixed_t2,7798,6.599473,2
fixed_t2,7799,3.993270,2
fixed_t2,7800,4.321019,2
fixed_t2,7801,8.964416,2
fixed_t2,7802,9.650964,2
fixed_t2,7803,10.030572,2
fixed_t2,7804,6.865843,2
fixed_t2,7805,4.967610,2
fixed_t2,7806,9.579696,2
fixed_t2,7807,7.039553,2
fixed_t2,7808,10.111618,2
fixed_t2,7809,9.913341,2
fixed_t2,7810,5.794884,2
fixed_t2,7811,8.817864,2
fixed_t2,7812,4.462003,2
fixed_t2,7813,6.382511,2
fixed_t2,7814,12.700219,2
fixed_t2,7815,7.812974,2
fixed_t2,7816,10.051316,2
fixed_t2,7817,6.713700,2
fixed_t2,7818,5.051120,2
fixed_t2,7819,8.106328,2
fixed_t2,7820,4.636778,2
fixed_t2,7821,6.229008,2
fixed_t2,7822,8.146365,2
fixed_t2,7823,4.954769,2
fixed_t2,7824,7.679019,2
fixed_t2,7825,6.539225,2
fixed_t2,7826,7.096564,2
fixed_t2,7827,5.599453,2
fixed_t2,7828,10.404319,2
fixed_t2,7829,11.281197,2
fixed_t2,7830,8.277240,2
fixed_t2,7831,7.233553,2
fixed_t2,7832,4.873348,2
fixed_t2,7833,4.184541,2
fixed_t2,7834,6.788753,2
fixed_t2,7835,3.828399,2
fixed_t2,7836,3.527946,2
fixed_t2,7837,6.244753,2
fixed_t2,7838,5.981628,2
fixed_t2,7839,5.159716,2
fixed_t2,7840,6.979483,2
fixed_t2,7841,7.554921,2
fixed_t2,7842,6.087673,2
fixed_t2,7843,6.497529,2
fixed_t2,7844,6.926364,2
fixed_t2,7845,7.776655,2
fixed_t2,7846,6.074906,2
fixed_t2,7847,3.961544,2
fixed_t2,7848,4.448501,2
fixed_t2,7849,3.532151,2
fixed_t2,7850,9.684700,2
fixed_t2,7851,15.582136,2
fixed_t2,7852,4.608532,2
fixed_t2,7853,4.129753,2
fixed_t2,7854,14.319576,2
fixed_t2,7855,5.214876,2
fixed_t2,7856,9.752457,2
fixed_t2,7857,4.402196,2
fixed_t2,7858,9.745601,2
fixed_t2,7859,5.973295,2
fixed_t2,7860,10.535054,2
fixed_t2,7861,3.410398,2
fixed_t2,7862,8.569594,2
fixed_t2,7863,8.778624,2
fixed_t2,7864,5.861564,2
fixed_t2,7865,7.287990,2
fixed_t2,7866,4.989299,2
fixed_t2,7867,6.361442,2
fixed_t2,7868,6.238731,2
fixed_t2,7869,7.052321,2
fixed_t2,7870,8.039212,2
fixed_t2,7871,6.364532,2
fixed_t2,7872,4.390898,2
fixed_t2,7873,7.387037,2
fixed_t2,7874,6.666819,2
fixed_t2,7875,11.007975,2
fixed_t2,7876,5.464253,2
fixed_t2,7877,9.182739,2
fixed_t2,7878,7.776236,2
fixed_t2,7879,3.849486,2
fixed_t2,7880,6.158046,2
fixed_t2,7881,11.822418,2
fixed_t2,7882,6.723850,2
fixed_t2,7883,6.467009,2
fixed_t2,7884,4.888804,2
fixed_t2,7885,5.933541,2
fixed_t2,7886,5.134528,2
fixed_t2,7887,5.710421,2
fixed_t2,7888,4.235162,2
fixed_t2,7889,8.290177,2
fixed_t2,7890,9.965177,2
fixed_t2,7891,8.960160,2
fixed_t2,7892,9.211102,2
fixed_t2,7893,6.138264,2
fixed_t2,7894,2.604603,2
fixed_t2,7895,8.795422,2
fixed_t2,7896,5.101604,2
fixed_t2,7897,4.629451,2
fixed_t2,7898,7.920209,2
fixed_t2,7899,5.107054,2
fixed_t2,7900,7.433888,2
fixed_t2,7901,10.897165,2
fixed_t2,7902,4.757754,2
fixed_t2,7903,5.845130,2
fixed_t2,7904,6.528829,2
fixed_t2,7905,9.153429,2
fixed_t2,7906,5.429368,2
fixed_t2,7907,9.662290,2
fixed_t2,7908,3.108005,2
fixed_t2,7909,5.491567,2
fixed_t2,7910,8.445611,2
fixed_t2,7911,10.719097,2
fixed_t2,7912,6.144008,2
fixed_t2,7913,7.022256,2
fixed_t2,7914,3.491402,2
fixed_t2,7915,2.702330,2
fixed_t2,7916,8.093410,2
fixed_t2,7917,4.520599,2
fixed_t2,7918,4.625333,2
fixed_t2,7919,5.397602,2
fixed_t2,7920,8.986064,2
fixed_t2,7921,4.710594,2
fixed_t2,7922,5.008021,2
fixed_t2,7923,5.539447,2
fixed_t2,7924,3.780845,2
fixed_t2,7925,6.845059,2
fixed_t2,7926,5.939493,2
fixed_t2,7927,5.810298,2
fixed_t2,7928,7.331446,2
fixed_t2,7929,5.405283,2
fixed_t2,7930,6.193446,2
fixed_t2,7931,4.418709,2
fixed_t2,7932,6.390935,2
fixed_t2,7933,10.461647,2
fixed_t2,7934,10.517707,2
fixed_t2,7935,9.253231,2
fixed_t2,7936,6.858353,2
fixed_t2,7937,5.870172,2
fixed_t2,7938,6.614953,2
fixed_t2,7939,4.209861,2
fixed_t2,7940,10.383914,2
fixed_t2,7941,6.236283,2
fixed_t2,7942,4.249302,2
fixed_t2,7943,9.407056,2
fixed_t2,7944,9.663444,2
fixed_t2,7945,10.624541,2
fixed_t2,7946,14.589910,2
fixed_t2,7947,5.292251,2
fixed_t2,7948,4.720170,2
fixed_t2,7949,4.861300,2
fixed_t2,7950,4.458039,2
fixed_t2,7951,9.176896,2
fixed_t2,7952,11.985050,2
fixed_t2,7953,7.802174,2
fixed_t2,7954,11.210323,2
fixed_t2,7955,7.060019,2
fixed_t2,7956,7.862703,2
fixed_t2,7957,2.925466,2
fixed_t2,7958,5.212777,2
fixed_t2,7959,8.410329,2
fixed_t2,7960,6.188554,2
fixed_t2,7961,5.891371,2
fixed_t2,7962,5.924365,2
fixed_t2,7963,3.972804,2
fixed_t2,7964,4.265406,2
fixed_t2,7965,6.455108,2
fixed_t2,7966,5.947209,2
fixed_t2,7967,5.266591,2
fixed_t2,7968,10.746205,2
fixed_t2,7969,6.699461,2
fixed_t2,7970,5.010894,2
fixed_t2,7971,5.461161,2
fixed_t2,7972,4.895385,2
fixed_t2,7973,10.747966,2
fixed_t2,7974,9.464367,2
fixed_t2,7975,10.585123,2
fixed_t2,7976,9.926294,2
fixed_t2,7977,4.225448,2
fixed_t2,7978,6.737476,2
fixed_t2,7979,4.202260,2
fixed_t2,7980,6.661714,2
fixed_t2,7981,10.274687,2
fixed_t2,7982,5.057615,2
fixed_t2,7983,8.886673,2
fixed_t2,7984,3.770130,2
fixed_t2,7985,16.040796,2
fixed_t2,7986,21.813574,2
fixed_t2,7987,7.603364,2
fixed_t2,7988,7.146712,2
fixed_t2,7989,7.517777,2
fixed_t2,7990,4.189387,2
fixed_t2,7991,6.165999,2
fixed_t2,7992,4.191619,2
fixed_t2,7993,9.028972,2
fixed_t2,7994,4.986519,2
fixed_t2,7995,6.121569,2
fixed_t2,7996,6.291027,2
fixed_t2,7997,7.497228,2
fixed_t2,7998,8.256441,2
fixed_t2,7999,6.280160,2
fixed_t2,8000,4.082222,2
fixed_t2,8001,11.804738,2
fixed_t2,8002,9.405287,2
fixed_t2,8003,6.169363,2
fixed_t2,8004,10.327573,2
fixed_t2,8005,8.391188,2
fixed_t2,8006,8.599024,2
fixed_t2,8007,4.102997,2
fixed_t2,8008,3.899763,2
fixed_t2,8009,10.360629,2
fixed_t2,8010,8.910713,2
fixed_t2,8011,6.799120,2
fixed_t2,8012,7.376691,2
fixed_t2,8013,7.397929,2
fixed_t2,8014,7.822346,2
fixed_t2,8015,7.405043,2
fixed_t2,8016,9.268878,2
fixed_t2,8017,6.412658,2
fixed_t2,8018,9.408650,2
fixed_t2,8019,5.235154,2
fixed_t2,8020,6.587971,2
fixed_t2,8021,9.114889,2
fixed_t2,8022,3.400480,2
fixed_t2,8023,12.889279,2
fixed_t2,8024,9.487507,2
fixed_t2,8025,12.424855,2
fixed_t2,8026,6.205422,2
fixed_t2,8027,7.503112,2
fixed_t2,8028,6.334576,2
fixed_t2,8029,6.587050,2
fixed_t2,8030,15.060607,2
fixed_t2,8031,6.643262,2
fixed_t2,8032,5.402395,2
fixed_t2,8033,5.706859,2
fixed_t2,8034,3.287613,2
fixed_t2,8035,10.198148,2
fixed_t2,8036,2.638232,2
fixed_t2,8037,8.720495,2
fixed_t2,8038,3.441405,2
fixed_t2,8039,5.861977,2
fixed_t2,8040,7.801823,2
fixed_t2,8041,10.095107,2
fixed_t2,8042,7.901464,2
fixed_t2,8043,5.476172,2
fixed_t2,8044,15.513901,2
fixed_t2,8045,17.686674,2
fixed_t2,8046,11.830263,2
fixed_t2,8047,10.603726,2
fixed_t2,8048,6.362695,2
fixed_t2,8049,6.076875,2
fixed_t2,8050,5.407166,2
fixed_t2,8051,5.904113,2
fixed_t2,8052,5.861623,2
fixed_t2,8053,9.457072,2
fixed_t2,8054,4.515090,2
fixed_t2,8055,5.396627,2
fixed_t2,8056,7.175658,2
fixed_t2,8057,5.994414,2
fixed_t2,8058,9.202730,2
fixed_t2,8059,15.734253,2
fixed_t2,8060,2.863004,2
fixed_t2,8061,10.827542,2
fixed_t2,8062,8.927168,2
fixed_t2,8063,2.711349,2
fixed_t2,8064,5.791175,2
fixed_t2,8065,5.276484,2
fixed_t2,8066,5.122466,2
fixed_t2,8067,3.958585,2
fixed_t2,8068,1.890874,2
fixed_t2,8069,7.230997,2
fixed_t2,8070,3.688920,2
fixed_t2,8071,4.150345,2
fixed_t2,8072,8.896179,2
fixed_t2,8073,5.948209,2
fixed_t2,8074,6.199199,2
fixed_t2,8075,9.987257,2
fixed_t2,8076,15.024399,2
fixed_t2,8077,7.043063,2
fixed_t2,8078,6.897966,2
fixed_t2,8079,12.831534,2
fixed_t2,8080,16.225141,2
fixed_t2,8081,3.921291,2
fixed_t2,8082,7.591680,2
fixed_t2,8083,4.688423,2
fixed_t2,8084,12.926407,2
fixed_t2,8085,4.665428,2
fixed_t2,8086,8.263174,2
fixed_t2,8087,7.842593,2
fixed_t2,8088,8.953292,2
fixed_t2,8089,6.029544,2
fixed_t2,8090,10.240496,2
fixed_t2,8091,5.498021,2
fixed_t2,8092,7.857514,2
fixed_t2,8093,6.052062,2
fixed_t2,8094,7.974756,2
fixed_t2,8095,5.165185,2
fixed_t2,8096,19.400149,2
fixed_t2,8097,4.841059,2
fixed_t2,8098,6.598824,2
fixed_t2,8099,5.788774,2
fixed_t2,8100,11.551869,2
fixed_t2,8101,8.481152,2
fixed_t2,8102,4.501505,2
fixed_t2,8103,9.971660,2
fixed_t2,8104,8.038156,2
fixed_t2,8105,8.476260,2
fixed_t2,8106,8.735177,2
fixed_t2,8107,7.447386,2
fixed_t2,8108,6.043736,2
fixed_t2,8109,7.873841,2
fixed_t2,8110,11.637002,2
fixed_t2,8111,16.249043,2
fixed_t2,8112,6.094815,2
fixed_t2,8113,5.345031,2
fixed_t2,8114,4.038867,2
fixed_t2,8115,6.291380,2
fixed_t2,8116,7.264635,2
fixed_t2,8117,10.390101,2
fixed_t2,8118,8.153638,2
fixed_t2,8119,8.967949,2
fixed_t2,8120,3.714922,2
fixed_t2,8121,15.068680,2
fixed_t2,8122,4.350214,2
fixed_t2,8123,15.678497,2
fixed_t2,8124,6.132313,2
fixed_t2,8125,4.712140,2
fixed_t2,8126,7.683459,2
fixed_t2,8127,3.756500,2
fixed_t2,8128,6.555463,2
fixed_t2,8129,10.309583,2
fixed_t2,8130,4.151466,2
fixed_t2,8131,5.380362,2
fixed_t2,8132,6.514192,2
fixed_t2,8133,8.426540,2
fixed_t2,8134,5.465575,2
fixed_t2,8135,4.768731,2
fixed_t2,8136,8.369762,2
fixed_t2,8137,8.553682,2
fixed_t2,8138,23.571365,2
fixed_t2,8139,6.810930,2
fixed_t2,8140,8.031890,2
fixed_t2,8141,4.118653,2
fixed_t2,8142,4.792913,2
fixed_t2,8143,8.827752,2
fixed_t2,8144,5.133012,2
fixed_t2,8145,4.156563,2
fixed_t2,8146,11.652612,2
fixed_t2,8147,10.259248,2
fixed_t2,8148,8.355548,2
fixed_t2,8149,12.761999,2
fixed_t2,8150,4.559909,2
fixed_t2,8151,7.045282,2
fixed_t2,8152,8.189463,2
fixed_t2,8153,4.554319,2
fixed_t2,8154,4.354278,2
fixed_t2,8155,7.794165,2
fixed_t2,8156,15.407428,2
fixed_t2,8157,5.551807,2
fixed_t2,8158,12.648445,2
fixed_t2,8159,5.702975,2
fixed_t2,8160,7.454411,2
fixed_t2,8161,5.054767,2
fixed_t2,8162,5.615700,2
fixed_t2,8163,4.171402,2
fixed_t2,8164,20.361816,2
fixed_t2,8165,5.621243,2
fixed_t2,8166,10.147242,2
fixed_t2,8167,10.154899,2
fixed_t2,8168,3.841138,2
fixed_t2,8169,6.195877,2
fixed_t2,8170,5.532810,2
fixed_t2,8171,9.996735,2
fixed_t2,8172,8.685238,2
fixed_t2,8173,4.310819,2
fixed_t2,8174,5.293200,2
fixed_t2,8175,7.523638,2
fixed_t2,8176,6.126779,2
fixed_t2,8177,3.668332,2
fixed_t2,8178,5.944614,2
fixed_t2,8179,9.592222,2
fixed_t2,8180,4.158529,2
fixed_t2,8181,4.596680,2
fixed_t2,8182,7.880485,2
fixed_t2,8183,4.047697,2
fixed_t2,8184,6.613583,2
fixed_t2,8185,6.828294,2
fixed_t2,8186,5.304481,2
fixed_t2,8187,4.924887,2
fixed_t2,8188,4.022601,2
fixed_t2,8189,4.319018,2
fixed_t2,8190,8.243988,2
fixed_t2,8191,5.044398,2
fixed_t2,8192,14.755529,2
fixed_t2,8193,5.117586,2
fixed_t2,8194,13.221547,2
fixed_t2,8195,2.888433,2
fixed_t2,8196,3.478076,2
fixed_t2,8197,3.708791,2
fixed_t2,8198,10.418227,2
fixed_t2,8199,5.043045,2
fixed_t2,8200,4.953874,2
fixed_t2,8201,6.264728,2
fixed_t2,8202,8.357606,2
fixed_t2,8203,5.726671,2
fixed_t2,8204,6.918078,2
fixed_t2,8205,14.316785,2
fixed_t2,8206,7.836403,2
fixed_t2,8207,4.352919,2
fixed_t2,8208,4.586802,2
fixed_t2,8209,4.155596,2
fixed_t2,8210,9.394302,2
fixed_t2,8211,6.161006,2
fixed_t2,8212,8.302566,2
fixed_t2,8213,14.673508,2
fixed_t2,8214,10.506910,2
fixed_t2,8215,3.764710,2
fixed_t2,8216,10.580760,2
fixed_t2,8217,9.425797,2
fixed_t2,8218,4.706152,2
fixed_t2,8219,6.327663,2
fixed_t2,8220,8.996701,2
fixed_t2,8221,5.763733,2
fixed_t2,8222,4.822026,2
fixed_t2,8223,10.692607,2
fixed_t2,8224,6.881001,2
fixed_t2,8225,5.156800,2
fixed_t2,8226,8.656162,2
fixed_t2,8227,6.562537,2
fixed_t2,8228,16.303785,2
fixed_t2,8229,3.922031,2
fixed_t2,8230,3.985925,2
fixed_t2,8231,6.692336,2
fixed_t2,8232,3.110220,2
fixed_t2,8233,9.436207,2
fixed_t2,8234,10.175469,2
fixed_t2,8235,4.720520,2
fixed_t2,8236,8.648814,2
fixed_t2,8237,3.556370,2
fixed_t2,8238,7.270280,2
fixed_t2,8239,8.791984,2
fixed_t2,8240,4.364172,2
fixed_t2,8241,5.867915,2
fixed_t2,8242,3.881984,2
fixed_t2,8243,2.249773,2
fixed_t2,8244,5.585130,2
fixed_t2,8245,5.198852,2
fixed_t2,8246,4.062384,2
fixed_t2,8247,6.156710,2
fixed_t2,8248,12.227384,2
fixed_t2,8249,5.669043,2
fixed_t2,8250,10.386886,2
fixed_t2,8251,5.872729,2
fixed_t2,8252,4.748514,2
fixed_t2,8253,6.079015,2
fixed_t2,8254,4.220090,2
fixed_t2,8255,5.332462,2
fixed_t2,8256,4.637523,2
fixed_t2,8257,5.190930,2
fixed_t2,8258,5.413040,2
fixed_t2,8259,7.692468,2
fixed_t2,8260,11.326638,2
fixed_t2,8261,8.841625,2
fixed_t2,8262,12.665681,2
fixed_t2,8263,4.298463,2
fixed_t2,8264,7.241801,2
fixed_t2,8265,4.260724,2
fixed_t2,8266,7.604382,2
fixed_t2,8267,5.212741,2
fixed_t2,8268,6.497798,2
fixed_t2,8269,11.395030,2
fixed_t2,8270,10.333762,2
fixed_t2,8271,7.845890,2
fixed_t2,8272,6.386154,2
fixed_t2,8273,7.395650,2
fixed_t2,8274,5.755488,2
fixed_t2,8275,11.685472,2
fixed_t2,8276,7.205824,2
fixed_t2,8277,8.549330,2
fixed_t2,8278,5.636657,2
fixed_t2,8279,7.296543,2
fixed_t2,8280,13.702361,2
fixed_t2,8281,7.010259,2
fixed_t2,8282,6.027942,2
fixed_t2,8283,7.810358,2
fixed_t2,8284,5.310610,2
fixed_t2,8285,4.941472,2
fixed_t2,8286,4.357339,2
fixed_t2,8287,5.092026,2
fixed_t2,8288,8.379845,2
fixed_t2,8289,15.185950,2
fixed_t2,8290,8.188202,2
fixed_t2,8291,3.415214,2
fixed_t2,8292,5.993137,2
fixed_t2,8293,7.293657,2
fixed_t2,8294,10.025917,2
fixed_t2,8295,7.023045,2
fixed_t2,8296,2.872896,2
fixed_t2,8297,4.595050,2
fixed_t2,8298,5.135633,2
fixed_t2,8299,7.155891,2
fixed_t2,8300,4.501446,2
fixed_t2,8301,2.593713,2
fixed_t2,8302,14.147938,2
fixed_t2,8303,9.614406,2
fixed_t2,8304,8.030074,2
fixed_t2,8305,6.731627,2
fixed_t2,8306,3.498657,2
fixed_t2,8307,6.726446,2
fixed_t2,8308,7.629580,2
fixed_t2,8309,6.898558,2
fixed_t2,8310,5.797774,2
fixed_t2,8311,11.587036,2
fixed_t2,8312,3.770944,2
fixed_t2,8313,9.494120,2
fixed_t2,8314,5.173068,2
fixed_t2,8315,20.343776,2
fixed_t2,8316,10.716138,2
fixed_t2,8317,8.610030,2
fixed_t2,8318,4.453166,2
fixed_t2,8319,6.766994,2
fixed_t2,8320,6.090639,2
fixed_t2,8321,10.609137,2
fixed_t2,8322,5.786342,2
fixed_t2,8323,5.726592,2
fixed_t2,8324,8.489312,2
fixed_t2,8325,10.566841,2
fixed_t2,8326,7.467182,2
fixed_t2,8327,7.426375,2
fixed_t2,8328,8.098560,2
fixed_t2,8329,6.684833,2
fixed_t2,8330,8.942998,2
fixed_t2,8331,8.678007,2
fixed_t2,8332,4.626656,2
fixed_t2,8333,5.212849,2
fixed_t2,8334,5.626476,2
fixed_t2,8335,8.643949,2
fixed_t2,8336,8.776479,2
fixed_t2,8337,4.953670,2
fixed_t2,8338,4.291013,2
fixed_t2,8339,7.475032,2
fixed_t2,8340,4.727988,2
fixed_t2,8341,14.003838,2
fixed_t2,8342,5.584884,2
fixed_t2,8343,8.261797,2
fixed_t2,8344,5.206291,2
fixed_t2,8345,5.139576,2
fixed_t2,8346,7.957855,2
fixed_t2,8347,5.795336,2
fixed_t2,8348,8.011129,2
fixed_t2,8349,8.937112,2
fixed_t2,8350,5.235754,2
fixed_t2,8351,6.237813,2
fixed_t2,8352,11.645853,2
fixed_t2,8353,6.968952,2
fixed_t2,8354,11.110481,2
fixed_t2,8355,4.661197,2
fixed_t2,8356,3.133735,2
fixed_t2,8357,7.657164,2
fixed_t2,8358,15.954223,2
fixed_t2,8359,11.785197,2
fixed_t2,8360,6.389484,2
fixed_t2,8361,7.087938,2
fixed_t2,8362,6.476883,2
fixed_t2,8363,4.333604,2
fixed_t2,8364,12.014732,2
fixed_t2,8365,6.307393,2
fixed_t2,8366,10.039378,2
fixed_t2,8367,14.120898,2
fixed_t2,8368,9.164940,2
fixed_t2,8369,8.602983,2
fixed_t2,8370,6.846995,2
fixed_t2,8371,8.490469,2
fixed_t2,8372,9.478041,2
fixed_t2,8373,4.936385,2
fixed_t2,8374,4.851726,2
fixed_t2,8375,4.294327,2
fixed_t2,8376,8.004651,2
fixed_t2,8377,3.401506,2
fixed_t2,8378,5.308222,2
fixed_t2,8379,15.297170,2
fixed_t2,8380,8.892392,2
fixed_t2,8381,6.116348,2
fixed_t2,8382,6.493701,2
fixed_t2,8383,4.526161,2
fixed_t2,8384,5.966439,2
fixed_t2,8385,5.044512,2
fixed_t2,8386,7.230379,2
fixed_t2,8387,4.956238,2
fixed_t2,8388,5.869946,2
fixed_t2,8389,8.216276,2
fixed_t2,8390,13.670952,2
fixed_t2,8391,20.727607,2
fixed_t2,8392,8.399699,2
fixed_t2,8393,6.442549,2
fixed_t2,8394,6.610343,2
fixed_t2,8395,6.331669,2
fixed_t2,8396,10.238990,2
fixed_t2,8397,6.088432,2
fixed_t2,8398,7.629712,2
fixed_t2,8399,17.432437,2
fixed_t2,8400,6.277946,2
fixed_t2,8401,7.860955,2
fixed_t2,8402,5.951286,2
fixed_t2,8403,9.768506,2
fixed_t2,8404,7.528281,2
fixed_t2,8405,9.732559,2
fixed_t2,8406,7.825489,2
fixed_t2,8407,4.840630,2
fixed_t2,8408,5.787185,2
fixed_t2,8409,4.797084,2
fixed_t2,8410,6.217427,2
fixed_t2,8411,7.890363,2
fixed_t2,8412,9.081619,2
fixed_t2,8413,2.778241,2
fixed_t2,8414,5.311277,2
fixed_t2,8415,4.575388,2
fixed_t2,8416,2.591109,2
fixed_t2,8417,7.674890,2
fixed_t2,8418,7.948379,2
fixed_t2,8419,4.645011,2
fixed_t2,8420,9.167682,2
fixed_t2,8421,4.105339,2
fixed_t2,8422,7.936435,2
fixed_t2,8423,8.729349,2
fixed_t2,8424,12.879502,2
fixed_t2,8425,5.156117,2
fixed_t2,8426,8.860794,2
fixed_t2,8427,5.114963,2
fixed_t2,8428,6.191496,2
fixed_t2,8429,7.499183,2
fixed_t2,8430,6.606258,2
fixed_t2,8431,4.714506,2
fixed_t2,8432,9.654031,2
fixed_t2,8433,9.214807,2
fixed_t2,8434,8.847185,2
fixed_t2,8435,6.768961,2
fixed_t2,8436,5.158295,2
fixed_t2,8437,6.761142,2
fixed_t2,8438,11.749096,2
fixed_t2,8439,7.286189,2
fixed_t2,8440,7.506259,2
fixed_t2,8441,11.294587,2
fixed_t2,8442,5.309959,2
fixed_t2,8443,4.276201,2
fixed_t2,8444,4.697620,2
fixed_t2,8445,7.538483,2
fixed_t2,8446,3.757267,2
fixed_t2,8447,6.618970,2
fixed_t2,8448,6.264695,2
fixed_t2,8449,10.365109,2
fixed_t2,8450,9.905692,2
fixed_t2,8451,3.851060,2
fixed_t2,8452,10.973740,2
fixed_t2,8453,11.825582,2
fixed_t2,8454,7.147674,2
fixed_t2,8455,4.192418,2
fixed_t2,8456,14.868721,2
fixed_t2,8457,6.431857,2
fixed_t2,8458,6.363032,2
fixed_t2,8459,6.608507,2
fixed_t2,8460,8.770286,2
fixed_t2,8461,9.911600,2
fixed_t2,8462,5.272289,2
fixed_t2,8463,6.133557,2
fixed_t2,8464,15.021280,2
fixed_t2,8465,6.296204,2
fixed_t2,8466,4.361146,2
fixed_t2,8467,8.759748,2
fixed_t2,8468,7.521839,2
fixed_t2,8469,7.556880,2
fixed_t2,8470,5.880891,2
fixed_t2,8471,5.479115,2
fixed_t2,8472,6.029507,2
fixed_t2,8473,5.390568,2
fixed_t2,8474,5.366734,2
fixed_t2,8475,9.438227,2
fixed_t2,8476,4.631170,2
fixed_t2,8477,4.712044,2
fixed_t2,8478,7.123122,2
fixed_t2,8479,6.903853,2
fixed_t2,8480,5.906967,2
fixed_t2,8481,10.799800,2
fixed_t2,8482,12.114902,2
fixed_t2,8483,11.528619,2
fixed_t2,8484,9.250792,2
fixed_t2,8485,6.481004,2
fixed_t2,8486,7.927275,2
fixed_t2,8487,5.998066,2
fixed_t2,8488,7.097246,2
fixed_t2,8489,22.614554,2
fixed_t2,8490,7.665361,2
fixed_t2,8491,2.698868,2
fixed_t2,8492,9.526242,2
fixed_t2,8493,6.141788,2
fixed_t2,8494,7.317443,2
fixed_t2,8495,5.762332,2
fixed_t2,8496,6.514721,2
fixed_t2,8497,10.180185,2
fixed_t2,8498,7.137594,2
fixed_t2,8499,12.621585,2
fixed_t2,8500,9.733160,2
fixed_t2,8501,4.183139,2
fixed_t2,8502,7.432476,2
fixed_t2,8503,5.173689,2
fixed_t2,8504,11.634326,2
fixed_t2,8505,5.424559,2
fixed_t2,8506,4.494576,2
fixed_t2,8507,6.507049,2
fixed_t2,8508,5.824268,2
fixed_t2,8509,4.524548,2
fixed_t2,8510,8.767771,2
fixed_t2,8511,6.897600,2
fixed_t2,8512,3.040176,2
fixed_t2,8513,4.596921,2
fixed_t2,8514,4.751644,2
fixed_t2,8515,3.466584,2
fixed_t2,8516,4.858631,2
fixed_t2,8517,5.241567,2
fixed_t2,8518,4.453157,2
fixed_t2,8519,5.549817,2
fixed_t2,8520,26.028623,2
fixed_t2,8521,4.762894,2
fixed_t2,8522,5.738562,2
fixed_t2,8523,5.474459,2
fixed_t2,8524,7.094536,2
fixed_t2,8525,5.801032,2
fixed_t2,8526,5.015911,2
fixed_t2,8527,9.541594,2
fixed_t2,8528,11.000631,2
fixed_t2,8529,6.557851,2
fixed_t2,8530,14.237565,2
fixed_t2,8531,4.830054,2
fixed_t2,8532,6.447161,2
fixed_t2,8533,9.233827,2
fixed_t2,8534,10.746552,2
fixed_t2,8535,4.995339,2
fixed_t2,8536,4.180110,2
fixed_t2,8537,7.229149,2
fixed_t2,8538,8.238669,2
fixed_t2,8539,4.822958,2
fixed_t2,8540,4.737961,2
fixed_t2,8541,6.370617,2
fixed_t2,8542,7.689340,2
fixed_t2,8543,3.441735,2
fixed_t2,8544,10.142786,2
fixed_t2,8545,8.883484,2
fixed_t2,8546,6.981157,2
fixed_t2,8547,10.737192,2
fixed_t2,8548,4.673076,2
fixed_t2,8549,4.353144,2
fixed_t2,8550,8.428546,2
fixed_t2,8551,8.689143,2
fixed_t2,8552,6.084973,2
fixed_t2,8553,7.482730,2
fixed_t2,8554,5.808538,2
fixed_t2,8555,5.645345,2
fixed_t2,8556,9.565230,2
fixed_t2,8557,8.650799,2
fixed_t2,8558,9.579650,2
fixed_t2,8559,5.409939,2
fixed_t2,8560,4.097232,2
fixed_t2,8561,5.143456,2
fixed_t2,8562,7.106967,2
fixed_t2,8563,4.117068,2
fixed_t2,8564,3.164546,2
fixed_t2,8565,7.948612,2
fixed_t2,8566,8.381787,2
fixed_t2,8567,10.064043,2
fixed_t2,8568,8.923109,2
fixed_t2,8569,8.022009,2
fixed_t2,8570,4.509469,2
fixed_t2,8571,6.701174,2
fixed_t2,8572,6.651009,2
fixed_t2,8573,6.096396,2
fixed_t2,8574,4.807720,2
fixed_t2,8575,2.963791,2
fixed_t2,8576,10.844211,2
fixed_t2,8577,8.170638,2
fixed_t2,8578,6.244340,2
fixed_t2,8579,8.001757,2
fixed_t2,8580,4.781204,2
fixed_t2,8581,8.742564,2
fixed_t2,8582,5.851483,2
fixed_t2,8583,7.763658,2
fixed_t2,8584,16.251379,2
fixed_t2,8585,9.671315,2
fixed_t2,8586,3.277740,2
fixed_t2,8587,5.994617,2
fixed_t2,8588,5.408849,2
fixed_t2,8589,5.135129,2
fixed_t2,8590,8.935589,2
fixed_t2,8591,6.547562,2
fixed_t2,8592,7.000215,2
fixed_t2,8593,4.522493,2
fixed_t2,8594,14.336440,2
fixed_t2,8595,7.093979,2
fixed_t2,8596,8.207823,2
fixed_t2,8597,8.002944,2
fixed_t2,8598,5.653697,2
fixed_t2,8599,4.967645,2
fixed_t2,8600,7.109348,2
fixed_t2,8601,5.005914,2
fixed_t2,8602,8.714807,2
fixed_t2,8603,4.340971,2
fixed_t2,8604,13.501781,2
fixed_t2,8605,12.061736,2
fixed_t2,8606,5.285079,2
fixed_t2,8607,7.069689,2
fixed_t2,8608,4.936612,2
fixed_t2,8609,4.966989,2
fixed_t2,8610,8.821408,2
fixed_t2,8611,8.816241,2
fixed_t2,8612,8.665541,2
fixed_t2,8613,6.171771,2
fixed_t2,8614,6.205943,2
fixed_t2,8615,3.753191,2
fixed_t2,8616,15.249217,2
fixed_t2,8617,5.058923,2
fixed_t2,8618,6.186371,2
fixed_t2,8619,5.008418,2
fixed_t2,8620,7.554638,2
fixed_t2,8621,8.373895,2
fixed_t2,8622,6.517138,2
fixed_t2,8623,6.104528,2
fixed_t2,8624,5.852060,2
fixed_t2,8625,4.885340,2
fixed_t2,8626,5.086290,2
fixed_t2,8627,7.926211,2
fixed_t2,8628,4.431008,2
fixed_t2,8629,7.246401,2
fixed_t2,8630,3.284144,2
fixed_t2,8631,6.820152,2
fixed_t2,8632,9.168417,2
fixed_t2,8633,7.026769,2
fixed_t2,8634,5.590994,2
fixed_t2,8635,3.845517,2
fixed_t2,8636,9.214082,2
fixed_t2,8637,6.222825,2
fixed_t2,8638,8.993001,2
fixed_t2,8639,4.295597,2
fixed_t2,8640,7.370689,2
fixed_t2,8641,14.928987,2
fixed_t2,8642,4.921962,2
fixed_t2,8643,16.372365,2
fixed_t2,8644,3.916551,2
fixed_t2,8645,4.185908,2
fixed_t2,8646,8.890816,2
fixed_t2,8647,7.831758,2
fixed_t2,8648,5.614450,2
fixed_t2,8649,14.535718,2
fixed_t2,8650,4.086197,2
fixed_t2,8651,5.710550,2
fixed_t2,8652,9.777047,2
fixed_t2,8653,2.572893,2
fixed_t2,8654,12.944316,2
fixed_t2,8655,6.363951,2
fixed_t2,8656,10.158007,2
fixed_t2,8657,8.921127,2
fixed_t2,8658,5.111794,2
fixed_t2,8659,6.318171,2
fixed_t2,8660,10.270079,2
fixed_t2,8661,6.346177,2
fixed_t2,8662,3.850642,2
fixed_t2,8663,4.105637,2
fixed_t2,8664,4.997515,2
fixed_t2,8665,7.348809,2
fixed_t2,8666,13.482355,2
fixed_t2,8667,14.115742,2
fixed_t2,8668,10.736006,2
fixed_t2,8669,7.266077,2
fixed_t2,8670,5.425534,2
fixed_t2,8671,4.482502,2
fixed_t2,8672,8.105042,2
fixed_t2,8673,4.736007,2
fixed_t2,8674,4.433679,2
fixed_t2,8675,10.229120,2
fixed_t2,8676,7.305890,2
fixed_t2,8677,13.940073,2
fixed_t2,8678,8.250785,2
fixed_t2,8679,13.118053,2
fixed_t2,8680,7.551520,2
fixed_t2,8681,5.448786,2
fixed_t2,8682,6.239375,2
fixed_t2,8683,12.965190,2
fixed_t2,8684,5.856201,2
fixed_t2,8685,7.380236,2
fixed_t2,8686,5.420703,2
fixed_t2,8687,4.842868,2
fixed_t2,8688,5.332971,2
fixed_t2,8689,13.909102,2
fixed_t2,8690,4.897365,2
fixed_t2,8691,6.622519,2
fixed_t2,8692,7.621658,2
fixed_t2,8693,6.361157,2
fixed_t2,8694,7.823552,2
fixed_t2,8695,3.080792,2
fixed_t2,8696,4.499150,2
fixed_t2,8697,6.733759,2
fixed_t2,8698,7.752048,2
fixed_t2,8699,6.571409,2
fixed_t2,8700,3.165485,2
fixed_t2,8701,6.840233,2
fixed_t2,8702,6.728594,2
fixed_t2,8703,6.803636,2
fixed_t2,8704,10.457807,2
fixed_t2,8705,13.107510,2
fixed_t2,8706,10.969774,2
fixed_t2,8707,7.637552,2
fixed_t2,8708,7.137781,2
fixed_t2,8709,4.944643,2
fixed_t2,8710,4.858342,2
fixed_t2,8711,4.625487,2
fixed_t2,8712,7.595598,2
fixed_t2,8713,4.039017,2
fixed_t2,8714,2.737757,2
fixed_t2,8715,5.038407,2
fixed_t2,8716,16.317255,2
fixed_t2,8717,5.382850,2
fixed_t2,8718,4.842588,2
fixed_t2,8719,6.757298,2
fixed_t2,8720,4.201075,2
fixed_t2,8721,3.112503,2
fixed_t2,8722,5.313953,2
fixed_t2,8723,6.127726,2
fixed_t2,8724,8.838366,2
fixed_t2,8725,5.468636,2
fixed_t2,8726,10.356239,2
fixed_t2,8727,8.551009,2
fixed_t2,8728,3.975156,2
fixed_t2,8729,4.627643,2
fixed_t2,8730,7.267716,2
fixed_t2,8731,4.827015,2
fixed_t2,8732,10.068459,2
fixed_t2,8733,2.721915,2
fixed_t2,8734,7.432370,2
fixed_t2,8735,7.891108,2
fixed_t2,8736,5.164491,2
fixed_t2,8737,6.506722,2
fixed_t2,8738,9.300199,2
fixed_t2,8739,10.490987,2
fixed_t2,8740,12.614980,2
fixed_t2,8741,9.566880,2
fixed_t2,8742,14.036907,2
fixed_t2,8743,11.890377,2
fixed_t2,8744,8.067262,2
fixed_t2,8745,12.149261,2
fixed_t2,8746,11.484562,2
fixed_t2,8747,2.818334,2
fixed_t2,8748,16.935664,2
fixed_t2,8749,8.895241,2
fixed_t2,8750,7.361759,2
fixed_t2,8751,8.489580,2
fixed_t2,8752,3.283327,2
fixed_t2,8753,5.559351,2
fixed_t2,8754,5.405409,2
fixed_t2,8755,8.702032,2
fixed_t2,8756,6.057956,2
fixed_t2,8757,4.605542,2
fixed_t2,8758,4.894671,2
fixed_t2,8759,9.958744,2
fixed_t2,8760,3.620297,2
fixed_t2,8761,4.023466,2
fixed_t2,8762,8.035186,2
fixed_t2,8763,3.596089,2
fixed_t2,8764,3.829800,2
fixed_t2,8765,7.303531,2
fixed_t2,8766,8.322590,2
fixed_t2,8767,7.978542,2
fixed_t2,8768,3.225632,2
fixed_t2,8769,6.356428,2
fixed_t2,8770,6.495008,2
fixed_t2,8771,8.342001,2
fixed_t2,8772,4.321111,2
fixed_t2,8773,2.916583,2
fixed_t2,8774,4.103319,2
fixed_t2,8775,3.849630,2
fixed_t2,8776,5.205365,2
fixed_t2,8777,2.755186,2
fixed_t2,8778,9.342734,2
fixed_t2,8779,7.362275,2
fixed_t2,8780,7.346671,2
fixed_t2,8781,5.417227,2
fixed_t2,8782,16.138866,2
fixed_t2,8783,5.715448,2
fixed_t2,8784,4.687284,2
fixed_t2,8785,6.133839,2
fixed_t2,8786,9.189037,2
fixed_t2,8787,4.251304,2
fixed_t2,8788,5.286641,2
fixed_t2,8789,22.551013,2
fixed_t2,8790,12.338415,2
fixed_t2,8791,8.118425,2
fixed_t2,8792,15.229456,2
fixed_t2,8793,11.542388,2
fixed_t2,8794,27.033866,2
fixed_t2,8795,3.443387,2
fixed_t2,8796,7.278063,2
fixed_t2,8797,6.721141,2
fixed_t2,8798,8.376534,2
fixed_t2,8799,5.952199,2
fixed_t2,8800,10.991309,2
fixed_t2,8801,10.172657,2
fixed_t2,8802,6.555767,2
fixed_t2,8803,10.490195,2
fixed_t2,8804,4.401746,2
fixed_t2,8805,7.643043,2
fixed_t2,8806,6.705433,2
fixed_t2,8807,9.504405,2
fixed_t2,8808,5.515743,2
fixed_t2,8809,3.477722,2
fixed_t2,8810,14.008074,2
fixed_t2,8811,7.966625,2
fixed_t2,8812,4.235019,2
fixed_t2,8813,9.986439,2
fixed_t2,8814,7.015758,2
fixed_t2,8815,8.345422,2
fixed_t2,8816,6.449891,2
fixed_t2,8817,8.999191,2
fixed_t2,8818,8.314665,2
fixed_t2,8819,9.325740,2
fixed_t2,8820,8.747797,2
fixed_t2,8821,8.990631,2
fixed_t2,8822,5.245821,2
fixed_t2,8823,5.591123,2
fixed_t2,8824,11.505282,2
fixed_t2,8825,3.897258,2
fixed_t2,8826,9.875765,2
fixed_t2,8827,5.710337,2
fixed_t2,8828,9.073430,2
fixed_t2,8829,4.449670,2
fixed_t2,8830,6.214244,2
fixed_t2,8831,7.850629,2
fixed_t2,8832,5.623230,2
fixed_t2,8833,5.117686,2
fixed_t2,8834,3.458438,2
fixed_t2,8835,5.156492,2
fixed_t2,8836,7.421690,2
fixed_t2,8837,15.264874,2
fixed_t2,8838,11.850149,2
fixed_t2,8839,10.955575,2
fixed_t2,8840,4.782373,2
fixed_t2,8841,12.557757,2
fixed_t2,8842,20.181874,2
fixed_t2,8843,7.122069,2
fixed_t2,8844,4.359637,2
fixed_t2,8845,5.175999,2
fixed_t2,8846,13.285240,2
fixed_t2,8847,7.959154,2
fixed_t2,8848,9.256454,2
fixed_t2,8849,8.634205,2
fixed_t2,8850,6.099508,2
fixed_t2,8851,8.868827,2
fixed_t2,8852,3.954383,2
fixed_t2,8853,6.444453,2
fixed_t2,8854,6.320737,2
fixed_t2,8855,6.218219,2
fixed_t2,8856,14.557123,2
fixed_t2,8857,5.135340,2
fixed_t2,8858,4.405707,2
fixed_t2,8859,9.159855,2
fixed_t2,8860,4.765115,2
fixed_t2,8861,8.016121,2
fixed_t2,8862,11.262803,2
fixed_t2,8863,8.737941,2
fixed_t2,8864,4.147971,2
fixed_t2,8865,7.958443,2
fixed_t2,8866,5.796307,2
fixed_t2,8867,11.327773,2
fixed_t2,8868,5.110687,2
fixed_t2,8869,7.564636,2
fixed_t2,8870,5.951163,2
fixed_t2,8871,6.236774,2
fixed_t2,8872,10.402064,2
fixed_t2,8873,5.244170,2
fixed_t2,8874,9.036967,2
fixed_t2,8875,5.112517,2
fixed_t2,8876,4.848447,2
fixed_t2,8877,11.921803,2
fixed_t2,8878,8.744909,2
fixed_t2,8879,3.777906,2
fixed_t2,8880,7.567278,2
fixed_t2,8881,12.337554,2
fixed_t2,8882,15.200684,2
fixed_t2,8883,5.863609,2
fixed_t2,8884,4.556373,2
fixed_t2,8885,4.679407,2
fixed_t2,8886,3.291985,2
fixed_t2,8887,3.540784,2
fixed_t2,8888,8.989412,2
fixed_t2,8889,10.254893,2
fixed_t2,8890,6.391571,2
fixed_t2,8891,11.627189,2
fixed_t2,8892,9.063534,2
fixed_t2,8893,8.020145,2
fixed_t2,8894,5.590064,2
fixed_t2,8895,4.152399,2
fixed_t2,8896,7.675194,2
fixed_t2,8897,7.083777,2
fixed_t2,8898,10.132954,2
fixed_t2,8899,3.223157,2
fixed_t2,8900,10.862361,2
fixed_t2,8901,9.008429,2
fixed_t2,8902,8.744543,2
fixed_t2,8903,3.085976,2
fixed_t2,8904,2.747076,2
fixed_t2,8905,5.287894,2
fixed_t2,8906,4.421286,2
fixed_t2,8907,4.559227,2
fixed_t2,8908,12.308696,2
fixed_t2,8909,5.897174,2
fixed_t2,8910,6.274417,2
fixed_t2,8911,4.386248,2
fixed_t2,8912,7.353314,2
fixed_t2,8913,11.268708,2
fixed_t2,8914,8.045878,2
fixed_t2,8915,9.929353,2
fixed_t2,8916,10.677779,2
fixed_t2,8917,8.790866,2
fixed_t2,8918,8.997453,2
fixed_t2,8919,9.202148,2
fixed_t2,8920,3.141358,2
fixed_t2,8921,6.030479,2
fixed_t2,8922,6.660280,2
fixed_t2,8923,8.824127,2
fixed_t2,8924,10.349628,2
fixed_t2,8925,5.698211,2
fixed_t2,8926,7.101378,2
fixed_t2,8927,5.620483,2
fixed_t2,8928,4.211280,2
fixed_t2,8929,5.937402,2
fixed_t2,8930,5.129839,2
fixed_t2,8931,4.177178,2
fixed_t2,8932,11.570061,2
fixed_t2,8933,6.192167,2
fixed_t2,8934,4.956814,2
fixed_t2,8935,4.965507,2
fixed_t2,8936,6.177119,2
fixed_t2,8937,5.756848,2
fixed_t2,8938,6.410140,2
fixed_t2,8939,7.351138,2
fixed_t2,8940,4.169068,2
fixed_t2,8941,3.728544,2
fixed_t2,8942,8.306509,2
fixed_t2,8943,8.128927,2
fixed_t2,8944,8.576685,2
fixed_t2,8945,3.838393,2
fixed_t2,8946,8.446098,2
fixed_t2,8947,4.906230,2
fixed_t2,8948,8.463391,2
fixed_t2,8949,5.944748,2
fixed_t2,8950,4.017305,2
fixed_t2,8951,3.821478,2
fixed_t2,8952,7.559520,2
fixed_t2,8953,6.149147,2
fixed_t2,8954,2.518826,2
fixed_t2,8955,5.947537,2
fixed_t2,8956,7.890144,2
fixed_t2,8957,8.117329,2
fixed_t2,8958,5.940101,2
fixed_t2,8959,5.565748,2
fixed_t2,8960,6.050861,2
fixed_t2,8961,5.798341,2
fixed_t2,8962,10.422269,2
fixed_t2,8963,8.069341,2
fixed_t2,8964,3.694337,2
fixed_t2,8965,3.424124,2
fixed_t2,8966,5.485003,2
fixed_t2,8967,6.563127,2
fixed_t2,8968,4.358953,2
fixed_t2,8969,4.213405,2
fixed_t2,8970,5.385829,2
fixed_t2,8971,4.103808,2
fixed_t2,8972,3.883212,2
fixed_t2,8973,3.154199,2
fixed_t2,8974,5.800137,2
fixed_t2,8975,8.098468,2
fixed_t2,8976,3.964106,2
fixed_t2,8977,5.328453,2
fixed_t2,8978,4.262354,2
fixed_t2,8979,12.511922,2
fixed_t2,8980,10.039248,2
fixed_t2,8981,8.014605,2
fixed_t2,8982,4.879317,2
fixed_t2,8983,6.819674,2
fixed_t2,8984,11.560103,2
fixed_t2,8985,6.800759,2
fixed_t2,8986,7.168264,2
fixed_t2,8987,2.364218,2
fixed_t2,8988,9.184002,2
fixed_t2,8989,6.029140,2
fixed_t2,8990,7.658896,2
fixed_t2,8991,9.693327,2
fixed_t2,8992,6.799410,2
fixed_t2,8993,2.502921,2
fixed_t2,8994,4.135830,2
fixed_t2,8995,6.839079,2
fixed_t2,8996,4.766623,2
fixed_t2,8997,7.205089,2
fixed_t2,8998,17.610306,2
fixed_t2,8999,12.972954,2
caai,0,7.979946,1
caai,1,7.810676,1
caai,2,6.207553,1
caai,3,4.800698,1
caai,4,9.016670,1
caai,5,6.946735,1
caai,6,7.164173,1
caai,7,11.681839,1
caai,8,6.944119,1
caai,9,9.127276,1
caai,10,4.062076,1
caai,11,4.768451,1
caai,12,16.562555,1
caai,13,4.701439,1
caai,14,8.328702,1
caai,15,3.807849,1
caai,16,23.291190,1
caai,17,5.075181,1
caai,18,9.127696,1
caai,19,4.006308,1
caai,20,7.731181,1
caai,21,4.320484,1
caai,22,5.919662,1
caai,23,2.922794,1
caai,24,11.865947,1
caai,25,6.738393,1
caai,26,11.696666,1
caai,27,5.732781,1
caai,28,8.538985,1
caai,29,12.945380,1
caai,30,5.524334,1
caai,31,7.981053,1
caai,32,4.813276,1
caai,33,4.962306,1
caai,34,8.557762,1
caai,35,6.764039,1
caai,36,8.179558,1
caai,37,11.634718,1
caai,38,13.424110,1
caai,39,4.252049,1
caai,40,9.165355,1
caai,41,12.373356,1
caai,42,6.009958,1
caai,43,4.914124,1
caai,44,27.647091,1
caai,45,6.730656,1
caai,46,5.457150,1
caai,47,4.726342,1
caai,48,5.389589,1
caai,49,11.603531,1
caai,50,11.900506,1
caai,51,6.854677,1
caai,52,13.352806,1
caai,53,12.142509,1
caai,54,6.896648,1
caai,55,4.629306,1
caai,56,7.176307,1
caai,57,30.384941,1
caai,58,6.657715,1
caai,59,11.014654,1
caai,60,4.245912,1
caai,61,7.184618,1
caai,62,9.511655,1
caai,63,14.860414,1
caai,64,8.951275,1
caai,65,6.335049,1
caai,66,6.476858,1
caai,67,14.303524,1
caai,68,17.243077,1
caai,69,8.797006,1
caai,70,11.698881,1
caai,71,15.036885,1
caai,72,11.729492,1
caai,73,4.215565,1
caai,74,5.064412,1
caai,75,9.578997,1
caai,76,5.357855,1
caai,77,5.189915,1
caai,78,5.297250,1
caai,79,7.400849,1
caai,80,10.856428,1
caai,81,6.784516,1
caai,82,3.476235,1
caai,83,15.703315,1
caai,84,5.070299,1
caai,85,6.810047,1
caai,86,5.416658,1
caai,87,11.652093,1
caai,88,9.562822,1
caai,89,5.385842,1
caai,90,10.002336,1
caai,91,6.354400,1
caai,92,3.831662,1
caai,93,10.122392,1
caai,94,17.050550,1
caai,95,3.608241,1
caai,96,7.793608,1
caai,97,9.368330,1
caai,98,10.431433,1
caai,99,5.612844,1
caai,100,7.849828,1
caai,101,7.969669,1
caai,102,8.705366,1
caai,103,7.734842,1
caai,104,14.958847,1
caai,105,4.409813,1
caai,106,9.080310,1
caai,107,5.371766,1
caai,108,6.093042,1
caai,109,8.378062,1
caai,110,6.283581,1
caai,111,6.632474,1
caai,112,7.545014,1
caai,113,10.688350,1
caai,114,12.956394,1
caai,115,6.893834,1
caai,116,5.913748,1
caai,117,9.446277,1
caai,118,8.298955,1
caai,119,19.177634,1
caai,120,4.526558,2
caai,121,13.933718,2
caai,122,7.809564,2
caai,123,7.752766,2
caai,124,18.457945,2
caai,125,15.353324,2
caai,126,6.032841,2
caai,127,16.542820,2
caai,128,10.137802,2
caai,129,7.362297,2
caai,130,8.656162,2
caai,131,5.094937,2
caai,132,6.058280,2
caai,133,7.233298,2
caai,134,5.331261,2
caai,135,3.990322,2
caai,136,6.297719,2
caai,137,10.111725,2
caai,138,7.857544,2
caai,139,15.029336,2
caai,140,11.421972,2
caai,141,3.194825,2
caai,142,17.981985,2
caai,143,4.107970,2
caai,144,7.410220,2
caai,145,13.158112,2
caai,146,4.089320,2
caai,147,8.226022,2
caai,148,6.003921,2
caai,149,8.564474,2
caai,150,5.234698,2
caai,151,10.093546,2
caai,152,7.941541,2
caai,153,6.431436,2
caai,154,5.321748,2
caai,155,2.324854,2
caai,156,12.078258,2
caai,157,5.797201,2
caai,158,4.058421,2
caai,159,5.030544,2
caai,160,7.880772,2
caai,161,6.990306,2
caai,162,7.098958,2
caai,163,6.986268,2
caai,164,3.956195,2
caai,165,6.787993,2
caai,166,4.294292,2
caai,167,5.002552,2
caai,168,6.565117,2
caai,169,8.157363,2
caai,170,7.945074,2
caai,171,5.762612,2
caai,172,5.816867,2
caai,173,5.323958,2
caai,174,5.025662,2
caai,175,11.943316,2
caai,176,7.536523,2
caai,177,9.331296,2
caai,178,10.351665,2
caai,179,11.295290,2
caai,180,8.337108,1
caai,181,4.707423,1
caai,182,7.203288,1
caai,183,4.728833,1
caai,184,6.632108,1
caai,185,4.637582,1
caai,186,13.154799,1
caai,187,6.645648,1
caai,188,4.893377,1
caai,189,6.141486,1
caai,190,9.557440,1
caai,191,7.190496,1
caai,192,9.805250,1
caai,193,5.649562,1
caai,194,8.518384,1
caai,195,12.922252,1
caai,196,10.366554,1
caai,197,6.874564,1
caai,198,13.486131,1
caai,199,9.743515,1
caai,200,8.056055,1
caai,201,2.859185,1
caai,202,6.362152,1
caai,203,6.902901,1
caai,204,5.376045,1
caai,205,6.751075,1
caai,206,8.083939,1
caai,207,7.556375,1
caai,208,4.985389,1
caai,209,6.928549,1
caai,210,20.363635,1
caai,211,9.356706,1
caai,212,4.865754,1
caai,213,11.996276,1
caai,214,8.686734,1
caai,215,7.027541,1
caai,216,15.777746,1
caai,217,6.252493,1
caai,218,9.126788,1
caai,219,4.313224,1
caai,220,7.367335,1
caai,221,5.588785,1
caai,222,5.394491,1
caai,223,4.040324,1
caai,224,7.058235,1
caai,225,11.472913,1
caai,226,4.401784,1
caai,227,4.416612,1
caai,228,13.123757,1
caai,229,11.922156,1
caai,230,6.109392,1
caai,231,11.688055,1
caai,232,6.635835,1
caai,233,7.334614,1
caai,234,4.238468,1
caai,235,6.303245,1
caai,236,6.869486,1
caai,237,10.901178,1
caai,238,8.096522,1
caai,239,6.965435,1
caai,240,7.441684,1
caai,241,11.604032,1
caai,242,7.088086,1
caai,243,11.325407,1
caai,244,8.677403,1
caai,245,18.147285,1
caai,246,10.019944,1
caai,247,7.459783,1
caai,248,12.221060,1
caai,249,8.079437,1
caai,250,9.377830,1
caai,251,7.143067,1
caai,252,6.749951,1
caai,253,8.852331,1
caai,254,9.676950,1
caai,255,7.145956,1
caai,256,9.079355,1
caai,257,9.501301,1
caai,258,9.155613,1
caai,259,4.471831,1
caai,260,15.222103,1
caai,261,9.181776,1
caai,262,5.911471,1
caai,263,11.437822,1
caai,264,7.890669,1
caai,265,9.549998,1
caai,266,4.226386,1
caai,267,5.612165,1
caai,268,9.747476,1
caai,269,7.646614,1
caai,270,9.037601,1
caai,271,4.927516,1
caai,272,16.303602,1
caai,273,8.713223,1
caai,274,13.627837,1
caai,275,13.863885,1
caai,276,9.830742,1
caai,277,8.640947,1
caai,278,10.820675,1
caai,279,4.506666,1
caai,280,16.399733,1
caai,281,5.247920,1
caai,282,8.846776,1
caai,283,3.846276,1
caai,284,16.417617,1
caai,285,3.502765,1
caai,286,6.824579,1
caai,287,11.332133,1
caai,288,5.901180,1
caai,289,5.120728,1
caai,290,19.770873,1
caai,291,6.662903,1
caai,292,11.282457,1
caai,293,6.624982,1
caai,294,13.554930,1
caai,295,9.830393,1
caai,296,13.335279,1
caai,297,3.607269,1
caai,298,6.738964,1
caai,299,8.722033,1
caai,300,7.004433,1
caai,301,7.375647,1
caai,302,21.556847,1
caai,303,8.338542,1
caai,304,11.301523,1
caai,305,4.502436,1
caai,306,7.064195,1
caai,307,18.607867,1
caai,308,9.038470,1
caai,309,7.056185,1
caai,310,7.915091,1
caai,311,11.980950,1
caai,312,9.706229,1
caai,313,6.845738,1
caai,314,17.713694,1
caai,315,8.618683,1
caai,316,7.870622,1
caai,317,9.164745,1
caai,318,6.948340,1
caai,319,12.897705,1
caai,320,9.073943,1
caai,321,8.176188,1
caai,322,9.975728,1
caai,323,7.331693,1
caai,324,6.828301,1
caai,325,7.261614,1
caai,326,10.155760,1
caai,327,12.537534,1
caai,328,12.400907,1
caai,329,11.384352,1
caai,330,5.232438,1
caai,331,9.877341,1
caai,332,8.142296,1
caai,333,5.970040,1
caai,334,9.523979,1
caai,335,13.360386,1
caai,336,7.560701,1
caai,337,9.604538,1
caai,338,7.933265,1
caai,339,5.516368,1
caai,340,5.871217,1
caai,341,9.709112,1
caai,342,10.939538,1
caai,343,5.522963,1
caai,344,5.892833,1
caai,345,11.662837,1
caai,346,9.247697,1
caai,347,6.039934,1
caai,348,4.831462,1
caai,349,12.671222,1
caai,350,14.716929,1
caai,351,6.075678,1
caai,352,8.167890,1
caai,353,5.923816,1
caai,354,9.566885,1
caai,355,8.797321,1
caai,356,6.893716,1
caai,357,12.964909,1
caai,358,9.188528,1
caai,359,8.356703,1
caai,360,11.323454,1
caai,361,7.629499,1
caai,362,10.228978,1
caai,363,7.758763,1
caai,364,7.159782,1
caai,365,11.026998,1
caai,366,4.493195,1
caai,367,8.127439,1
caai,368,4.089936,1
caai,369,12.001840,1
caai,370,4.488867,1
caai,371,5.332910,1
caai,372,13.387375,1
caai,373,6.485560,1
caai,374,10.998945,1
caai,375,6.791442,1
caai,376,6.107121,1
caai,377,9.921376,1
caai,378,6.544038,1
caai,379,12.301074,1
caai,380,9.853240,1
caai,381,13.799194,1
caai,382,2.777121,1
caai,383,8.122968,1
caai,384,9.453633,1
caai,385,26.562083,1
caai,386,6.766039,1
caai,387,7.974760,1
caai,388,10.762018,1
caai,389,6.218616,1
caai,390,5.600125,1
caai,391,12.728110,1
caai,392,10.804890,1
caai,393,7.922405,1
caai,394,11.144081,1
caai,395,5.358529,1
caai,396,7.315961,1
caai,397,7.207334,1
caai,398,8.656710,1
caai,399,2.863595,1
caai,400,18.232259,1
caai,401,6.411859,1
caai,402,11.174721,1
caai,403,6.088394,1
caai,404,6.452203,1
caai,405,10.019756,1
caai,406,9.012974,1
caai,407,7.775056,1
caai,408,8.821510,1
caai,409,5.418454,1
caai,410,9.290113,1
caai,411,10.028284,1
caai,412,5.340621,1
caai,413,7.871800,1
caai,414,9.754654,1
caai,415,6.758160,1
caai,416,4.122984,1
caai,417,4.291687,1
caai,418,10.962648,1
caai,419,7.738374,1
caai,420,6.959470,1
caai,421,22.177182,1
caai,422,5.108774,1
caai,423,8.103064,1
caai,424,11.349389,1
caai,425,8.181011,1
caai,426,5.901716,1
caai,427,8.855102,1
caai,428,6.980564,1
caai,429,5.450987,1
caai,430,5.129907,1
caai,431,8.525503,1
caai,432,6.061693,1
caai,433,9.695220,1
caai,434,9.315013,1
caai,435,11.506391,1
caai,436,6.509847,1
caai,437,7.645643,1
caai,438,15.257833,1
caai,439,7.683929,1
caai,440,6.339752,1
caai,441,10.314694,1
caai,442,5.877159,1
caai,443,7.385484,1
caai,444,6.575344,1
caai,445,11.807752,1
caai,446,5.648584,1
caai,447,7.329772,1
caai,448,8.725807,1
caai,449,5.150255,1
caai,450,6.946894,1
caai,451,7.700713,1
caai,452,7.363673,1
caai,453,7.361102,1
caai,454,15.722721,1
caai,455,6.010083,1
caai,456,11.033101,1
caai,457,7.762860,1
caai,458,10.098444,1
caai,459,11.665458,1
caai,460,3.913076,1
caai,461,10.199224,1
caai,462,6.301450,1
caai,463,12.146789,1
caai,464,7.807046,1
caai,465,4.764345,1
caai,466,12.207344,1
caai,467,4.634560,1
caai,468,6.786043,1
caai,469,9.142982,1
caai,470,7.602955,1
caai,471,5.956585,1
caai,472,11.067927,1
caai,473,4.107646,1
caai,474,5.831061,1
caai,475,14.301366,1
caai,476,8.178272,1
caai,477,7.757567,1
caai,478,8.680111,1
caai,479,7.477518,1
caai,480,9.183712,1
caai,481,9.583868,1
caai,482,9.229777,1
caai,483,6.342445,1
caai,484,4.789450,1
caai,485,7.336005,1
caai,486,8.840252,1
caai,487,7.328165,1
caai,488,11.658352,1
caai,489,12.636687,1
caai,490,19.089496,1
caai,491,18.187800,1
caai,492,6.609855,1
caai,493,4.288463,1
caai,494,14.962890,1
caai,495,6.309762,1
caai,496,16.135380,1
caai,497,6.162790,1
caai,498,7.229123,1
caai,499,6.964210,1
caai,500,9.027941,1
caai,501,16.372219,1
caai,502,5.951886,1
caai,503,7.879951,1
caai,504,4.025001,1
caai,505,11.974077,1
caai,506,5.425661,1
caai,507,5.159377,1
caai,508,10.866739,1
caai,509,14.705103,1
caai,510,7.067129,1
caai,511,4.663260,1
caai,512,11.867845,1
caai,513,11.724529,1
caai,514,9.199033,1
caai,515,11.151758,1
caai,516,5.836727,1
caai,517,8.008476,1
caai,518,5.587849,1
caai,519,7.615931,1
caai,520,9.632220,1
caai,521,7.300814,1
caai,522,7.601308,1
caai,523,16.062970,1
caai,524,8.524270,1
caai,525,9.052370,1
caai,526,9.550965,1
caai,527,9.697628,1
caai,528,13.712408,1
caai,529,27.067149,1
caai,530,18.181242,1
caai,531,3.113513,1
caai,532,13.750054,1
caai,533,10.540831,1
caai,534,7.709522,1
caai,535,8.686868,1
caai,536,7.357606,1
caai,537,8.631634,1
caai,538,9.442201,1
caai,539,9.063321,1
caai,540,10.897301,1
caai,541,10.686103,1
caai,542,4.731164,1
caai,543,24.131498,1
caai,544,9.527744,1
caai,545,5.700911,1
caai,546,5.822148,1
caai,547,10.941795,1
caai,548,9.574573,1
caai,549,6.142359,1
caai,550,3.447551,1
caai,551,4.728193,1
caai,552,9.569392,1
caai,553,6.568956,1
caai,554,6.355878,1
caai,555,11.164537,1
caai,556,6.105251,1
caai,557,9.117438,1
caai,558,7.867069,1
caai,559,5.210036,1
caai,560,8.442599,1
caai,561,12.909009,1
caai,562,7.878428,1
caai,563,8.026698,1
caai,564,7.582580,1
caai,565,9.456715,1
caai,566,3.995919,1
caai,567,9.040988,1
caai,568,7.880206,1
caai,569,14.089824,1
caai,570,7.052142,1
caai,571,11.291144,1
caai,572,10.430923,1
caai,573,10.276785,1
caai,574,7.374255,1
caai,575,8.907909,1
caai,576,5.329293,1
caai,577,4.702170,1
caai,578,5.948893,1
caai,579,7.345936,1
caai,580,5.177118,1
caai,581,8.562460,1
caai,582,6.527576,1
caai,583,8.027477,1
caai,584,10.730652,1
caai,585,7.702023,1
caai,586,7.624490,1
caai,587,14.615282,1
caai,588,5.610474,1
caai,589,5.934416,1
caai,590,12.612574,1
caai,591,6.269129,1
caai,592,10.182489,1
caai,593,11.836321,1
caai,594,11.433478,1
caai,595,6.129195,1
caai,596,8.715985,1
caai,597,9.047738,1
caai,598,7.797810,1
caai,599,9.493091,1
caai,600,8.791152,2
caai,601,3.487272,2
caai,602,5.055540,2
caai,603,12.306385,2
caai,604,7.659206,2
caai,605,3.020388,2
caai,606,14.134833,2
caai,607,7.231917,2
caai,608,13.556405,2
caai,609,4.316886,2
caai,610,15.573198,2
caai,611,6.513188,2
caai,612,13.984848,2
caai,613,5.829412,2
caai,614,9.970113,2
caai,615,6.078348,2
caai,616,7.121057,2
caai,617,7.596708,2
caai,618,4.992384,2
caai,619,6.865061,2
caai,620,3.537848,2
caai,621,8.713436,2
caai,622,6.980130,2
caai,623,4.864621,2
caai,624,5.910249,2
caai,625,9.313853,2
caai,626,2.212974,2
caai,627,8.005151,2
caai,628,9.366796,2
caai,629,5.367886,2
caai,630,8.425434,2
caai,631,4.839442,2
caai,632,10.933820,2
caai,633,6.303829,2
caai,634,6.564687,2
caai,635,10.066819,2
caai,636,6.508309,2
caai,637,5.723213,2
caai,638,2.271379,2
caai,639,8.185330,2
caai,640,10.892359,2
caai,641,5.346911,2
caai,642,7.739356,2
caai,643,7.919307,2
caai,644,4.204460,2
caai,645,4.750941,2
caai,646,6.338127,2
caai,647,8.384669,2
caai,648,10.725876,2
caai,649,3.657483,2
caai,650,7.394819,2
caai,651,7.279218,2
caai,652,3.476233,2
caai,653,6.773546,2
caai,654,7.496175,2
caai,655,8.686862,2
caai,656,3.401599,2
caai,657,6.879686,2
caai,658,6.122483,2
caai,659,9.488433,2
caai,660,15.268289,1
caai,661,21.138919,1
caai,662,9.103049,1
caai,663,6.810690,1
caai,664,8.294482,1
caai,665,5.258362,1
caai,666,7.370028,1
caai,667,8.955016,1
caai,668,9.476690,1
caai,669,18.020763,1
caai,670,6.465818,1
caai,671,6.102511,1
caai,672,4.775979,1
caai,673,8.388289,1
caai,674,4.217204,1
caai,675,19.195568,1
caai,676,8.712231,1
caai,677,6.468059,1
caai,678,11.826583,1
caai,679,4.889503,1
caai,680,14.083443,1
caai,681,10.496887,1
caai,682,10.497971,1
caai,683,4.751335,1
caai,684,5.400098,1
caai,685,5.723821,1
caai,686,10.349730,1
caai,687,3.307991,1
caai,688,5.717948,1
caai,689,21.104638,1
caai,690,12.873962,1
caai,691,7.344915,1
caai,692,14.967462,1
caai,693,8.206760,1
caai,694,8.485706,1
caai,695,6.455693,1
caai,696,8.008731,1
caai,697,10.227657,1
caai,698,7.666472,1
caai,699,9.375454,1
caai,700,8.376471,1
caai,701,14.947201,1
caai,702,13.711856,1
caai,703,9.030605,1
caai,704,4.861509,1
caai,705,7.231884,1
caai,706,14.901242,1
caai,707,5.998939,1
caai,708,9.880221,1
caai,709,7.378753,1
caai,710,13.494962,1
caai,711,3.725732,1
caai,712,11.403913,1
caai,713,8.155420,1
caai,714,13.840167,1
caai,715,7.293426,1
caai,716,6.686589,1
caai,717,8.710539,1
caai,718,7.042227,1
caai,719,10.419648,1
caai,720,5.834856,1
caai,721,4.095244,1
caai,722,9.324659,1
caai,723,9.261561,1
caai,724,11.119184,1
caai,725,6.163377,1
caai,726,9.243641,1
caai,727,11.714281,1
caai,728,9.199961,1
caai,729,10.791045,1
caai,730,4.281946,1
caai,731,10.558302,1
caai,732,5.447622,1
caai,733,21.195270,1
caai,734,4.059356,1
caai,735,15.887952,1
caai,736,5.933618,1
caai,737,8.646105,1
caai,738,3.793860,1
caai,739,5.077950,1
caai,740,8.595052,1
caai,741,5.171642,1
caai,742,10.413296,1
caai,743,18.054813,1
caai,744,13.065910,1
caai,745,9.438510,1
caai,746,11.596608,1
caai,747,6.483052,1
caai,748,5.001917,1
caai,749,9.712686,1
caai,750,6.452428,1
caai,751,8.859822,1
caai,752,6.438757,1
caai,753,8.337078,1
caai,754,12.199804,1
caai,755,10.378995,1
caai,756,11.726402,1
caai,757,13.375091,1
caai,758,5.977275,1
caai,759,3.792007,1
caai,760,5.353913,1
caai,761,5.323694,1
caai,762,4.077498,1
caai,763,7.870631,1
caai,764,7.495398,1
caai,765,6.115891,1
caai,766,9.357448,1
caai,767,15.951658,1
caai,768,5.565719,1
caai,769,4.698774,1
caai,770,6.215733,1
caai,771,10.486817,1
caai,772,5.204922,1
caai,773,9.764550,1
caai,774,7.926774,1
caai,775,10.675716,1
caai,776,19.462935,1
caai,777,9.854008,1
caai,778,7.517827,1
caai,779,8.819249,1
caai,780,6.876364,1
caai,781,7.902622,1
caai,782,16.252429,1
caai,783,6.156443,1
caai,784,5.044934,1
caai,785,5.885753,1
caai,786,9.979536,1
caai,787,5.483194,1
caai,788,8.741132,1
caai,789,7.948345,1
caai,790,13.151483,1
caai,791,13.085169,1
caai,792,4.226622,1
caai,793,10.290752,1
caai,794,7.478443,1
caai,795,14.713625,1
caai,796,19.022193,1
caai,797,7.271686,1
caai,798,9.865892,1
caai,799,4.804101,1
caai,800,5.990334,1
caai,801,7.450791,1
caai,802,8.349001,1
caai,803,9.871776,1
caai,804,8.000973,1
caai,805,11.082119,1
caai,806,11.000370,1
caai,807,6.831991,1
caai,808,7.774571,1
caai,809,8.227561,1
caai,810,9.074195,1
caai,811,8.875301,1
caai,812,5.572264,1
caai,813,7.106108,1
caai,814,14.401052,1
caai,815,10.029894,1
caai,816,11.583219,1
caai,817,3.500304,1
caai,818,6.641024,1
caai,819,5.825537,1
caai,820,10.592391,1
caai,821,7.144747,1
caai,822,10.056294,1
caai,823,8.060859,1
caai,824,13.363429,1
caai,825,5.396680,1
caai,826,6.369031,1
caai,827,8.509111,1
caai,828,12.276737,1
caai,829,5.167137,1
caai,830,7.040329,1
caai,831,11.150568,1
caai,832,2.011311,1
caai,833,9.609406,1
caai,834,6.815571,1
caai,835,13.483278,1
caai,836,9.097482,1
caai,837,8.766205,1
caai,838,5.519926,1
caai,839,7.289444,1
caai,840,7.917394,1
caai,841,8.982792,1
caai,842,8.626832,1
caai,843,7.088844,1
caai,844,3.738081,1
caai,845,4.293973,1
caai,846,10.561971,1
caai,847,10.649891,1
caai,848,10.279148,1
caai,849,8.554961,1
caai,850,3.430217,1
caai,851,7.865053,1
caai,852,9.083861,1
caai,853,10.475804,1
caai,854,13.737506,1
caai,855,22.866533,1
caai,856,13.152105,1
caai,857,6.593159,1
caai,858,7.160891,1
caai,859,11.493955,1
caai,860,9.113202,1
caai,861,7.832182,1
caai,862,12.103731,1
caai,863,4.672246,1
caai,864,6.079856,1
caai,865,5.948668,1
caai,866,6.906565,1
caai,867,11.314215,1
caai,868,11.781911,1
caai,869,12.578422,1
caai,870,7.209123,1
caai,871,7.075782,1
caai,872,7.142452,1
caai,873,7.197065,1
caai,874,9.210466,1
caai,875,5.071746,1
caai,876,6.265755,1
caai,877,4.695356,1
caai,878,6.134308,1
caai,879,10.820487,1
caai,880,12.286747,1
caai,881,6.005974,1
caai,882,5.907005,1
caai,883,7.299521,1
caai,884,6.567456,1
caai,885,11.916102,1
caai,886,11.368838,1
caai,887,22.858827,1
caai,888,9.664154,1
caai,889,8.963971,1
caai,890,13.484833,1
caai,891,12.741151,1
caai,892,9.228849,1
caai,893,11.662513,1
caai,894,4.608588,1
caai,895,6.051680,1
caai,896,5.065140,1
caai,897,5.385582,1
caai,898,6.773669,1
caai,899,11.725317,1
caai,900,9.840477,1
caai,901,8.242935,1
caai,902,15.305443,1
caai,903,7.114808,1
caai,904,10.110058,1
caai,905,7.231517,1
caai,906,7.260016,1
caai,907,12.694014,1
caai,908,9.616914,1
caai,909,12.808931,1
caai,910,8.362411,1
caai,911,7.318578,1
caai,912,12.997678,1
caai,913,4.802135,1
caai,914,17.192248,1
caai,915,5.344513,1
caai,916,15.209203,1
caai,917,7.629511,1
caai,918,9.890273,1
caai,919,5.713450,1
caai,920,5.963773,1
caai,921,6.509912,1
caai,922,3.533406,1
caai,923,7.238362,1
caai,924,6.913436,1
caai,925,4.759822,1
caai,926,4.210069,1
caai,927,12.309041,1
caai,928,11.009680,1
caai,929,11.421530,1
caai,930,13.660499,1
caai,931,2.815146,1
caai,932,8.766863,1
caai,933,5.367988,1
caai,934,9.194474,1
caai,935,10.191914,1
caai,936,6.577039,1
caai,937,20.390314,1
caai,938,14.751572,1
caai,939,3.720565,1
caai,940,7.920594,1
caai,941,5.033584,1
caai,942,6.586366,1
caai,943,12.980873,1
caai,944,4.767013,1
caai,945,9.371019,1
caai,946,6.796178,1
caai,947,12.918745,1
caai,948,5.874663,1
caai,949,6.496915,1
caai,950,4.563143,1
caai,951,12.203768,1
caai,952,6.452979,1
caai,953,8.008172,1
caai,954,6.938157,1
caai,955,12.236919,1
caai,956,9.305398,1
caai,957,5.724777,1
caai,958,7.152309,1
caai,959,11.463932,1
caai,960,12.231915,1
caai,961,7.103023,1
caai,962,5.222118,1
caai,963,11.396702,1
caai,964,14.842818,1
caai,965,16.189996,1
caai,966,10.234338,1
caai,967,20.130501,1
caai,968,8.250207,1
caai,969,5.342190,1
caai,970,6.044359,1
caai,971,10.374809,1
caai,972,7.171717,1
caai,973,10.027711,1
caai,974,6.221162,1
caai,975,6.863625,1
caai,976,6.337149,1
caai,977,10.191430,1
caai,978,4.906704,1
caai,979,5.834746,1
caai,980,5.684031,1
caai,981,5.185119,1
caai,982,10.081759,1
caai,983,4.463436,1
caai,984,13.975049,1
caai,985,5.738120,1
caai,986,3.309457,1
caai,987,12.588529,1
caai,988,5.208545,1
caai,989,7.191963,1
caai,990,13.185976,1
caai,991,12.353209,1
caai,992,14.632022,1
caai,993,6.222156,1
caai,994,3.874640,1
caai,995,4.983957,1
caai,996,11.742907,1
caai,997,5.425432,1
caai,998,6.564088,1
caai,999,9.943749,1
caai,1000,7.743487,1
caai,1001,16.687089,1
caai,1002,4.593435,1
caai,1003,3.498903,1
caai,1004,7.455665,1
caai,1005,10.778152,1
caai,1006,10.170918,1
caai,1007,9.917703,1
caai,1008,6.561538,1
caai,1009,5.255192,1
caai,1010,15.928661,1
caai,1011,7.360621,1
caai,1012,13.012149,1
caai,1013,7.978215,1
caai,1014,9.020408,1
caai,1015,9.323000,1
caai,1016,14.148449,1
caai,1017,6.393047,1
caai,1018,17.229084,1
caai,1019,4.009087,1
caai,1020,13.891137,1
caai,1021,7.544453,1
caai,1022,10.565885,1
caai,1023,8.021253,1
caai,1024,19.282207,1
caai,1025,17.681933,1
caai,1026,9.831106,1
caai,1027,6.109055,1
caai,1028,5.107892,1
caai,1029,8.449711,1
caai,1030,13.298092,1
caai,1031,13.408439,1
caai,1032,6.561796,1
caai,1033,10.443876,1
caai,1034,8.150895,1
caai,1035,10.270308,1
caai,1036,6.527924,1
caai,1037,5.401833,1
caai,1038,11.352895,1
caai,1039,5.135763,1
caai,1040,9.642116,1
caai,1041,6.769921,1
caai,1042,5.775376,1
caai,1043,8.930061,1
caai,1044,7.147313,1
caai,1045,8.538777,1
caai,1046,5.000566,1
caai,1047,4.763911,1
caai,1048,8.714065,1
caai,1049,7.785247,1
caai,1050,8.400286,1
caai,1051,10.590946,1
caai,1052,10.945745,1
caai,1053,11.935424,1
caai,1054,13.710899,1
caai,1055,7.484786,1
caai,1056,12.572234,1
caai,1057,11.627795,1
caai,1058,10.371713,1
caai,1059,8.983760,1
caai,1060,6.572053,1
caai,1061,14.960541,1
caai,1062,1.890752,1
caai,1063,9.612505,1
caai,1064,11.826455,1
caai,1065,5.620791,1
caai,1066,6.896502,1
caai,1067,7.492863,1
caai,1068,6.612049,1
caai,1069,3.365818,1
caai,1070,12.329493,1
caai,1071,3.543458,1
caai,1072,10.705155,1
caai,1073,7.225752,1
caai,1074,13.342068,1
caai,1075,9.293126,1
caai,1076,4.056925,1
caai,1077,12.861402,1
caai,1078,12.983775,1
caai,1079,7.146563,1
caai,1080,5.947578,1
caai,1081,8.249534,1
caai,1082,5.797608,1
caai,1083,24.358432,1
caai,1084,6.332588,1
caai,1085,11.891481,1
caai,1086,6.674325,1
caai,1087,15.148882,1
caai,1088,11.699943,1
caai,1089,5.130517,1
caai,1090,12.280480,1
caai,1091,11.447678,1
caai,1092,13.522031,1
caai,1093,8.529200,1
caai,1094,18.611742,1
caai,1095,7.094468,1
caai,1096,9.548429,1
caai,1097,8.882095,1
caai,1098,6.392498,1
caai,1099,8.608705,1
caai,1100,5.432967,1
caai,1101,21.872115,1
caai,1102,4.791467,1
caai,1103,11.719654,1
caai,1104,8.846575,1
caai,1105,16.510089,1
caai,1106,9.153780,1
caai,1107,3.691072,1
caai,1108,12.318240,1
caai,1109,3.275916,1
caai,1110,11.968087,1
caai,1111,7.888399,1
caai,1112,12.306678,1
caai,1113,7.882199,1
caai,1114,7.196189,1
caai,1115,7.857285,1
caai,1116,10.726580,1
caai,1117,10.372011,1
caai,1118,7.483293,1
caai,1119,4.388769,1
caai,1120,6.660191,1
caai,1121,18.143993,1
caai,1122,8.156121,1
caai,1123,8.587257,1
caai,1124,5.045481,1
caai,1125,4.512612,1
caai,1126,6.497153,1
caai,1127,6.864560,1
caai,1128,6.562015,1
caai,1129,11.580193,1
caai,1130,7.331216,1
caai,1131,11.721099,1
caai,1132,7.394465,1
caai,1133,6.067808,1
caai,1134,9.342230,1
caai,1135,7.275553,1
caai,1136,6.115529,1
caai,1137,11.924483,1
caai,1138,3.739493,1
caai,1139,13.781269,1
caai,1140,7.706771,1
caai,1141,10.916475,1
caai,1142,24.800636,1
caai,1143,10.681917,1
caai,1144,4.896872,1
caai,1145,6.217107,1
caai,1146,6.555659,1
caai,1147,7.748876,1
caai,1148,9.752993,1
caai,1149,6.855041,1
caai,1150,8.890412,1
caai,1151,21.089991,1
caai,1152,17.401837,1
caai,1153,5.878143,1
caai,1154,7.537604,1
caai,1155,5.225986,1
caai,1156,9.992405,1
caai,1157,6.474755,1
caai,1158,6.718936,1
caai,1159,6.365840,1
caai,1160,20.901756,1
caai,1161,6.647927,1
caai,1162,5.147295,1
caai,1163,11.527121,1
caai,1164,18.400670,1
caai,1165,5.939806,1
caai,1166,15.140381,1
caai,1167,7.367920,1
caai,1168,15.542468,1
caai,1169,11.753834,1
caai,1170,9.623346,1
caai,1171,4.868068,1
caai,1172,10.520474,1
caai,1173,12.145315,1
caai,1174,8.096676,1
caai,1175,6.091812,1
caai,1176,10.228403,1
caai,1177,11.563792,1
caai,1178,9.822121,1
caai,1179,11.066931,1
caai,1180,13.180262,1
caai,1181,6.166074,1
caai,1182,5.753666,1
caai,1183,7.089339,1
caai,1184,5.914561,1
caai,1185,11.819139,1
caai,1186,14.938147,1
caai,1187,11.993874,1
caai,1188,8.327341,1
caai,1189,4.275700,1
caai,1190,7.177633,1
caai,1191,11.699512,1
caai,1192,12.076296,1
caai,1193,10.915853,1
caai,1194,6.452366,1
caai,1195,10.043026,1
caai,1196,6.693815,1
caai,1197,3.523234,1
caai,1198,7.725252,1
caai,1199,10.806601,1
caai,1200,6.942368,2
caai,1201,5.278441,2
caai,1202,5.752098,2
caai,1203,8.369378,2
caai,1204,5.007347,2
caai,1205,6.014323,2
caai,1206,6.567351,2
caai,1207,7.681599,2
caai,1208,1.774934,2
caai,1209,8.605579,2
caai,1210,3.177821,2
caai,1211,4.481786,2
caai,1212,4.896060,2
caai,1213,4.833205,2
caai,1214,5.405700,2
caai,1215,9.153517,2
caai,1216,6.119449,2
caai,1217,4.843260,2
caai,1218,11.132837,2
caai,1219,5.715663,2
caai,1220,7.715824,2
caai,1221,9.729636,2
caai,1222,7.169645,2
caai,1223,19.776130,2
caai,1224,12.705708,2
caai,1225,8.824850,2
caai,1226,13.415333,2
caai,1227,6.196036,2
caai,1228,5.228759,2
caai,1229,9.697609,2
caai,1230,10.380518,2
caai,1231,3.219142,2
caai,1232,9.455798,2
caai,1233,9.130121,2
caai,1234,6.586799,2
caai,1235,6.045575,2
caai,1236,11.302309,2
caai,1237,6.709119,2
caai,1238,6.461928,2
caai,1239,7.702248,2
caai,1240,5.850045,2
caai,1241,8.633560,2
caai,1242,13.646191,2
caai,1243,11.320611,2
caai,1244,8.635910,2
caai,1245,10.708038,2
caai,1246,7.403338,2
caai,1247,4.123581,2
caai,1248,4.997984,2
caai,1249,9.053966,2
caai,1250,5.192769,2
caai,1251,14.742357,2
caai,1252,2.361489,2
caai,1253,3.890921,2
caai,1254,7.812009,2
caai,1255,6.553016,2
caai,1256,13.443577,2
caai,1257,9.274097,2
caai,1258,8.684005,2
caai,1259,6.935994,2
caai,1260,8.267689,2
caai,1261,7.036211,2
caai,1262,7.151355,2
caai,1263,3.912725,2
caai,1264,3.137825,2
caai,1265,4.406646,2
caai,1266,5.568231,2
caai,1267,8.462817,2
caai,1268,4.819726,2
caai,1269,9.024797,2
caai,1270,3.449299,2
caai,1271,4.362592,2
caai,1272,19.357466,2
caai,1273,6.216107,2
caai,1274,7.561762,2
caai,1275,6.449360,2
caai,1276,3.929223,2
caai,1277,5.136672,2
caai,1278,7.275928,2
caai,1279,6.853690,2
caai,1280,9.181400,2
caai,1281,4.150843,2
caai,1282,3.748319,2
caai,1283,7.343923,2
caai,1284,9.253041,2
caai,1285,3.530174,2
caai,1286,5.010955,2
caai,1287,11.375567,2
caai,1288,6.191782,2
caai,1289,6.148865,2
caai,1290,3.784831,2
caai,1291,10.742818,2
caai,1292,7.146109,2
caai,1293,5.535018,2
caai,1294,17.394241,2
caai,1295,11.754282,2
caai,1296,9.543208,2
caai,1297,8.013491,2
caai,1298,4.037628,2
caai,1299,12.298372,2
caai,1300,10.249825,2
caai,1301,5.209480,2
caai,1302,6.119682,2
caai,1303,7.371407,2
caai,1304,10.390874,2
caai,1305,6.181847,2
caai,1306,6.290210,2
caai,1307,4.215824,2
caai,1308,5.912397,2
caai,1309,6.124924,2
caai,1310,9.437178,2
caai,1311,6.951657,2
caai,1312,11.848898,2
caai,1313,9.213899,2
caai,1314,2.982861,2
caai,1315,5.439360,2
caai,1316,9.935785,2
caai,1317,11.210410,2
caai,1318,5.286971,2
caai,1319,5.091295,2
caai,1320,4.575659,1
caai,1321,6.300154,1
caai,1322,10.853406,1
caai,1323,5.991702,1
caai,1324,6.675134,1
caai,1325,5.878790,1
caai,1326,16.143705,1
caai,1327,5.388643,1
caai,1328,10.372691,1
caai,1329,12.373069,1
caai,1330,11.262242,1
caai,1331,4.703691,1
caai,1332,5.150852,1
caai,1333,9.845980,1
caai,1334,4.674757,1
caai,1335,6.771882,1
caai,1336,6.672645,1
caai,1337,12.816951,1
caai,1338,5.869737,1
caai,1339,6.757397,1
caai,1340,4.088943,1
caai,1341,5.885817,1
caai,1342,7.671369,1
caai,1343,4.311705,1
caai,1344,16.112595,1
caai,1345,11.038586,1
caai,1346,7.497414,1
caai,1347,8.136972,1
caai,1348,6.639881,1
caai,1349,10.739682,1
caai,1350,3.988369,1
caai,1351,7.131348,1
caai,1352,14.040717,1
caai,1353,4.354125,1
caai,1354,7.764173,1
caai,1355,6.772831,1
caai,1356,14.940291,1
caai,1357,10.132081,1
caai,1358,9.564352,1
caai,1359,4.439773,1
caai,1360,22.235622,1
caai,1361,14.333830,1
caai,1362,11.916345,1
caai,1363,5.445067,1
caai,1364,4.247114,1
caai,1365,6.767928,1
caai,1366,9.598933,1
caai,1367,7.297777,1
caai,1368,12.196568,1
caai,1369,8.782881,1
caai,1370,5.424087,1
caai,1371,12.290302,1
caai,1372,7.097316,1
caai,1373,7.751812,1
caai,1374,13.167888,1
caai,1375,6.401347,1
caai,1376,12.626913,1
caai,1377,8.247374,1
caai,1378,4.428780,1
caai,1379,13.507561,1
caai,1380,5.205705,1
caai,1381,10.500652,1
caai,1382,11.877033,1
caai,1383,4.308260,1
caai,1384,7.091467,1
caai,1385,13.353547,1
caai,1386,9.991914,1
caai,1387,5.482400,1
caai,1388,10.352416,1
caai,1389,12.696906,1
caai,1390,9.086878,1
caai,1391,7.036832,1
caai,1392,9.020952,1
caai,1393,8.764292,1
caai,1394,9.970257,1
caai,1395,9.981417,1
caai,1396,10.890492,1
caai,1397,11.929279,1
caai,1398,3.582361,1
caai,1399,7.822889,1
caai,1400,10.211088,1
caai,1401,10.772739,1
caai,1402,6.988797,1
caai,1403,5.790802,1
caai,1404,6.817969,1
caai,1405,5.374653,1
caai,1406,3.311057,1
caai,1407,6.310880,1
caai,1408,17.389163,1
caai,1409,5.313891,1
caai,1410,11.270212,1
caai,1411,9.756765,1
caai,1412,6.887355,1
caai,1413,5.499040,1
caai,1414,9.749311,1
caai,1415,16.191590,1
caai,1416,6.685637,1
caai,1417,7.364866,1
caai,1418,2.628193,1
caai,1419,14.629106,1
caai,1420,9.620379,1
caai,1421,13.276554,1
caai,1422,6.949119,1
caai,1423,10.140332,1
caai,1424,8.406966,1
caai,1425,13.654398,1
caai,1426,5.140147,1
caai,1427,12.435745,1
caai,1428,10.551498,1
caai,1429,13.304315,1
caai,1430,4.268612,1
caai,1431,10.629172,1
caai,1432,6.878441,1
caai,1433,10.494596,1
caai,1434,10.494036,1
caai,1435,11.557219,1
caai,1436,6.954596,1
caai,1437,6.383856,1
caai,1438,5.045092,1
caai,1439,6.901260,1
caai,1440,11.495529,1
caai,1441,2.172903,1
caai,1442,15.320838,1
caai,1443,5.664942,1
caai,1444,4.930212,1
caai,1445,5.609050,1
caai,1446,12.439610,1
caai,1447,14.138211,1
caai,1448,6.887448,1
caai,1449,8.964948,1
caai,1450,6.572074,1
caai,1451,7.400921,1
caai,1452,7.082476,1
caai,1453,6.561573,1
caai,1454,7.008867,1
caai,1455,7.397905,1
caai,1456,5.897751,1
caai,1457,9.412397,1
caai,1458,7.781264,1
caai,1459,14.110844,1
caai,1460,16.667445,1
caai,1461,10.183672,1
caai,1462,4.209405,1
caai,1463,6.212030,1
caai,1464,20.905137,1
caai,1465,10.117842,1
caai,1466,7.923195,1
caai,1467,6.273354,1
caai,1468,8.048606,1
caai,1469,13.999594,1
caai,1470,10.118847,1
caai,1471,8.737942,1
caai,1472,14.760244,1
caai,1473,7.254410,1
caai,1474,7.988559,1
caai,1475,7.094686,1
caai,1476,7.457096,1
caai,1477,18.368890,1
caai,1478,6.357511,1
caai,1479,4.860562,1
caai,1480,7.750208,1
caai,1481,5.758755,1
caai,1482,5.752039,1
caai,1483,8.262293,1
caai,1484,4.770766,1
caai,1485,11.626380,1
caai,1486,8.147610,1
caai,1487,9.568050,1
caai,1488,5.135447,1
caai,1489,2.808338,1
caai,1490,10.322757,1
caai,1491,13.075156,1
caai,1492,4.672888,1
caai,1493,8.374046,1
caai,1494,10.509245,1
caai,1495,9.826813,1
caai,1496,11.515568,1
caai,1497,7.006760,1
caai,1498,11.168461,1
caai,1499,12.843865,1
caai,1500,8.888222,1
caai,1501,4.803124,1
caai,1502,8.268565,1
caai,1503,7.646600,1
caai,1504,8.511409,1
caai,1505,9.153943,1
caai,1506,9.980001,1
caai,1507,4.595457,1
caai,1508,12.980521,1
caai,1509,13.883094,1
caai,1510,2.917138,1
caai,1511,15.621482,1
caai,1512,6.974435,1
caai,1513,5.300100,1
caai,1514,7.504981,1
caai,1515,9.595944,1
caai,1516,12.723733,1
caai,1517,12.890869,1
caai,1518,9.895664,1
caai,1519,6.120374,1
caai,1520,11.934715,1
caai,1521,7.211841,1
caai,1522,5.228266,1
caai,1523,6.501988,1
caai,1524,7.808456,1
caai,1525,12.839161,1
caai,1526,5.553148,1
caai,1527,11.075254,1
caai,1528,6.781845,1
caai,1529,5.187539,1
caai,1530,12.924319,1
caai,1531,5.509689,1
caai,1532,9.082402,1
caai,1533,10.903664,1
caai,1534,22.992892,1
caai,1535,7.232338,1
caai,1536,6.617513,1
caai,1537,11.268638,1
caai,1538,7.065762,1
caai,1539,7.816543,1
caai,1540,10.727042,1
caai,1541,4.302694,1
caai,1542,12.527458,1
caai,1543,7.450392,1
caai,1544,7.189649,1
caai,1545,10.313521,1
caai,1546,13.576336,1
caai,1547,5.695761,1
caai,1548,7.617738,1
caai,1549,11.916024,1
caai,1550,6.043160,1
caai,1551,4.615625,1
caai,1552,14.650523,1
caai,1553,8.443299,1
caai,1554,8.753804,1
caai,1555,5.802275,1
caai,1556,8.122907,1
caai,1557,10.105588,1
caai,1558,7.379522,1
caai,1559,13.213583,1
caai,1560,6.018980,1
caai,1561,7.268417,1
caai,1562,6.945075,1
caai,1563,6.420390,1
caai,1564,8.937676,1
caai,1565,11.877992,1
caai,1566,2.613505,1
caai,1567,3.207493,1
caai,1568,6.160851,1
caai,1569,12.293381,1
caai,1570,12.220319,1
caai,1571,7.961462,1
caai,1572,9.428940,1
caai,1573,11.392126,1
caai,1574,9.847024,1
caai,1575,8.843250,1
caai,1576,8.663513,1
caai,1577,13.247531,1
caai,1578,5.547731,1
caai,1579,10.984371,1
caai,1580,6.410140,1
caai,1581,10.481886,1
caai,1582,7.302884,1
caai,1583,8.005253,1
caai,1584,10.809075,1
caai,1585,7.814525,1
caai,1586,6.499526,1
caai,1587,14.875187,1
caai,1588,8.693044,1
caai,1589,8.982569,1
caai,1590,10.828950,1
caai,1591,4.523474,1
caai,1592,5.872348,1
caai,1593,4.324210,1
caai,1594,6.342381,1
caai,1595,11.704494,1
caai,1596,10.856816,1
caai,1597,16.307478,1
caai,1598,13.367226,1
caai,1599,3.223605,1
caai,1600,2.904703,1
caai,1601,6.931387,1
caai,1602,9.409315,1
caai,1603,10.411310,1
caai,1604,6.296363,1
caai,1605,6.031722,1
caai,1606,17.554638,1
caai,1607,16.443503,1
caai,1608,8.447381,1
caai,1609,6.073335,1
caai,1610,24.607659,1
caai,1611,5.976050,1
caai,1612,5.597087,1
caai,1613,7.605561,1
caai,1614,8.150565,1
caai,1615,12.187723,1
caai,1616,10.041373,1
caai,1617,9.063049,1
caai,1618,13.721581,1
caai,1619,4.228931,1
caai,1620,11.308222,1
caai,1621,6.838245,1
caai,1622,10.602960,1
caai,1623,8.500539,1
caai,1624,15.379198,1
caai,1625,13.453556,1
caai,1626,4.820453,1
caai,1627,11.457013,1
caai,1628,3.942585,1
caai,1629,8.619295,1
caai,1630,4.662401,1
caai,1631,8.250718,1
caai,1632,7.328796,1
caai,1633,10.621126,1
caai,1634,12.630440,1
caai,1635,8.394297,1
caai,1636,5.911107,1
caai,1637,11.017786,1
caai,1638,6.493977,1
caai,1639,5.696551,1
caai,1640,13.536718,1
caai,1641,9.493047,1
caai,1642,5.238085,1
caai,1643,17.300899,1
caai,1644,3.955591,1
caai,1645,3.266156,1
caai,1646,5.164462,1
caai,1647,3.663650,1
caai,1648,12.248501,1
caai,1649,7.077042,1
caai,1650,6.081681,1
caai,1651,5.720177,1
caai,1652,4.474771,1
caai,1653,7.458943,1
caai,1654,3.091090,1
caai,1655,9.164569,1
caai,1656,6.758643,1
caai,1657,12.625027,1
caai,1658,22.548946,1
caai,1659,12.168585,1
caai,1660,5.781224,1
caai,1661,6.839940,1
caai,1662,10.953641,1
caai,1663,9.872779,1
caai,1664,4.030475,1
caai,1665,4.954978,1
caai,1666,17.080769,1
caai,1667,7.917688,1
caai,1668,6.539295,1
caai,1669,5.613814,1
caai,1670,6.472337,1
caai,1671,5.371763,1
caai,1672,13.529919,1
caai,1673,6.571209,1
caai,1674,10.147711,1
caai,1675,18.342150,1
caai,1676,9.572394,1
caai,1677,10.310874,1
caai,1678,7.786421,1
caai,1679,4.375778,1
caai,1680,8.023590,1
caai,1681,5.467541,1
caai,1682,8.876465,1
caai,1683,3.195095,1
caai,1684,6.294415,1
caai,1685,7.111182,1
caai,1686,9.031853,1
caai,1687,7.744011,1
caai,1688,10.488127,1
caai,1689,3.683417,1
caai,1690,6.473805,1
caai,1691,7.887292,1
caai,1692,5.580449,1
caai,1693,10.964304,1
caai,1694,5.373151,1
caai,1695,2.941685,1
caai,1696,7.071462,1
caai,1697,6.428020,1
caai,1698,8.489837,1
caai,1699,13.194338,1
caai,1700,6.158557,1
caai,1701,5.708459,1
caai,1702,9.056605,1
caai,1703,12.545842,1
caai,1704,8.763502,1
caai,1705,10.581284,1
caai,1706,7.687197,1
caai,1707,5.464061,1
caai,1708,10.591917,1
caai,1709,5.066616,1
caai,1710,17.562308,1
caai,1711,9.465129,1
caai,1712,14.893344,1
caai,1713,8.956880,1
caai,1714,5.372093,1
caai,1715,8.305973,1
caai,1716,6.572889,1
caai,1717,7.113936,1
caai,1718,14.494196,1
caai,1719,3.246665,1
caai,1720,7.602578,1
caai,1721,7.859962,1
caai,1722,10.606246,1
caai,1723,20.104897,1
caai,1724,6.217264,1
caai,1725,9.309283,1
caai,1726,6.063391,1
caai,1727,3.139291,1
caai,1728,11.045606,1
caai,1729,7.767985,1
caai,1730,6.765826,1
caai,1731,7.176767,1
caai,1732,12.712710,1
caai,1733,6.689283,1
caai,1734,9.576078,1
caai,1735,4.366069,1
caai,1736,8.585113,1
caai,1737,11.600675,1
caai,1738,10.262347,1
caai,1739,9.836618,1
caai,1740,13.171769,1
caai,1741,5.642976,1
caai,1742,6.446496,1
caai,1743,14.377693,1
caai,1744,8.631594,1
caai,1745,7.373853,1
caai,1746,12.238563,1
caai,1747,11.951190,1
caai,1748,7.958891,1
caai,1749,8.270632,1
caai,1750,5.630194,1
caai,1751,10.703713,1
caai,1752,11.765149,1
caai,1753,8.411187,1
caai,1754,8.892027,1
caai,1755,9.927087,1
caai,1756,4.605035,1
caai,1757,9.607538,1
caai,1758,9.041907,1
caai,1759,9.442954,1
caai,1760,15.174728,1
caai,1761,8.230474,1
caai,1762,4.475219,1
caai,1763,11.201073,1
caai,1764,3.722913,1
caai,1765,7.590785,1
caai,1766,9.260597,1
caai,1767,9.706632,1
caai,1768,14.592720,1
caai,1769,10.063480,1
caai,1770,5.485755,1
caai,1771,8.327465,1
caai,1772,8.987669,1
caai,1773,6.846510,1
caai,1774,9.066077,1
caai,1775,3.889916,1
caai,1776,10.136430,1
caai,1777,5.516182,1
caai,1778,3.851122,1
caai,1779,6.921036,1
caai,1780,16.708901,1
caai,1781,12.494612,1
caai,1782,4.610738,1
caai,1783,7.261961,1
caai,1784,5.762716,1
caai,1785,8.339676,1
caai,1786,7.665572,1
caai,1787,9.111633,1
caai,1788,3.838885,1
caai,1789,6.000485,1
caai,1790,15.021147,1
caai,1791,16.925673,1
caai,1792,5.599297,1
caai,1793,10.996194,1
caai,1794,9.145591,1
caai,1795,6.744874,1
caai,1796,6.101781,1
caai,1797,7.830579,1
caai,1798,15.956716,1
caai,1799,9.140500,1
caai,1800,7.033816,1
caai,1801,12.223823,1
caai,1802,13.949169,1
caai,1803,9.075290,1
caai,1804,9.760504,1
caai,1805,8.131884,1
caai,1806,8.668935,1
caai,1807,8.932737,1
caai,1808,13.912293,1
caai,1809,7.586585,1
caai,1810,7.609033,1
caai,1811,6.876759,1
caai,1812,8.697662,1
caai,1813,7.630332,1
caai,1814,3.838147,1
caai,1815,7.890157,1
caai,1816,9.604413,1
caai,1817,5.158853,1
caai,1818,8.869405,1
caai,1819,7.986627,1
caai,1820,8.417121,1
caai,1821,7.235010,1
caai,1822,11.155017,1
caai,1823,7.567649,1
caai,1824,4.290837,1
caai,1825,6.800954,1
caai,1826,8.863665,1
caai,1827,14.842585,1
caai,1828,12.214172,1
caai,1829,12.421043,1
caai,1830,9.267329,1
caai,1831,4.175609,1
caai,1832,4.311705,1
caai,1833,3.156231,1
caai,1834,7.356230,1
caai,1835,8.819597,1
caai,1836,6.936510,1
caai,1837,12.000362,1
caai,1838,7.351567,1
caai,1839,9.033746,1
caai,1840,5.421571,1
caai,1841,7.653549,1
caai,1842,9.900971,1
caai,1843,7.875584,1
caai,1844,11.550931,1
caai,1845,12.944135,1
caai,1846,9.833162,1
caai,1847,7.451189,1
caai,1848,5.341905,1
caai,1849,3.790143,1
caai,1850,9.986414,1
caai,1851,10.709920,1
caai,1852,15.128310,1
caai,1853,12.459133,1
caai,1854,6.962214,1
caai,1855,11.259898,1
caai,1856,13.656770,1
caai,1857,6.968054,1
caai,1858,8.034853,1
caai,1859,13.097199,1
caai,1860,5.001267,1
caai,1861,5.818809,1
caai,1862,6.530553,1
caai,1863,6.562470,1
caai,1864,14.713414,1
caai,1865,12.245527,1
caai,1866,9.117846,1
caai,1867,6.822331,1
caai,1868,6.638025,1
caai,1869,10.819025,1
caai,1870,6.567768,1
caai,1871,7.596976,1
caai,1872,5.364537,1
caai,1873,8.721122,1
caai,1874,9.368221,1
caai,1875,6.347743,1
caai,1876,19.565163,1
caai,1877,5.811569,1
caai,1878,12.135860,1
caai,1879,6.054140,1
caai,1880,15.307052,1
caai,1881,12.806643,1
caai,1882,6.009464,1
caai,1883,6.865302,1
caai,1884,10.933390,1
caai,1885,7.946557,1
caai,1886,4.835926,1
caai,1887,4.609165,1
caai,1888,12.938644,1
caai,1889,7.342863,1
caai,1890,4.256160,1
caai,1891,5.164103,1
caai,1892,6.840332,1
caai,1893,12.452734,1
caai,1894,11.128829,1
caai,1895,7.921044,1
caai,1896,6.609533,1
caai,1897,6.964802,1
caai,1898,5.791653,1
caai,1899,3.773713,1
caai,1900,21.219429,1
caai,1901,19.452932,1
caai,1902,16.619834,1
caai,1903,7.785763,1
caai,1904,13.275055,1
caai,1905,4.732270,1
caai,1906,20.649068,1
caai,1907,8.636022,1
caai,1908,8.847534,1
caai,1909,8.732748,1
caai,1910,5.060071,1
caai,1911,3.674044,1
caai,1912,8.334610,1
caai,1913,9.218740,1
caai,1914,5.520803,1
caai,1915,21.092339,1
caai,1916,12.553465,1
caai,1917,13.726255,1
caai,1918,14.968352,1
caai,1919,10.604867,1
caai,1920,3.741611,1
caai,1921,16.843417,1
caai,1922,10.948691,1
caai,1923,12.136839,1
caai,1924,5.996817,1
caai,1925,7.830371,1
caai,1926,6.986900,1
caai,1927,9.507009,1
caai,1928,5.787466,1
caai,1929,7.121570,1
caai,1930,7.529624,1
caai,1931,14.621083,1
caai,1932,4.980750,1
caai,1933,8.996716,1
caai,1934,4.282638,1
caai,1935,10.056578,1
caai,1936,11.076005,1
caai,1937,13.705882,1
caai,1938,9.318447,1
caai,1939,7.051261,1
caai,1940,9.512872,1
caai,1941,9.222839,1
caai,1942,13.478467,1
caai,1943,7.695461,1
caai,1944,7.304147,1
caai,1945,6.078905,1
caai,1946,5.510202,1
caai,1947,3.870812,1
caai,1948,12.096796,1
caai,1949,9.729193,1
caai,1950,9.187557,1
caai,1951,4.313020,1
caai,1952,17.031369,1
caai,1953,7.818737,1
caai,1954,16.146112,1
caai,1955,15.863164,1
caai,1956,9.561566,1
caai,1957,5.846635,1
caai,1958,12.605262,1
caai,1959,14.637928,1
caai,1960,12.804912,1
caai,1961,16.569401,1
caai,1962,9.046089,1
caai,1963,4.785518,1
caai,1964,7.305058,1
caai,1965,6.729011,1
caai,1966,8.694378,1
caai,1967,8.186631,1
caai,1968,27.024597,1
caai,1969,11.679785,1
caai,1970,9.724007,1
caai,1971,8.770023,1
caai,1972,6.433632,1
caai,1973,8.140375,1
caai,1974,16.713198,1
caai,1975,8.100836,1
caai,1976,11.158416,1
caai,1977,5.772750,1
caai,1978,10.111822,1
caai,1979,6.718497,1
caai,1980,6.567505,1
caai,1981,17.432752,1
caai,1982,7.620894,1
caai,1983,4.238606,1
caai,1984,6.585375,1
caai,1985,6.400807,1
caai,1986,4.900053,1
caai,1987,5.973540,1
caai,1988,6.586902,1
caai,1989,6.992126,1
caai,1990,4.138303,1
caai,1991,7.295541,1
caai,1992,6.105602,1
caai,1993,5.393165,1
caai,1994,7.248938,1
caai,1995,7.082888,1
caai,1996,6.427103,1
caai,1997,7.345762,1
caai,1998,19.960466,1
caai,1999,8.904657,1
caai,2000,4.541286,1
caai,2001,9.998311,1
caai,2002,11.633376,1
caai,2003,4.524486,1
caai,2004,7.360961,1
caai,2005,20.815042,1
caai,2006,5.301981,1
caai,2007,11.810674,1
caai,2008,7.900784,1
caai,2009,14.559859,1
caai,2010,4.763882,1
caai,2011,4.074098,1
caai,2012,12.748994,1
caai,2013,7.473870,1
caai,2014,9.709598,1
caai,2015,8.063129,1
caai,2016,4.065403,1
caai,2017,9.737629,1
caai,2018,14.421953,1
caai,2019,8.713203,1
caai,2020,12.228314,1
caai,2021,5.256248,1
caai,2022,12.199343,1
caai,2023,7.247209,1
caai,2024,7.017658,1
caai,2025,5.295344,1
caai,2026,17.814952,1
caai,2027,7.761419,1
caai,2028,15.048572,1
caai,2029,11.875252,1
caai,2030,4.582277,1
caai,2031,7.894129,1
caai,2032,14.495940,1
caai,2033,8.573389,1
caai,2034,4.702011,1
caai,2035,7.366848,1
caai,2036,12.233496,1
caai,2037,6.551417,1
caai,2038,8.174859,1
caai,2039,7.651870,1
caai,2040,8.171016,1
caai,2041,11.793457,1
caai,2042,11.859041,1
caai,2043,10.871762,1
caai,2044,13.926676,1
caai,2045,9.453625,1
caai,2046,10.831627,1
caai,2047,11.839250,1
caai,2048,6.480822,1
caai,2049,9.699641,1
caai,2050,7.744855,1
caai,2051,12.095807,1
caai,2052,4.557697,1
caai,2053,9.607845,1
caai,2054,7.127489,1
caai,2055,13.239994,1
caai,2056,9.254619,1
caai,2057,8.352025,1
caai,2058,9.501050,1
caai,2059,7.611964,1
caai,2060,16.590632,1
caai,2061,5.746738,1
caai,2062,7.305802,1
caai,2063,14.102635,1
caai,2064,7.016931,1
caai,2065,5.485897,1
caai,2066,13.794789,1
caai,2067,6.759995,1
caai,2068,8.232706,1
caai,2069,7.305044,1
caai,2070,16.053154,1
caai,2071,4.670385,1
caai,2072,8.203210,1
caai,2073,12.119399,1
caai,2074,14.354941,1
caai,2075,7.596474,1
caai,2076,9.089946,1
caai,2077,17.741475,1
caai,2078,11.900146,1
caai,2079,13.945093,1
caai,2080,9.203366,1
caai,2081,4.401488,1
caai,2082,9.937083,1
caai,2083,5.385157,1
caai,2084,22.605017,1
caai,2085,10.199570,1
caai,2086,12.741738,1
caai,2087,4.947927,1
caai,2088,5.416300,1
caai,2089,12.053136,1
caai,2090,6.989839,1
caai,2091,8.163167,1
caai,2092,9.328931,1
caai,2093,8.448043,1
caai,2094,6.791207,1
caai,2095,20.481091,1
caai,2096,10.193421,1
caai,2097,6.020179,1
caai,2098,9.122546,1
caai,2099,9.372177,1
caai,2100,10.321796,1
caai,2101,8.507099,1
caai,2102,7.779414,1
caai,2103,11.853311,1
caai,2104,11.876670,1
caai,2105,12.837164,1
caai,2106,7.605554,1
caai,2107,6.101685,1
caai,2108,14.587861,1
caai,2109,5.027528,1
caai,2110,7.376066,1
caai,2111,7.404944,1
caai,2112,11.641092,1
caai,2113,14.685939,1
caai,2114,7.984069,1
caai,2115,10.080548,1
caai,2116,5.567647,1
caai,2117,6.478289,1
caai,2118,17.109039,1
caai,2119,8.906167,1
caai,2120,11.683348,1
caai,2121,8.283794,1
caai,2122,12.479839,1
caai,2123,4.406995,1
caai,2124,13.508197,1
caai,2125,10.614805,1
caai,2126,7.203870,1
caai,2127,8.927032,1
caai,2128,5.107719,1
caai,2129,15.906641,1
caai,2130,5.953657,1
caai,2131,15.466799,1
caai,2132,11.770775,1
caai,2133,9.414662,1
caai,2134,11.904419,1
caai,2135,5.542260,1
caai,2136,5.499923,1
caai,2137,9.458217,1
caai,2138,9.845177,1
caai,2139,10.269520,1
caai,2140,6.637110,1
caai,2141,6.495600,1
caai,2142,6.602013,1
caai,2143,18.138187,1
caai,2144,15.994180,1
caai,2145,12.823270,1
caai,2146,10.450878,1
caai,2147,6.725760,1
caai,2148,8.863423,1
caai,2149,4.704351,1
caai,2150,8.993373,1
caai,2151,10.071740,1
caai,2152,8.206871,1
caai,2153,10.993150,1
caai,2154,13.167117,1
caai,2155,6.720411,1
caai,2156,6.173224,1
caai,2157,7.334489,1
caai,2158,9.407986,1
caai,2159,7.777063,1
caai,2160,2.630531,1
caai,2161,5.682120,1
caai,2162,5.024066,1
caai,2163,4.229755,1
caai,2164,6.890332,1
caai,2165,5.915581,1
caai,2166,9.202850,1
caai,2167,4.825356,1
caai,2168,4.881718,1
caai,2169,14.616104,1
caai,2170,5.387460,1
caai,2171,8.060628,1
caai,2172,6.710368,1
caai,2173,9.451529,1
caai,2174,13.156829,1
caai,2175,4.062471,1
caai,2176,11.339933,1
caai,2177,9.852601,1
caai,2178,8.311367,1
caai,2179,10.028016,1
caai,2180,7.331130,1
caai,2181,9.984116,1
caai,2182,7.866101,1
caai,2183,6.658997,1
caai,2184,9.375319,1
caai,2185,10.781394,1
caai,2186,6.184587,1
caai,2187,16.397087,1
caai,2188,6.095900,1
caai,2189,16.757842,1
caai,2190,6.292317,1
caai,2191,10.870262,1
caai,2192,7.023889,1
caai,2193,11.255277,1
caai,2194,13.515650,1
caai,2195,10.200031,1
caai,2196,4.371246,1
caai,2197,8.419300,1
caai,2198,9.234621,1
caai,2199,12.554164,1
caai,2200,8.558892,1
caai,2201,8.491000,1
caai,2202,7.620558,1
caai,2203,11.966111,1
caai,2204,8.206925,1
caai,2205,4.427532,1
caai,2206,9.567944,1
caai,2207,10.492211,1
caai,2208,5.334586,1
caai,2209,4.462099,1
caai,2210,7.743908,1
caai,2211,7.274279,1
caai,2212,11.683058,1
caai,2213,4.391181,1
caai,2214,4.194102,1
caai,2215,9.801027,1
caai,2216,26.467268,1
caai,2217,4.999469,1
caai,2218,8.695668,1
caai,2219,13.105896,1
caai,2220,5.495045,1
caai,2221,11.940007,1
caai,2222,11.051919,1
caai,2223,8.296010,1
caai,2224,6.104757,1
caai,2225,6.495700,1
caai,2226,7.350948,1
caai,2227,8.750043,1
caai,2228,7.675227,1
caai,2229,5.758016,1
caai,2230,10.164734,1
caai,2231,5.672290,1
caai,2232,10.197055,1
caai,2233,5.976002,1
caai,2234,11.069315,1
caai,2235,10.447075,1
caai,2236,3.133664,1
caai,2237,6.942933,1
caai,2238,6.497605,1
caai,2239,7.474995,1
caai,2240,13.674577,1
caai,2241,8.391844,1
caai,2242,6.965742,1
caai,2243,7.408658,1
caai,2244,8.141367,1
caai,2245,7.810767,1
caai,2246,7.692285,1
caai,2247,9.620551,1
caai,2248,5.984209,1
caai,2249,5.319807,1
caai,2250,13.070121,1
caai,2251,8.368136,1
caai,2252,9.325101,1
caai,2253,6.245745,1
caai,2254,8.307436,1
caai,2255,9.737446,1
caai,2256,13.203037,1
caai,2257,5.785558,1
caai,2258,5.410801,1
caai,2259,7.681765,1
caai,2260,9.004202,1
caai,2261,10.442759,1
caai,2262,16.528112,1
caai,2263,7.025001,1
caai,2264,5.316020,1
caai,2265,6.263546,1
caai,2266,6.537607,1
caai,2267,7.472572,1
caai,2268,12.573145,1
caai,2269,13.682930,1
caai,2270,5.688788,1
caai,2271,7.572327,1
caai,2272,8.513720,1
caai,2273,10.768235,1
caai,2274,6.669295,1
caai,2275,7.127677,1
caai,2276,19.819356,1
caai,2277,9.014648,1
caai,2278,4.366999,1
caai,2279,14.975123,1
caai,2280,10.359040,1
caai,2281,8.483666,1
caai,2282,8.776995,1
caai,2283,9.452774,1
caai,2284,9.172663,1
caai,2285,9.067340,1
caai,2286,19.923328,1
caai,2287,6.426555,1
caai,2288,6.310491,1
caai,2289,7.250143,1
caai,2290,18.230042,1
caai,2291,11.373902,1
caai,2292,9.167635,1
caai,2293,19.060949,1
caai,2294,6.445502,1
caai,2295,5.852702,1
caai,2296,4.298336,1
caai,2297,4.981561,1
caai,2298,15.086738,1
caai,2299,14.205008,1
caai,2300,8.621964,1
caai,2301,7.214321,1
caai,2302,6.046725,1
caai,2303,4.935366,1
caai,2304,15.096010,1
caai,2305,8.128968,1
caai,2306,5.110428,1
caai,2307,8.847777,1
caai,2308,7.254059,1
caai,2309,15.947102,1
caai,2310,3.424584,1
caai,2311,8.742235,1
caai,2312,13.393423,1
caai,2313,5.488371,1
caai,2314,5.350684,1
caai,2315,5.026074,1
caai,2316,5.171986,1
caai,2317,9.566225,1
caai,2318,7.050383,1
caai,2319,5.166313,1
caai,2320,11.638683,1
caai,2321,2.897042,1
caai,2322,4.142977,1
caai,2323,12.154874,1
caai,2324,6.537337,1
caai,2325,10.821336,1
caai,2326,8.262884,1
caai,2327,18.505354,1
caai,2328,5.920104,1
caai,2329,5.521374,1
caai,2330,4.873695,1
caai,2331,14.134481,1
caai,2332,8.605665,1
caai,2333,8.229071,1
caai,2334,6.164688,1
caai,2335,13.103989,1
caai,2336,12.479863,1
caai,2337,12.443979,1
caai,2338,11.179922,1
caai,2339,7.727278,1
caai,2340,6.312942,1
caai,2341,10.160265,1
caai,2342,10.861883,1
caai,2343,3.118645,1
caai,2344,5.156727,1
caai,2345,10.032607,1
caai,2346,7.509163,1
caai,2347,4.275588,1
caai,2348,7.402552,1
caai,2349,16.907579,1
caai,2350,6.589512,1
caai,2351,2.570684,1
caai,2352,7.265820,1
caai,2353,8.176313,1
caai,2354,12.414750,1
caai,2355,6.676381,1
caai,2356,4.370384,1
caai,2357,5.343966,1
caai,2358,9.111515,1
caai,2359,10.130871,1
caai,2360,22.410401,1
caai,2361,4.631406,1
caai,2362,10.087414,1
caai,2363,3.313219,1
caai,2364,6.961047,1
caai,2365,6.478860,1
caai,2366,11.968291,1
caai,2367,6.429240,1
caai,2368,9.235547,1
caai,2369,3.622037,1
caai,2370,10.807498,1
caai,2371,6.265848,1
caai,2372,6.874456,1
caai,2373,11.258727,1
caai,2374,9.664754,1
caai,2375,6.240004,1
caai,2376,9.089898,1
caai,2377,11.763032,1
caai,2378,9.239131,1
caai,2379,10.301912,1
caai,2380,6.580470,1
caai,2381,7.515055,1
caai,2382,9.975943,1
caai,2383,13.880330,1
caai,2384,4.385789,1
caai,2385,8.808645,1
caai,2386,4.956717,1
caai,2387,11.730387,1
caai,2388,4.860227,1
caai,2389,4.327706,1
caai,2390,8.728300,1
caai,2391,6.600422,1
caai,2392,13.768935,1
caai,2393,7.186827,1
caai,2394,13.664049,1
caai,2395,9.698119,1
caai,2396,8.159508,1
caai,2397,5.411436,1
caai,2398,5.943111,1
caai,2399,20.464734,1
caai,2400,4.114096,1
caai,2401,14.367673,1
caai,2402,14.730597,1
caai,2403,5.621668,1
caai,2404,13.220015,1
caai,2405,7.553172,1
caai,2406,8.634435,1
caai,2407,13.432310,1
caai,2408,8.814346,1
caai,2409,7.413336,1
caai,2410,4.064591,1
caai,2411,5.485073,1
caai,2412,10.179182,1
caai,2413,11.720427,1
caai,2414,6.448737,1
caai,2415,7.536798,1
caai,2416,9.621041,1
caai,2417,9.501901,1
caai,2418,19.597658,1
caai,2419,5.896640,1
caai,2420,3.321881,1
caai,2421,8.152125,1
caai,2422,5.801896,1
caai,2423,3.526788,1
caai,2424,10.738560,1
caai,2425,6.774902,1
caai,2426,8.880695,1
caai,2427,22.913969,1
caai,2428,4.821363,1
caai,2429,9.129166,1
caai,2430,9.273425,1
caai,2431,13.428519,1
caai,2432,6.842431,1
caai,2433,4.694198,1
caai,2434,5.904224,1
caai,2435,19.668909,1
caai,2436,11.356740,1
caai,2437,8.703295,1
caai,2438,8.967682,1
caai,2439,8.232546,1
caai,2440,4.657297,1
caai,2441,7.016030,1
caai,2442,3.517940,1
caai,2443,6.872040,1
caai,2444,10.723339,1
caai,2445,5.322640,1
caai,2446,6.365018,1
caai,2447,16.765051,1
caai,2448,10.054863,1
caai,2449,10.394505,1
caai,2450,7.338990,1
caai,2451,4.502099,1
caai,2452,3.711016,1
caai,2453,13.854959,1
caai,2454,4.478457,1
caai,2455,5.514995,1
caai,2456,4.576499,1
caai,2457,4.998428,1
caai,2458,5.032607,1
caai,2459,6.184929,1
caai,2460,10.262529,1
caai,2461,8.735311,1
caai,2462,19.091120,1
caai,2463,5.637359,1
caai,2464,10.129392,1
caai,2465,11.130855,1
caai,2466,6.920834,1
caai,2467,8.967557,1
caai,2468,7.603958,1
caai,2469,11.719376,1
caai,2470,9.354731,1
caai,2471,4.509230,1
caai,2472,9.553522,1
caai,2473,8.589703,1
caai,2474,20.814700,1
caai,2475,7.246734,1
caai,2476,6.221006,1
caai,2477,10.226611,1
caai,2478,4.337660,1
caai,2479,10.182535,1
caai,2480,4.183607,1
caai,2481,6.784267,1
caai,2482,14.146391,1
caai,2483,3.404775,1
caai,2484,16.209778,1
caai,2485,7.120998,1
caai,2486,5.052652,1
caai,2487,12.515769,1
caai,2488,13.864935,1
caai,2489,8.969825,1
caai,2490,10.234025,1
caai,2491,10.807306,1
caai,2492,6.285650,1
caai,2493,5.519662,1
caai,2494,6.895119,1
caai,2495,7.687286,1
caai,2496,5.840284,1
caai,2497,12.794817,1
caai,2498,3.983481,1
caai,2499,5.035776,1
caai,2500,9.721901,1
caai,2501,6.983285,1
caai,2502,12.164835,1
caai,2503,5.296216,1
caai,2504,4.276200,1
caai,2505,7.055658,1
caai,2506,10.465580,1
caai,2507,8.128402,1
caai,2508,8.119839,1
caai,2509,6.009253,1
caai,2510,11.151688,1
caai,2511,6.849678,1
caai,2512,8.733205,1
caai,2513,6.778691,1
caai,2514,11.054656,1
caai,2515,4.031994,1
caai,2516,7.307696,1
caai,2517,8.545059,1
caai,2518,8.033282,1
caai,2519,7.820402,1
caai,2520,8.441609,1
caai,2521,7.121916,1
caai,2522,21.327696,1
caai,2523,9.738737,1
caai,2524,7.783107,1
caai,2525,7.342343,1
caai,2526,15.545374,1
caai,2527,12.258822,1
caai,2528,3.833293,1
caai,2529,9.145038,1
caai,2530,7.712465,1
caai,2531,8.010297,1
caai,2532,4.441747,1
caai,2533,6.753805,1
caai,2534,9.664711,1
caai,2535,5.985383,1
caai,2536,9.308820,1
caai,2537,6.362819,1
caai,2538,5.032034,1
caai,2539,9.528256,1
caai,2540,21.782821,1
caai,2541,15.746573,1
caai,2542,5.441475,1
caai,2543,11.588324,1
caai,2544,10.910867,1
caai,2545,7.114729,1
caai,2546,6.722875,1
caai,2547,12.218656,1
caai,2548,6.248126,1
caai,2549,8.119238,1
caai,2550,13.815685,1
caai,2551,4.829854,1
caai,2552,8.147647,1
caai,2553,12.824463,1
caai,2554,9.428896,1
caai,2555,12.546615,1
caai,2556,5.445553,1
caai,2557,8.255247,1
caai,2558,9.315041,1
caai,2559,10.363919,1
caai,2560,13.700868,1
caai,2561,7.459959,1
caai,2562,9.424958,1
caai,2563,8.281479,1
caai,2564,5.355205,1
caai,2565,9.850545,1
caai,2566,9.090420,1
caai,2567,8.634713,1
caai,2568,6.775294,1
caai,2569,5.992857,1
caai,2570,7.242632,1
caai,2571,7.638563,1
caai,2572,9.648752,1
caai,2573,14.025661,1
caai,2574,13.904131,1
caai,2575,8.436181,1
caai,2576,20.708784,1
caai,2577,16.735288,1
caai,2578,4.277949,1
caai,2579,5.973773,1
caai,2580,11.961592,1
caai,2581,11.064837,1
caai,2582,10.606002,1
caai,2583,5.405334,1
caai,2584,8.713941,1
caai,2585,14.133138,1
caai,2586,13.706352,1
caai,2587,14.185800,1
caai,2588,4.797823,1
caai,2589,5.790041,1
caai,2590,11.226092,1
caai,2591,13.702634,1
caai,2592,7.126820,1
caai,2593,23.525620,1
caai,2594,7.427671,1
caai,2595,8.800875,1
caai,2596,10.951898,1
caai,2597,10.849964,1
caai,2598,7.833902,1
caai,2599,12.671435,1
caai,2600,12.040287,1
caai,2601,9.601058,1
caai,2602,5.496711,1
caai,2603,6.847171,1
caai,2604,6.789315,1
caai,2605,12.719434,1
caai,2606,6.149796,1
caai,2607,14.530035,1
caai,2608,10.115001,1
caai,2609,3.856740,1
caai,2610,8.375737,1
caai,2611,7.852593,1
caai,2612,9.168022,1
caai,2613,8.818717,1
caai,2614,13.757990,1
caai,2615,10.008561,1
caai,2616,6.509877,1
caai,2617,7.678280,1
caai,2618,16.442973,1
caai,2619,6.105470,1
caai,2620,10.508673,1
caai,2621,7.610186,1
caai,2622,6.358092,1
caai,2623,8.913003,1
caai,2624,7.204977,1
caai,2625,12.964222,1
caai,2626,5.611176,1
caai,2627,13.095993,1
caai,2628,5.593468,1
caai,2629,6.162943,1
caai,2630,7.743966,1
caai,2631,5.488620,1
caai,2632,5.365880,1
caai,2633,6.007113,1
caai,2634,6.152641,1
caai,2635,5.850889,1
caai,2636,7.267328,1
caai,2637,8.263331,1
caai,2638,10.424828,1
caai,2639,10.928862,1
caai,2640,5.826932,1
caai,2641,6.215255,1
caai,2642,7.064172,1
caai,2643,8.019561,1
caai,2644,10.307015,1
caai,2645,11.309274,1
caai,2646,9.440791,1
caai,2647,8.717438,1
caai,2648,20.937930,1
caai,2649,5.752626,1
caai,2650,6.322158,1
caai,2651,4.027604,1
caai,2652,8.573427,1
caai,2653,3.874094,1
caai,2654,11.361219,1
caai,2655,9.839097,1
caai,2656,16.034720,1
caai,2657,13.755781,1
caai,2658,11.521585,1
caai,2659,5.980416,1
caai,2660,12.504242,1
caai,2661,4.467520,1
caai,2662,11.333450,1
caai,2663,5.569301,1
caai,2664,9.394890,1
caai,2665,4.235415,1
caai,2666,14.619242,1
caai,2667,11.408078,1
caai,2668,9.550353,1
caai,2669,4.020690,1
caai,2670,7.299749,1
caai,2671,6.112995,1
caai,2672,5.095104,1
caai,2673,6.458880,1
caai,2674,18.675846,1
caai,2675,5.005440,1
caai,2676,3.645969,1
caai,2677,12.915662,1
caai,2678,14.788920,1
caai,2679,7.640609,1
caai,2680,6.409687,1
caai,2681,3.629253,1
caai,2682,10.115163,1
caai,2683,11.185988,1
caai,2684,12.022540,1
caai,2685,9.648500,1
caai,2686,8.640530,1
caai,2687,9.891637,1
caai,2688,4.583893,1
caai,2689,6.514973,1
caai,2690,8.039210,1
caai,2691,8.979548,1
caai,2692,12.767194,1
caai,2693,5.652483,1
caai,2694,11.844252,1
caai,2695,12.877367,1
caai,2696,8.733989,1
caai,2697,9.353756,1
caai,2698,4.169330,1
caai,2699,7.667028,1
caai,2700,6.457132,1
caai,2701,18.603533,1
caai,2702,5.442418,1
caai,2703,8.458478,1
caai,2704,4.709715,1
caai,2705,7.407057,1
caai,2706,4.205636,1
caai,2707,7.033024,1
caai,2708,17.621298,1
caai,2709,6.846355,1
caai,2710,7.504190,1
caai,2711,5.479878,1
caai,2712,5.060993,1
caai,2713,7.539017,1
caai,2714,15.538601,1
caai,2715,3.554857,1
caai,2716,4.626573,1
caai,2717,9.212789,1
caai,2718,6.919240,1
caai,2719,6.491918,1
caai,2720,5.056525,1
caai,2721,5.151081,1
caai,2722,10.843758,1
caai,2723,12.086525,1
caai,2724,13.476635,1
caai,2725,5.780724,1
caai,2726,3.733754,1
caai,2727,6.643922,1
caai,2728,5.369473,1
caai,2729,11.065826,1
caai,2730,17.868683,1
caai,2731,4.512446,1
caai,2732,3.783573,1
caai,2733,5.545987,1
caai,2734,12.633115,1
caai,2735,9.864476,1
caai,2736,3.871658,1
caai,2737,6.653740,1
caai,2738,3.835404,1
caai,2739,18.463642,1
caai,2740,10.563858,1
caai,2741,10.242492,1
caai,2742,9.110893,1
caai,2743,5.649330,1
caai,2744,13.397215,1
caai,2745,7.975261,1
caai,2746,8.145883,1
caai,2747,6.064938,1
caai,2748,9.713626,1
caai,2749,12.386054,1
caai,2750,5.428890,1
caai,2751,6.805741,1
caai,2752,6.762411,1
caai,2753,13.657679,1
caai,2754,3.587749,1
caai,2755,6.294213,1
caai,2756,15.733762,1
caai,2757,10.257955,1
caai,2758,16.662360,1
caai,2759,8.026994,1
caai,2760,8.024571,1
caai,2761,7.648207,1
caai,2762,9.915134,1
caai,2763,9.791143,1
caai,2764,12.765809,1
caai,2765,8.312222,1
caai,2766,4.641563,1
caai,2767,9.190421,1
caai,2768,4.761628,1
caai,2769,8.715813,1
caai,2770,5.806069,1
caai,2771,7.645055,1
caai,2772,5.881746,1
caai,2773,3.760971,1
caai,2774,13.841965,1
caai,2775,5.159624,1
caai,2776,16.154807,1
caai,2777,10.519197,1
caai,2778,8.118868,1
caai,2779,7.456197,1
caai,2780,15.927333,1
caai,2781,8.905854,1
caai,2782,9.117167,1
caai,2783,6.788667,1
caai,2784,5.817884,1
caai,2785,3.005512,1
caai,2786,9.811120,1
caai,2787,7.936403,1
caai,2788,8.031961,1
caai,2789,12.201212,1
caai,2790,9.493224,1
caai,2791,6.247774,1
caai,2792,10.136334,1
caai,2793,9.961995,1
caai,2794,5.290974,1
caai,2795,4.715109,1
caai,2796,6.872747,1
caai,2797,3.934469,1
caai,2798,7.800112,1
caai,2799,10.796840,1
caai,2800,19.698740,1
caai,2801,6.720993,1
caai,2802,11.335478,1
caai,2803,10.722382,1
caai,2804,11.917144,1
caai,2805,7.214096,1
caai,2806,9.502689,1
caai,2807,6.254062,1
caai,2808,4.700838,1
caai,2809,8.094764,1
caai,2810,5.605194,1
caai,2811,7.216446,1
caai,2812,6.939664,1
caai,2813,10.376225,1
caai,2814,7.584088,1
caai,2815,6.633976,1
caai,2816,7.721552,1
caai,2817,9.094869,1
caai,2818,10.974592,1
caai,2819,5.892167,1
caai,2820,6.670579,1
caai,2821,5.982815,1
caai,2822,6.910309,1
caai,2823,8.281321,1
caai,2824,24.269684,1
caai,2825,17.584395,1
caai,2826,5.239569,1
caai,2827,7.590240,1
caai,2828,13.333054,1
caai,2829,4.178070,1
caai,2830,3.573871,1
caai,2831,5.987739,1
caai,2832,6.985690,1
caai,2833,9.573448,1
caai,2834,6.432522,1
caai,2835,8.131224,1
caai,2836,9.969227,1
caai,2837,5.086911,1
caai,2838,6.627269,1
caai,2839,10.806497,1
caai,2840,5.382495,1
caai,2841,8.828403,1
caai,2842,7.332339,1
caai,2843,6.004875,1
caai,2844,11.441713,1
caai,2845,8.327373,1
caai,2846,11.987379,1
caai,2847,5.970252,1
caai,2848,7.022236,1
caai,2849,6.049216,1
caai,2850,8.453866,1
caai,2851,8.150794,1
caai,2852,7.127041,1
caai,2853,11.842363,1
caai,2854,8.454730,1
caai,2855,7.005337,1
caai,2856,9.494048,1
caai,2857,11.136933,1
caai,2858,7.159168,1
caai,2859,10.416302,1
caai,2860,6.336245,1
caai,2861,6.144978,1
caai,2862,12.427612,1
caai,2863,15.056749,1
caai,2864,4.443719,1
caai,2865,7.962663,1
caai,2866,5.428583,1
caai,2867,5.678476,1
caai,2868,8.876167,1
caai,2869,7.832301,1
caai,2870,6.898552,1
caai,2871,6.167809,1
caai,2872,6.511284,1
caai,2873,17.281155,1
caai,2874,9.491644,1
caai,2875,13.201684,1
caai,2876,10.374634,1
caai,2877,6.877670,1
caai,2878,10.487098,1
caai,2879,10.538290,1
caai,2880,9.585460,1
caai,2881,7.269840,1
caai,2882,7.422976,1
caai,2883,3.347570,1
caai,2884,6.871934,1
caai,2885,5.017484,1
caai,2886,8.167463,1
caai,2887,14.337689,1
caai,2888,7.255269,1
caai,2889,5.566352,1
caai,2890,12.256357,1
caai,2891,11.407046,1
caai,2892,7.566365,1
caai,2893,9.621909,1
caai,2894,8.134742,1
caai,2895,14.884597,1
caai,2896,6.422761,1
caai,2897,6.907873,1
caai,2898,6.369092,1
caai,2899,6.522567,1
caai,2900,7.639950,1
caai,2901,10.204536,1
caai,2902,4.095770,1
caai,2903,5.413829,1
caai,2904,12.140339,1
caai,2905,7.617870,1
caai,2906,8.995223,1
caai,2907,9.675081,1
caai,2908,8.350152,1
caai,2909,6.338511,1
caai,2910,12.193560,1
caai,2911,5.416434,1
caai,2912,8.950785,1
caai,2913,6.574149,1
caai,2914,8.484655,1
caai,2915,6.936935,1
caai,2916,4.933841,1
caai,2917,9.589954,1
caai,2918,10.928975,1
caai,2919,8.769227,1
caai,2920,11.265194,1
caai,2921,6.652046,1
caai,2922,6.141058,1
caai,2923,8.175353,1
caai,2924,5.856331,1
caai,2925,9.598646,1
caai,2926,13.436588,1
caai,2927,7.111478,1
caai,2928,4.879665,1
caai,2929,10.402503,1
caai,2930,15.264112,1
caai,2931,11.915161,1
caai,2932,7.759005,1
caai,2933,11.833335,1
caai,2934,11.294299,1
caai,2935,4.929986,1
caai,2936,5.275283,1
caai,2937,5.655230,1
caai,2938,6.084153,1
caai,2939,2.990882,1
caai,2940,6.488572,1
caai,2941,5.935799,1
caai,2942,13.701481,1
caai,2943,5.720108,1
caai,2944,9.497464,1
caai,2945,12.221845,1
caai,2946,11.650065,1
caai,2947,11.662200,1
caai,2948,16.840960,1
caai,2949,16.500670,1
caai,2950,5.851547,1
caai,2951,8.284206,1
caai,2952,5.219915,1
caai,2953,7.756557,1
caai,2954,6.094857,1
caai,2955,4.510750,1
caai,2956,12.400705,1
caai,2957,4.680400,1
caai,2958,13.505886,1
caai,2959,9.781843,1
caai,2960,13.108896,1
caai,2961,5.095378,1
caai,2962,7.950388,1
caai,2963,10.939746,1
caai,2964,11.842808,1
caai,2965,5.668617,1
caai,2966,4.225410,1
caai,2967,10.505616,1
caai,2968,12.595606,1
caai,2969,14.109585,1
caai,2970,16.145107,1
caai,2971,8.427828,1
caai,2972,6.176324,1
caai,2973,5.573342,1
caai,2974,8.974018,1
caai,2975,15.330939,1
caai,2976,6.937153,1
caai,2977,9.883006,1
caai,2978,5.157888,1
caai,2979,13.548086,1
caai,2980,7.941959,1
caai,2981,10.341962,1
caai,2982,13.122786,1
caai,2983,7.134427,1
caai,2984,6.375064,1
caai,2985,8.173818,1
caai,2986,7.132236,1
caai,2987,12.399487,1
caai,2988,12.602117,1
caai,2989,5.963444,1
caai,2990,12.028663,1
caai,2991,15.272247,1
caai,2992,5.165014,1
caai,2993,7.494687,1
caai,2994,6.438652,1
caai,2995,11.670222,1
caai,2996,10.797990,1
caai,2997,8.116026,1
caai,2998,13.507888,1
caai,2999,10.180909,1
caai,3000,15.737259,1
caai,3001,3.859653,1
caai,3002,4.646392,1
caai,3003,17.025977,1
caai,3004,7.392920,1
caai,3005,6.332941,1
caai,3006,5.896267,1
caai,3007,9.368550,1
caai,3008,13.177336,1
caai,3009,8.525934,1
caai,3010,9.855678,1
caai,3011,10.186172,1
caai,3012,4.219589,1
caai,3013,7.297606,1
caai,3014,11.999043,1
caai,3015,12.274164,1
caai,3016,16.174974,1
caai,3017,7.062155,1
caai,3018,12.602387,1
caai,3019,11.427474,1
caai,3020,10.457294,1
caai,3021,12.649717,1
caai,3022,4.582699,1
caai,3023,10.471453,1
caai,3024,14.402619,1
caai,3025,4.798899,1
caai,3026,6.140168,1
caai,3027,9.543602,1
caai,3028,7.380648,1
caai,3029,5.473895,1
caai,3030,13.722203,1
caai,3031,10.132474,1
caai,3032,3.866441,1
caai,3033,5.127043,1
caai,3034,13.264721,1
caai,3035,16.554586,1
caai,3036,5.170928,1
caai,3037,7.874190,1
caai,3038,7.577640,1
caai,3039,11.614819,1
caai,3040,9.047265,1
caai,3041,5.524142,1
caai,3042,12.967014,1
caai,3043,6.095830,1
caai,3044,15.026827,1
caai,3045,8.073241,1
caai,3046,9.077384,1
caai,3047,8.352352,1
caai,3048,13.087318,1
caai,3049,9.589172,1
caai,3050,10.333735,1
caai,3051,18.588128,1
caai,3052,14.212532,1
caai,3053,10.167358,1
caai,3054,5.288081,1
caai,3055,9.500873,1
caai,3056,7.644494,1
caai,3057,5.724947,1
caai,3058,13.990002,1
caai,3059,6.485578,1
caai,3060,7.138518,1
caai,3061,12.005191,1
caai,3062,7.052469,1
caai,3063,8.825862,1
caai,3064,6.854862,1
caai,3065,11.652296,1
caai,3066,5.792642,1
caai,3067,11.814853,1
caai,3068,10.277879,1
caai,3069,8.902192,1
caai,3070,4.040864,1
caai,3071,7.879500,1
caai,3072,6.175476,1
caai,3073,7.009047,1
caai,3074,4.716778,1
caai,3075,5.594416,1
caai,3076,8.214668,1
caai,3077,6.116530,1
caai,3078,7.796217,1
caai,3079,5.340915,1
caai,3080,9.775560,1
caai,3081,7.299332,1
caai,3082,8.285994,1
caai,3083,16.037715,1
caai,3084,7.515755,1
caai,3085,10.530188,1
caai,3086,8.096601,1
caai,3087,5.768961,1
caai,3088,10.715673,1
caai,3089,15.548481,1
caai,3090,7.273936,1
caai,3091,13.282485,1
caai,3092,11.768109,1
caai,3093,8.880209,1
caai,3094,7.032197,1
caai,3095,7.142855,1
caai,3096,9.297197,1
caai,3097,9.509748,1
caai,3098,6.873718,1
caai,3099,9.039633,1
caai,3100,17.385575,1
caai,3101,13.619859,1
caai,3102,7.867083,1
caai,3103,8.963397,1
caai,3104,7.987695,1
caai,3105,11.543942,1
caai,3106,7.892575,1
caai,3107,10.273027,1
caai,3108,6.256498,1
caai,3109,5.588136,1
caai,3110,5.275258,1
caai,3111,10.768474,1
caai,3112,12.182730,1
caai,3113,4.329065,1
caai,3114,13.685751,1
caai,3115,10.631407,1
caai,3116,4.354090,1
caai,3117,8.320752,1
caai,3118,14.570656,1
caai,3119,6.122926,1
caai,3120,8.624375,1
caai,3121,7.693510,1
caai,3122,8.173300,1
caai,3123,8.398617,1
caai,3124,6.474071,1
caai,3125,14.792828,1
caai,3126,6.584354,1
caai,3127,7.068722,1
caai,3128,11.839076,1
caai,3129,8.213698,1
caai,3130,6.936287,1
caai,3131,4.174027,1
caai,3132,8.115503,1
caai,3133,7.474836,1
caai,3134,19.104429,1
caai,3135,7.898007,1
caai,3136,7.756313,1
caai,3137,17.473825,1
caai,3138,20.968253,1
caai,3139,2.158460,1
caai,3140,9.660931,1
caai,3141,12.770210,1
caai,3142,10.956487,1
caai,3143,5.793708,1
caai,3144,7.682526,1
caai,3145,11.674907,1
caai,3146,9.281434,1
caai,3147,4.130405,1
caai,3148,17.589748,1
caai,3149,7.515293,1
caai,3150,6.290545,1
caai,3151,8.055601,1
caai,3152,6.627717,1
caai,3153,5.872016,1
caai,3154,5.190662,1
caai,3155,4.348353,1
caai,3156,11.630758,1
caai,3157,6.483770,1
caai,3158,9.370142,1
caai,3159,5.266497,1
caai,3160,11.842345,1
caai,3161,9.520531,1
caai,3162,4.165560,1
caai,3163,4.068362,1
caai,3164,15.806692,1
caai,3165,5.133406,1
caai,3166,5.895680,1
caai,3167,7.504994,1
caai,3168,8.146715,1
caai,3169,4.768805,1
caai,3170,5.223202,1
caai,3171,4.591170,1
caai,3172,8.085755,1
caai,3173,7.172052,1
caai,3174,7.004509,1
caai,3175,8.725496,1
caai,3176,3.189458,1
caai,3177,5.633477,1
caai,3178,4.961446,1
caai,3179,5.695702,1
caai,3180,8.497686,1
caai,3181,9.553008,1
caai,3182,5.081868,1
caai,3183,4.863354,1
caai,3184,5.995096,1
caai,3185,4.355017,1
caai,3186,6.237286,1
caai,3187,5.420784,1
caai,3188,19.628003,1
caai,3189,4.814908,1
caai,3190,5.797522,1
caai,3191,6.626609,1
caai,3192,5.652049,1
caai,3193,3.212709,1
caai,3194,4.041729,1
caai,3195,8.519116,1
caai,3196,5.795919,1
caai,3197,9.014413,1
caai,3198,5.309754,1
caai,3199,6.717866,1
caai,3200,11.074867,1
caai,3201,6.242106,1
caai,3202,6.317401,1
caai,3203,7.440953,1
caai,3204,13.414304,1
caai,3205,25.325173,1
caai,3206,12.775153,1
caai,3207,4.700339,1
caai,3208,8.368240,1
caai,3209,11.162105,1
caai,3210,17.711125,1
caai,3211,6.179974,1
caai,3212,6.400331,1
caai,3213,5.933648,1
caai,3214,6.036029,1
caai,3215,7.362288,1
caai,3216,6.920136,1
caai,3217,8.923363,1
caai,3218,7.374945,1
caai,3219,11.159989,1
caai,3220,9.854756,1
caai,3221,16.879218,1
caai,3222,3.751102,1
caai,3223,11.941108,1
caai,3224,12.250815,1
caai,3225,7.508843,1
caai,3226,8.280430,1
caai,3227,8.109953,1
caai,3228,10.458524,1
caai,3229,9.613719,1
caai,3230,6.975302,1
caai,3231,5.077136,1
caai,3232,10.677369,1
caai,3233,4.671542,1
caai,3234,5.213707,1
caai,3235,9.159174,1
caai,3236,8.219078,1
caai,3237,10.021682,1
caai,3238,8.442834,1
caai,3239,14.082111,1
caai,3240,6.174500,1
caai,3241,9.163064,1
caai,3242,5.265335,1
caai,3243,7.385487,1
caai,3244,4.831064,1
caai,3245,13.042791,1
caai,3246,6.353155,1
caai,3247,9.582655,1
caai,3248,7.306069,1
caai,3249,5.274975,1
caai,3250,4.712728,1
caai,3251,15.733871,1
caai,3252,12.146238,1
caai,3253,5.368842,1
caai,3254,11.394780,1
caai,3255,5.913952,1
caai,3256,15.448236,1
caai,3257,16.369048,1
caai,3258,11.203482,1
caai,3259,5.935784,1
caai,3260,5.218471,1
caai,3261,14.482464,1
caai,3262,11.485852,1
caai,3263,9.316266,1
caai,3264,11.779503,1
caai,3265,7.718909,1
caai,3266,10.352239,1
caai,3267,4.849818,1
caai,3268,9.852368,1
caai,3269,10.099660,1
caai,3270,10.773444,1
caai,3271,7.216986,1
caai,3272,6.323839,1
caai,3273,7.080182,1
caai,3274,14.409173,1
caai,3275,24.705072,1
caai,3276,5.009437,1
caai,3277,7.872231,1
caai,3278,10.234311,1
caai,3279,8.962865,1
caai,3280,8.976394,1
caai,3281,8.091880,1
caai,3282,12.194094,1
caai,3283,5.734995,1
caai,3284,10.507588,1
caai,3285,11.002092,1
caai,3286,8.830746,1
caai,3287,10.305008,1
caai,3288,6.720653,1
caai,3289,6.160852,1
caai,3290,10.602124,1
caai,3291,6.815911,1
caai,3292,7.206490,1
caai,3293,7.747134,1
caai,3294,10.103756,1
caai,3295,6.727787,1
caai,3296,4.630344,1
caai,3297,6.841121,1
caai,3298,14.263615,1
caai,3299,15.505928,1
caai,3300,7.398041,2
caai,3301,9.407594,2
caai,3302,5.977083,2
caai,3303,6.379217,2
caai,3304,9.560561,2
caai,3305,6.479852,2
caai,3306,7.680920,2
caai,3307,9.393246,2
caai,3308,3.664702,2
caai,3309,10.842400,2
caai,3310,4.533915,2
caai,3311,5.823991,2
caai,3312,4.977588,2
caai,3313,4.874095,2
caai,3314,6.845027,2
caai,3315,9.527033,2
caai,3316,8.480835,2
caai,3317,3.817306,2
caai,3318,7.787134,2
caai,3319,8.149221,2
caai,3320,4.037354,2
caai,3321,10.578984,2
caai,3322,5.388894,2
caai,3323,11.645175,2
caai,3324,6.309295,2
caai,3325,3.058781,2
caai,3326,13.412787,2
caai,3327,10.192832,2
caai,3328,6.848922,2
caai,3329,5.847344,2
caai,3330,8.113352,2
caai,3331,12.128037,2
caai,3332,8.136565,2
caai,3333,5.366955,2
caai,3334,7.373107,2
caai,3335,7.740758,2
caai,3336,3.277518,2
caai,3337,4.702249,2
caai,3338,5.388079,2
caai,3339,5.964618,2
caai,3340,7.398223,2
caai,3341,8.058555,2
caai,3342,7.186098,2
caai,3343,8.830389,2
caai,3344,11.934638,2
caai,3345,12.046514,2
caai,3346,10.371048,2
caai,3347,9.960660,2
caai,3348,6.612668,2
caai,3349,7.937989,2
caai,3350,8.063841,2
caai,3351,7.105638,2
caai,3352,7.158859,2
caai,3353,6.248840,2
caai,3354,7.280931,2
caai,3355,11.858819,2
caai,3356,4.578660,2
caai,3357,7.559241,2
caai,3358,7.682689,2
caai,3359,8.239850,2
caai,3360,5.790448,1
caai,3361,5.626639,1
caai,3362,3.668898,1
caai,3363,6.380377,1
caai,3364,10.923846,1
caai,3365,7.085945,1
caai,3366,5.943424,1
caai,3367,7.410423,1
caai,3368,11.050061,1
caai,3369,5.624335,1
caai,3370,4.717539,1
caai,3371,6.167085,1
caai,3372,8.149019,1
caai,3373,8.728077,1
caai,3374,8.672081,1
caai,3375,13.947347,1
caai,3376,17.211378,1
caai,3377,9.595235,1
caai,3378,23.193081,1
caai,3379,11.705587,1
caai,3380,9.793742,1
caai,3381,17.398015,1
caai,3382,6.780555,1
caai,3383,8.480475,1
caai,3384,5.778486,1
caai,3385,5.530255,1
caai,3386,8.549471,1
caai,3387,10.351997,1
caai,3388,4.509407,1
caai,3389,8.600557,1
caai,3390,9.347792,1
caai,3391,7.384460,1
caai,3392,6.471899,1
caai,3393,8.176018,1
caai,3394,14.769989,1
caai,3395,9.378920,1
caai,3396,13.333972,1
caai,3397,9.681984,1
caai,3398,6.645571,1
caai,3399,8.284130,1
caai,3400,9.899948,1
caai,3401,8.745804,1
caai,3402,6.709338,1
caai,3403,21.474400,1
caai,3404,3.350235,1
caai,3405,4.873338,1
caai,3406,15.621073,1
caai,3407,10.003868,1
caai,3408,16.341240,1
caai,3409,5.527019,1
caai,3410,7.494352,1
caai,3411,8.041465,1
caai,3412,7.277870,1
caai,3413,7.919208,1
caai,3414,7.121908,1
caai,3415,7.716915,1
caai,3416,8.916431,1
caai,3417,5.445854,1
caai,3418,3.000996,1
caai,3419,6.039922,1
caai,3420,5.791886,1
caai,3421,11.247977,1
caai,3422,8.414120,1
caai,3423,5.586780,1
caai,3424,4.824994,1
caai,3425,8.891802,1
caai,3426,12.732344,1
caai,3427,4.504351,1
caai,3428,9.740596,1
caai,3429,4.500819,1
caai,3430,4.866597,1
caai,3431,6.456273,1
caai,3432,5.362471,1
caai,3433,4.926000,1
caai,3434,9.680819,1
caai,3435,8.888851,1
caai,3436,7.547727,1
caai,3437,7.591478,1
caai,3438,4.139040,1
caai,3439,5.162575,1
caai,3440,5.361266,1
caai,3441,7.849335,1
caai,3442,6.141435,1
caai,3443,16.824317,1
caai,3444,8.416697,1
caai,3445,14.667953,1
caai,3446,8.476997,1
caai,3447,11.593194,1
caai,3448,9.165279,1
caai,3449,15.037791,1
caai,3450,6.682391,1
caai,3451,5.629995,1
caai,3452,7.200477,1
caai,3453,14.037164,1
caai,3454,8.299876,1
caai,3455,6.459586,1
caai,3456,7.387057,1
caai,3457,10.666889,1
caai,3458,9.570000,1
caai,3459,2.732972,1
caai,3460,4.727083,1
caai,3461,7.249977,1
caai,3462,9.144956,1
caai,3463,8.285128,1
caai,3464,8.008506,1
caai,3465,10.146738,1
caai,3466,8.175782,1
caai,3467,3.245790,1
caai,3468,5.469279,1
caai,3469,7.756715,1
caai,3470,5.632231,1
caai,3471,11.986466,1
caai,3472,10.781357,1
caai,3473,5.495387,1
caai,3474,14.897032,1
caai,3475,6.630550,1
caai,3476,7.705804,1
caai,3477,8.890437,1
caai,3478,5.100487,1
caai,3479,4.814326,1
caai,3480,7.021869,1
caai,3481,7.793102,1
caai,3482,7.239282,1
caai,3483,7.114352,1
caai,3484,10.345960,1
caai,3485,6.904753,1
caai,3486,11.266108,1
caai,3487,10.741097,1
caai,3488,20.607834,1
caai,3489,26.328697,1
caai,3490,14.326346,1
caai,3491,6.943572,1
caai,3492,8.317253,1
caai,3493,12.025110,1
caai,3494,25.061512,1
caai,3495,11.972025,1
caai,3496,9.713952,1
caai,3497,19.426229,1
caai,3498,8.826828,1
caai,3499,6.196191,1
caai,3500,6.798671,1
caai,3501,6.058527,1
caai,3502,7.068292,1
caai,3503,12.230370,1
caai,3504,8.659458,1
caai,3505,8.849710,1
caai,3506,6.913327,1
caai,3507,6.929593,1
caai,3508,5.541470,1
caai,3509,10.323768,1
caai,3510,9.660047,1
caai,3511,5.214861,1
caai,3512,9.639382,1
caai,3513,8.807043,1
caai,3514,8.077590,1
caai,3515,21.233028,1
caai,3516,7.809616,1
caai,3517,7.164453,1
caai,3518,6.981039,1
caai,3519,5.569474,1
caai,3520,12.584752,1
caai,3521,5.202387,1
caai,3522,5.926431,1
caai,3523,11.995813,1
caai,3524,5.630618,1
caai,3525,8.558097,1
caai,3526,2.415900,1
caai,3527,7.061017,1
caai,3528,5.470608,1
caai,3529,5.487841,1
caai,3530,11.738249,1
caai,3531,5.016088,1
caai,3532,11.060813,1
caai,3533,5.049280,1
caai,3534,7.457850,1
caai,3535,8.114623,1
caai,3536,7.063546,1
caai,3537,6.849660,1
caai,3538,9.139445,1
caai,3539,8.648231,1
caai,3540,4.581288,2
caai,3541,13.525098,2
caai,3542,4.386370,2
caai,3543,3.732579,2
caai,3544,6.228109,2
caai,3545,8.576545,2
caai,3546,5.795952,2
caai,3547,8.091596,2
caai,3548,7.194321,2
caai,3549,3.300856,2
caai,3550,5.543402,2
caai,3551,8.114388,2
caai,3552,5.305269,2
caai,3553,7.823243,2
caai,3554,7.675931,2
caai,3555,7.121063,2
caai,3556,5.156368,2
caai,3557,5.556014,2
caai,3558,8.907541,2
caai,3559,4.622017,2
caai,3560,5.452301,2
caai,3561,9.498747,2
caai,3562,6.531727,2
caai,3563,11.004948,2
caai,3564,7.654798,2
caai,3565,6.005442,2
caai,3566,4.842190,2
caai,3567,10.117053,2
caai,3568,11.935274,2
caai,3569,7.149827,2
caai,3570,7.448259,2
caai,3571,6.067403,2
caai,3572,12.992349,2
caai,3573,9.255884,2
caai,3574,4.357047,2
caai,3575,14.523931,2
caai,3576,7.350382,2
caai,3577,6.503815,2
caai,3578,11.369828,2
caai,3579,8.890350,2
caai,3580,4.377508,2
caai,3581,3.692865,2
caai,3582,14.927982,2
caai,3583,9.297753,2
caai,3584,8.313733,2
caai,3585,8.863185,2
caai,3586,8.842467,2
caai,3587,5.875300,2
caai,3588,3.482579,2
caai,3589,3.190108,2
caai,3590,5.933844,2
caai,3591,6.682497,2
caai,3592,10.788339,2
caai,3593,6.352957,2
caai,3594,5.529554,2
caai,3595,6.063649,2
caai,3596,3.335011,2
caai,3597,6.390648,2
caai,3598,8.844932,2
caai,3599,14.312713,2
caai,3600,8.893628,2
caai,3601,9.820808,2
caai,3602,12.907131,2
caai,3603,12.523355,2
caai,3604,20.872591,2
caai,3605,9.721199,2
caai,3606,15.901851,2
caai,3607,9.051222,2
caai,3608,12.883728,2
caai,3609,8.979168,2
caai,3610,15.418275,2
caai,3611,14.619218,2
caai,3612,22.548428,2
caai,3613,11.031523,2
caai,3614,11.193753,2
caai,3615,10.939678,2
caai,3616,7.062083,2
caai,3617,17.264446,2
caai,3618,5.924787,2
caai,3619,12.422008,2
caai,3620,12.150716,2
caai,3621,5.786384,2
caai,3622,4.251874,2
caai,3623,5.333074,2
caai,3624,6.468284,2
caai,3625,9.678470,2
caai,3626,8.805797,2
caai,3627,13.037773,2
caai,3628,6.242394,2
caai,3629,9.746816,2
caai,3630,10.484067,2
caai,3631,19.480141,2
caai,3632,16.665240,2
caai,3633,13.688113,2
caai,3634,17.397050,2
caai,3635,4.850010,2
caai,3636,22.862942,2
caai,3637,14.924738,2
caai,3638,8.401547,2
caai,3639,13.266073,2
caai,3640,15.889406,2
caai,3641,22.326084,2
caai,3642,8.958257,2
caai,3643,11.093383,2
caai,3644,12.438750,2
caai,3645,6.449450,2
caai,3646,11.414969,2
caai,3647,15.569974,2
caai,3648,9.834539,2
caai,3649,7.333362,2
caai,3650,4.892401,2
caai,3651,15.922014,2
caai,3652,4.037294,2
caai,3653,11.951155,2
caai,3654,6.606670,2
caai,3655,9.650785,2
caai,3656,11.127318,2
caai,3657,5.359203,2
caai,3658,16.508276,2
caai,3659,14.735137,2
caai,3660,9.256960,2
caai,3661,11.656667,2
caai,3662,7.207094,2
caai,3663,17.192303,2
caai,3664,7.988572,2
caai,3665,16.005156,2
caai,3666,15.986346,2
caai,3667,9.191376,2
caai,3668,13.052223,2
caai,3669,8.798753,2
caai,3670,13.283472,2
caai,3671,13.928144,2
caai,3672,19.547258,2
caai,3673,12.718687,2
caai,3674,7.368398,2
caai,3675,10.020432,2
caai,3676,10.159610,2
caai,3677,13.120080,2
caai,3678,7.693175,2
caai,3679,7.124465,2
caai,3680,12.530296,2
caai,3681,10.004459,2
caai,3682,17.587985,2
caai,3683,13.047371,2
caai,3684,21.370825,2
caai,3685,15.237842,2
caai,3686,11.060996,2
caai,3687,8.177939,2
caai,3688,11.945088,2
caai,3689,10.785391,2
caai,3690,10.203267,2
caai,3691,17.679191,2
caai,3692,10.071939,2
caai,3693,9.184552,2
caai,3694,17.629745,2
caai,3695,11.550463,2
caai,3696,8.357834,2
caai,3697,10.021782,2
caai,3698,17.704534,2
caai,3699,7.863656,2
caai,3700,10.890115,2
caai,3701,18.509216,2
caai,3702,11.291780,2
caai,3703,13.498599,2
caai,3704,11.039980,2
caai,3705,17.812975,2
caai,3706,17.437877,2
caai,3707,14.724192,2
caai,3708,7.324277,2
caai,3709,12.296675,2
caai,3710,11.315998,2
caai,3711,13.978517,2
caai,3712,15.186864,2
caai,3713,9.151985,2
caai,3714,15.076928,2
caai,3715,8.577178,2
caai,3716,3.991571,2
caai,3717,10.159715,2
caai,3718,16.653237,2
caai,3719,13.088948,2
caai,3720,8.291255,2
caai,3721,7.895349,2
caai,3722,3.758326,2
caai,3723,25.949322,2
caai,3724,8.251308,2
caai,3725,13.418955,2
caai,3726,7.965279,2
caai,3727,12.357249,2
caai,3728,11.760098,2
caai,3729,6.667087,2
caai,3730,11.624911,2
caai,3731,10.032895,2
caai,3732,6.392362,2
caai,3733,6.776578,2
caai,3734,11.575718,2
caai,3735,6.700139,2
caai,3736,10.551026,2
caai,3737,8.177312,2
caai,3738,10.457850,2
caai,3739,15.627609,2
caai,3740,15.042862,2
caai,3741,8.932769,2
caai,3742,11.324543,2
caai,3743,8.035411,2
caai,3744,4.402192,2
caai,3745,11.586744,2
caai,3746,8.326230,2
caai,3747,7.992084,2
caai,3748,15.946825,2
caai,3749,9.819299,2
caai,3750,6.157918,2
caai,3751,14.508671,2
caai,3752,16.933361,2
caai,3753,9.188464,2
caai,3754,4.542444,2
caai,3755,31.409461,2
caai,3756,7.547637,2
caai,3757,9.165785,2
caai,3758,22.858389,2
caai,3759,24.520248,2
caai,3760,13.242909,2
caai,3761,21.634666,2
caai,3762,18.210061,2
caai,3763,8.337012,2
caai,3764,9.501457,2
caai,3765,8.061921,2
caai,3766,11.235151,2
caai,3767,11.473854,2
caai,3768,14.411860,2
caai,3769,7.155029,2
caai,3770,16.001174,2
caai,3771,7.151576,2
caai,3772,14.762498,2
caai,3773,7.266154,2
caai,3774,3.959118,2
caai,3775,5.030705,2
caai,3776,18.303899,2
caai,3777,8.118043,2
caai,3778,20.101358,2
caai,3779,8.415773,2
caai,3780,6.881479,2
caai,3781,11.813288,2
caai,3782,10.874281,2
caai,3783,13.969603,2
caai,3784,17.879619,2
caai,3785,6.852327,2
caai,3786,12.880806,2
caai,3787,8.654687,2
caai,3788,19.814594,2
caai,3789,16.533079,2
caai,3790,8.436257,2
caai,3791,8.776442,2
caai,3792,21.058272,2
caai,3793,14.346093,2
caai,3794,11.806862,2
caai,3795,11.081219,2
caai,3796,14.104676,2
caai,3797,10.055665,2
caai,3798,12.116384,2
caai,3799,9.979636,2
caai,3800,6.111638,2
caai,3801,13.861723,2
caai,3802,7.984821,2
caai,3803,5.723851,2
caai,3804,11.071838,2
caai,3805,8.632422,2
caai,3806,11.697433,2
caai,3807,7.070001,2
caai,3808,13.483302,2
caai,3809,18.325093,2
caai,3810,8.647358,2
caai,3811,10.195050,2
caai,3812,10.254841,2
caai,3813,11.677551,2
caai,3814,10.246454,2
caai,3815,7.971139,2
caai,3816,21.356878,2
caai,3817,5.299446,2
caai,3818,8.644003,2
caai,3819,10.972451,2
caai,3820,7.199676,2
caai,3821,13.205321,2
caai,3822,8.485789,2
caai,3823,21.158163,2
caai,3824,18.614175,2
caai,3825,5.233170,2
caai,3826,8.616177,2
caai,3827,15.625088,2
caai,3828,11.858176,2
caai,3829,10.117754,2
caai,3830,19.399013,2
caai,3831,10.649030,2
caai,3832,8.653635,2
caai,3833,8.518273,2
caai,3834,25.562612,2
caai,3835,17.073490,2
caai,3836,5.323526,2
caai,3837,23.002466,2
caai,3838,20.427627,2
caai,3839,5.626697,2
caai,3840,7.221261,2
caai,3841,7.607272,2
caai,3842,7.260899,2
caai,3843,8.745110,2
caai,3844,10.423144,2
caai,3845,18.894358,2
caai,3846,9.190234,2
caai,3847,12.460236,2
caai,3848,13.455089,2
caai,3849,9.676297,2
caai,3850,16.281716,2
caai,3851,7.665005,2
caai,3852,12.214107,2
caai,3853,15.447404,2
caai,3854,9.140185,2
caai,3855,8.154034,2
caai,3856,10.175828,2
caai,3857,7.350451,2
caai,3858,8.353917,2
caai,3859,15.652823,2
caai,3860,8.629559,2
caai,3861,13.533957,2
caai,3862,12.278671,2
caai,3863,15.167348,2
caai,3864,12.233420,2
caai,3865,13.191917,2
caai,3866,7.295012,2
caai,3867,15.017820,2
caai,3868,15.041190,2
caai,3869,13.412119,2
caai,3870,6.527700,2
caai,3871,12.986173,2
caai,3872,9.890271,2
caai,3873,14.159894,2
caai,3874,10.877868,2
caai,3875,6.076902,2
caai,3876,8.092425,2
caai,3877,13.810785,2
caai,3878,10.504555,2
caai,3879,6.823913,2
caai,3880,24.280031,2
caai,3881,17.384052,2
caai,3882,7.475162,2
caai,3883,12.559156,2
caai,3884,15.010119,2
caai,3885,8.716344,2
caai,3886,13.126132,2
caai,3887,6.693554,2
caai,3888,12.929719,2
caai,3889,17.519363,2
caai,3890,7.865504,2
caai,3891,13.309758,2
caai,3892,12.858537,2
caai,3893,20.180809,2
caai,3894,11.684202,2
caai,3895,15.423281,2
caai,3896,7.862095,2
caai,3897,24.654703,2
caai,3898,13.428305,2
caai,3899,6.078834,2
caai,3900,11.184144,2
caai,3901,5.006716,2
caai,3902,10.204455,2
caai,3903,9.556956,2
caai,3904,8.600208,2
caai,3905,7.792406,2
caai,3906,7.685012,2
caai,3907,6.202872,2
caai,3908,15.245252,2
caai,3909,5.096008,2
caai,3910,18.189927,2
caai,3911,6.834835,2
caai,3912,11.416979,2
caai,3913,9.841448,2
caai,3914,12.145077,2
caai,3915,6.397009,2
caai,3916,14.500085,2
caai,3917,9.714557,2
caai,3918,13.024241,2
caai,3919,10.667052,2
caai,3920,8.747781,2
caai,3921,12.303657,2
caai,3922,20.565853,2
caai,3923,12.554992,2
caai,3924,15.013301,2
caai,3925,8.745822,2
caai,3926,10.019797,2
caai,3927,9.700615,2
caai,3928,16.332409,2
caai,3929,9.377990,2
caai,3930,8.301067,2
caai,3931,9.574744,2
caai,3932,9.845420,2
caai,3933,12.430964,2
caai,3934,5.320387,2
caai,3935,10.732889,2
caai,3936,14.100843,2
caai,3937,9.790306,2
caai,3938,8.532049,2
caai,3939,5.911773,2
caai,3940,9.963100,2
caai,3941,19.518135,2
caai,3942,12.663861,2
caai,3943,9.784065,2
caai,3944,11.724639,2
caai,3945,10.344307,2
caai,3946,7.025358,2
caai,3947,8.332317,2
caai,3948,12.211019,2
caai,3949,10.919897,2
caai,3950,12.124116,2
caai,3951,14.009548,2
caai,3952,9.455539,2
caai,3953,12.424537,2
caai,3954,8.530566,2
caai,3955,23.803112,2
caai,3956,10.699631,2
caai,3957,9.219783,2
caai,3958,6.904782,2
caai,3959,18.899852,2
caai,3960,10.538310,2
caai,3961,5.635820,2
caai,3962,6.551066,2
caai,3963,14.188720,2
caai,3964,12.543146,2
caai,3965,6.545047,2
caai,3966,6.261445,2
caai,3967,8.495910,2
caai,3968,8.697488,2
caai,3969,15.106975,2
caai,3970,28.030733,2
caai,3971,9.622539,2
caai,3972,6.573852,2
caai,3973,16.822018,2
caai,3974,4.340261,2
caai,3975,7.682567,2
caai,3976,15.592278,2
caai,3977,8.589314,2
caai,3978,16.299769,2
caai,3979,28.810144,2
caai,3980,9.634269,2
caai,3981,8.651572,2
caai,3982,11.217956,2
caai,3983,9.073039,2
caai,3984,3.494705,2
caai,3985,13.486480,2
caai,3986,17.293434,2
caai,3987,6.820803,2
caai,3988,10.932975,2
caai,3989,7.882326,2
caai,3990,9.528546,2
caai,3991,13.267353,2
caai,3992,22.295826,2
caai,3993,8.102804,2
caai,3994,11.649436,2
caai,3995,13.613547,2
caai,3996,16.954484,2
caai,3997,10.275646,2
caai,3998,6.045638,2
caai,3999,17.168514,2
caai,4000,12.364623,2
caai,4001,11.084742,2
caai,4002,8.769538,2
caai,4003,6.588246,2
caai,4004,7.601112,2
caai,4005,13.535595,2
caai,4006,11.608043,2
caai,4007,4.631584,2
caai,4008,14.436164,2
caai,4009,9.169520,2
caai,4010,8.971112,2
caai,4011,6.643324,2
caai,4012,7.794114,2
caai,4013,14.789741,2
caai,4014,12.661710,2
caai,4015,7.271421,2
caai,4016,8.917316,2
caai,4017,5.734488,2
caai,4018,6.579193,2
caai,4019,10.191299,2
caai,4020,4.750369,2
caai,4021,11.790752,2
caai,4022,10.137665,2
caai,4023,9.444773,2
caai,4024,10.030846,2
caai,4025,9.750658,2
caai,4026,9.671710,2
caai,4027,8.086416,2
caai,4028,6.587314,2
caai,4029,11.465207,2
caai,4030,6.368721,2
caai,4031,3.989115,2
caai,4032,7.674332,2
caai,4033,8.804830,2
caai,4034,10.571026,2
caai,4035,9.187107,2
caai,4036,8.934182,2
caai,4037,8.356875,2
caai,4038,23.544002,2
caai,4039,12.940156,2
caai,4040,5.778019,2
caai,4041,9.446600,2
caai,4042,10.693058,2
caai,4043,13.321574,2
caai,4044,17.653238,2
caai,4045,10.691412,2
caai,4046,8.002453,2
caai,4047,11.126829,2
caai,4048,8.215204,2
caai,4049,8.677647,2
caai,4050,11.416805,2
caai,4051,10.734532,2
caai,4052,12.594378,2
caai,4053,14.219961,2
caai,4054,11.920163,2
caai,4055,11.654013,2
caai,4056,16.760581,2
caai,4057,14.189893,2
caai,4058,13.562225,2
caai,4059,7.745499,2
caai,4060,15.544890,2
caai,4061,11.377184,2
caai,4062,24.561226,2
caai,4063,6.121333,2
caai,4064,5.352117,2
caai,4065,8.269995,2
caai,4066,13.679185,2
caai,4067,14.257619,2
caai,4068,6.951297,2
caai,4069,6.684439,2
caai,4070,10.126051,2
caai,4071,10.176724,2
caai,4072,10.273539,2
caai,4073,11.026152,2
caai,4074,16.475461,2
caai,4075,3.793000,2
caai,4076,4.099184,2
caai,4077,8.260564,2
caai,4078,6.481379,2
caai,4079,7.625539,2
caai,4080,9.961239,2
caai,4081,8.847426,2
caai,4082,18.539398,2
caai,4083,11.933664,2
caai,4084,12.625660,2
caai,4085,13.944629,2
caai,4086,12.492627,2
caai,4087,19.502540,2
caai,4088,11.466270,2
caai,4089,7.479046,2
caai,4090,5.625052,2
caai,4091,5.801674,2
caai,4092,9.568472,2
caai,4093,10.987690,2
caai,4094,7.218231,2
caai,4095,7.050486,2
caai,4096,5.379687,2
caai,4097,9.885449,2
caai,4098,11.993454,2
caai,4099,8.908362,2
caai,4100,10.567348,2
caai,4101,9.649079,2
caai,4102,13.568207,2
caai,4103,15.939099,2
caai,4104,21.123685,2
caai,4105,8.714608,2
caai,4106,12.776702,2
caai,4107,11.548355,2
caai,4108,8.354481,2
caai,4109,7.813808,2
caai,4110,9.309399,2
caai,4111,9.592114,2
caai,4112,16.386026,2
caai,4113,16.504017,2
caai,4114,18.606292,2
caai,4115,7.723734,2
caai,4116,16.970021,2
caai,4117,16.701114,2
caai,4118,18.284198,2
caai,4119,16.128827,2
caai,4120,9.301813,2
caai,4121,16.489820,2
caai,4122,10.517647,2
caai,4123,10.132320,2
caai,4124,6.880551,2
caai,4125,13.163447,2
caai,4126,20.568778,2
caai,4127,9.206318,2
caai,4128,10.803804,2
caai,4129,7.021486,2
caai,4130,7.773981,2
caai,4131,7.564523,2
caai,4132,9.473920,2
caai,4133,16.302981,2
caai,4134,10.053495,2
caai,4135,11.853066,2
caai,4136,11.470992,2
caai,4137,6.033498,2
caai,4138,4.880893,2
caai,4139,13.477710,2
caai,4140,16.668193,2
caai,4141,12.697448,2
caai,4142,10.366778,2
caai,4143,15.625938,2
caai,4144,19.742701,2
caai,4145,19.107878,2
caai,4146,10.271597,2
caai,4147,10.731025,2
caai,4148,38.953224,2
caai,4149,18.402403,2
caai,4150,12.027420,2
caai,4151,21.066784,2
caai,4152,14.491276,2
caai,4153,9.826210,2
caai,4154,15.793971,2
caai,4155,33.534310,2
caai,4156,26.640123,2
caai,4157,9.513562,2
caai,4158,9.299862,2
caai,4159,9.969965,2
caai,4160,6.848890,2
caai,4161,11.400553,2
caai,4162,6.375573,2
caai,4163,11.192135,2
caai,4164,6.408581,2
caai,4165,12.087472,2
caai,4166,7.838804,2
caai,4167,13.436472,2
caai,4168,9.802276,2
caai,4169,8.788642,2
caai,4170,6.868916,2
caai,4171,15.332695,2
caai,4172,6.381612,2
caai,4173,5.322716,2
caai,4174,7.836461,2
caai,4175,15.969632,2
caai,4176,9.647405,2
caai,4177,4.245825,2
caai,4178,8.187266,2
caai,4179,7.540297,2
caai,4180,10.941568,2
caai,4181,11.015903,2
caai,4182,18.129025,2
caai,4183,4.699523,2
caai,4184,8.234368,2
caai,4185,10.719270,2
caai,4186,11.349792,2
caai,4187,14.290164,2
caai,4188,12.013297,2
caai,4189,7.148029,2
caai,4190,12.539314,2
caai,4191,7.733055,2
caai,4192,9.614108,2
caai,4193,23.270666,2
caai,4194,18.653446,2
caai,4195,9.294629,2
caai,4196,4.342423,2
caai,4197,12.546739,2
caai,4198,17.158661,2
caai,4199,10.008984,2
caai,4200,13.742946,2
caai,4201,7.283840,2
caai,4202,8.155783,2
caai,4203,9.532329,2
caai,4204,13.701151,2
caai,4205,8.345848,2
caai,4206,12.798325,2
caai,4207,12.167622,2
caai,4208,19.153002,2
caai,4209,11.107045,2
caai,4210,6.883371,2
caai,4211,6.412518,2
caai,4212,13.970097,2
caai,4213,5.771173,2
caai,4214,7.343413,2
caai,4215,13.126636,2
caai,4216,18.105860,2
caai,4217,7.091408,2
caai,4218,23.019889,2
caai,4219,5.444007,2
caai,4220,9.727709,2
caai,4221,9.336822,2
caai,4222,7.848185,2
caai,4223,12.047608,2
caai,4224,35.077542,2
caai,4225,10.647572,2
caai,4226,10.133967,2
caai,4227,13.508079,2
caai,4228,9.362088,2
caai,4229,10.727537,2
caai,4230,8.157602,2
caai,4231,17.423809,2
caai,4232,7.666556,2
caai,4233,8.581987,2
caai,4234,9.979028,2
caai,4235,5.069078,2
caai,4236,20.437307,2
caai,4237,12.708908,2
caai,4238,13.301980,2
caai,4239,5.597123,2
caai,4240,7.747905,2
caai,4241,6.375184,2
caai,4242,13.919837,2
caai,4243,13.507878,2
caai,4244,4.875364,2
caai,4245,6.651549,2
caai,4246,14.622497,2
caai,4247,4.314566,2
caai,4248,13.144227,2
caai,4249,10.920897,2
caai,4250,12.120024,2
caai,4251,10.593177,2
caai,4252,10.257467,2
caai,4253,8.803206,2
caai,4254,7.172148,2
caai,4255,31.060351,2
caai,4256,12.905580,2
caai,4257,11.055759,2
caai,4258,15.000339,2
caai,4259,13.800632,2
caai,4260,9.440376,2
caai,4261,5.886038,2
caai,4262,16.380337,2
caai,4263,8.698050,2
caai,4264,15.067848,2
caai,4265,5.266457,2
caai,4266,13.833348,2
caai,4267,12.127969,2
caai,4268,14.973974,2
caai,4269,7.923590,2
caai,4270,5.494139,2
caai,4271,10.017375,2
caai,4272,12.333569,2
caai,4273,10.257292,2
caai,4274,10.955767,2
caai,4275,6.855785,2
caai,4276,12.435591,2
caai,4277,8.161077,2
caai,4278,11.617268,2
caai,4279,7.632617,2
caai,4280,14.628878,2
caai,4281,11.167099,2
caai,4282,6.170116,2
caai,4283,18.978606,2
caai,4284,5.710390,2
caai,4285,8.674265,2
caai,4286,16.926866,2
caai,4287,9.585373,2
caai,4288,10.480809,2
caai,4289,8.883189,2
caai,4290,7.231754,2
caai,4291,12.163886,2
caai,4292,10.637617,2
caai,4293,24.699802,2
caai,4294,17.840230,2
caai,4295,14.679883,2
caai,4296,14.606026,2
caai,4297,3.171977,2
caai,4298,9.675331,2
caai,4299,12.254380,2
caai,4300,14.073909,2
caai,4301,22.338612,2
caai,4302,9.102505,2
caai,4303,19.248635,2
caai,4304,13.183292,2
caai,4305,12.187826,2
caai,4306,15.265322,2
caai,4307,9.770967,2
caai,4308,6.831151,2
caai,4309,27.302266,2
caai,4310,14.955399,2
caai,4311,5.877021,2
caai,4312,12.592275,2
caai,4313,6.208556,2
caai,4314,11.084322,2
caai,4315,12.410049,2
caai,4316,7.771857,2
caai,4317,7.007752,2
caai,4318,22.725299,2
caai,4319,5.193357,2
caai,4320,6.247529,2
caai,4321,10.051572,2
caai,4322,11.843412,2
caai,4323,8.633158,2
caai,4324,13.062280,2
caai,4325,21.352088,2
caai,4326,4.554358,2
caai,4327,9.026254,2
caai,4328,24.353227,2
caai,4329,9.143702,2
caai,4330,14.569843,2
caai,4331,9.763166,2
caai,4332,5.250327,2
caai,4333,8.250680,2
caai,4334,7.788697,2
caai,4335,10.622262,2
caai,4336,8.825995,2
caai,4337,14.738992,2
caai,4338,13.379744,2
caai,4339,8.686820,2
caai,4340,6.449399,2
caai,4341,7.591348,2
caai,4342,13.941629,2
caai,4343,8.413936,2
caai,4344,7.975835,2
caai,4345,9.162587,2
caai,4346,4.395623,2
caai,4347,15.303781,2
caai,4348,5.666429,2
caai,4349,19.514862,2
caai,4350,10.808653,2
caai,4351,5.514375,2
caai,4352,13.866227,2
caai,4353,4.388285,2
caai,4354,6.580536,2
caai,4355,10.514855,2
caai,4356,15.059404,2
caai,4357,11.528265,2
caai,4358,9.154138,2
caai,4359,15.326202,2
caai,4360,10.946642,2
caai,4361,6.878479,2
caai,4362,5.423299,2
caai,4363,10.354321,2
caai,4364,3.755975,2
caai,4365,16.391748,2
caai,4366,12.546590,2
caai,4367,10.542127,2
caai,4368,8.920111,2
caai,4369,9.396321,2
caai,4370,22.201875,2
caai,4371,4.824094,2
caai,4372,9.583611,2
caai,4373,11.149222,2
caai,4374,7.272902,2
caai,4375,10.185465,2
caai,4376,10.063858,2
caai,4377,14.801033,2
caai,4378,10.102131,2
caai,4379,12.673521,2
caai,4380,7.875983,2
caai,4381,9.783107,2
caai,4382,11.256034,2
caai,4383,13.659717,2
caai,4384,16.256497,2
caai,4385,9.766077,2
caai,4386,15.009699,2
caai,4387,5.362340,2
caai,4388,22.329958,2
caai,4389,10.632929,2
caai,4390,7.969296,2
caai,4391,17.460697,2
caai,4392,5.010958,2
caai,4393,12.200262,2
caai,4394,13.466689,2
caai,4395,12.777194,2
caai,4396,12.383337,2
caai,4397,13.759161,2
caai,4398,7.573729,2
caai,4399,8.467057,2
caai,4400,24.342210,2
caai,4401,20.790421,2
caai,4402,5.358532,2
caai,4403,9.133093,2
caai,4404,10.649808,2
caai,4405,10.119274,2
caai,4406,17.712296,2
caai,4407,9.486473,2
caai,4408,8.317291,2
caai,4409,9.622460,2
caai,4410,6.834411,2
caai,4411,12.890485,2
caai,4412,7.604442,2
caai,4413,12.250313,2
caai,4414,11.187908,2
caai,4415,16.433900,2
caai,4416,7.179862,2
caai,4417,12.775678,2
caai,4418,17.853861,2
caai,4419,8.652556,2
caai,4420,4.900557,2
caai,4421,8.644715,2
caai,4422,10.237640,2
caai,4423,7.430095,2
caai,4424,7.654888,2
caai,4425,11.274216,2
caai,4426,7.079020,2
caai,4427,13.695837,2
caai,4428,11.862067,2
caai,4429,14.659005,2
caai,4430,15.073374,2
caai,4431,11.728067,2
caai,4432,6.024744,2
caai,4433,7.872250,2
caai,4434,14.915711,2
caai,4435,7.245865,2
caai,4436,18.873012,2
caai,4437,11.756291,2
caai,4438,5.918724,2
caai,4439,14.464060,2
caai,4440,3.349207,3
caai,4441,2.141030,3
caai,4442,2.142457,3
caai,4443,8.147671,3
caai,4444,2.039643,3
caai,4445,8.035339,3
caai,4446,4.903606,3
caai,4447,3.352572,3
caai,4448,9.213108,3
caai,4449,3.500099,3
caai,4450,6.360839,3
caai,4451,3.146470,3
caai,4452,3.461652,3
caai,4453,2.421881,3
caai,4454,8.287664,3
caai,4455,8.169361,3
caai,4456,5.374238,3
caai,4457,4.508570,3
caai,4458,2.469724,3
caai,4459,4.801240,3
caai,4460,9.958348,3
caai,4461,3.987562,3
caai,4462,5.243189,3
caai,4463,3.259926,3
caai,4464,4.215265,3
caai,4465,4.756052,3
caai,4466,3.761591,3
caai,4467,7.284064,3
caai,4468,6.786684,3
caai,4469,6.801406,3
caai,4470,3.909982,3
caai,4471,6.255838,3
caai,4472,5.668902,3
caai,4473,5.938108,3
caai,4474,16.202570,3
caai,4475,4.464861,3
caai,4476,3.606983,3
caai,4477,10.042756,3
caai,4478,4.451271,3
caai,4479,3.049164,3
caai,4480,2.512354,3
caai,4481,3.516802,3
caai,4482,4.096051,3
caai,4483,4.071640,3
caai,4484,6.886885,3
caai,4485,3.598976,3
caai,4486,5.824412,3
caai,4487,5.015771,3
caai,4488,8.679169,3
caai,4489,3.921489,3
caai,4490,3.386910,3
caai,4491,2.890787,3
caai,4492,9.246651,3
caai,4493,5.910372,3
caai,4494,5.155008,3
caai,4495,7.105661,3
caai,4496,5.399599,3
caai,4497,5.540458,3
caai,4498,10.228755,3
caai,4499,1.624670,3
caai,4500,2.086936,3
caai,4501,5.327059,3
caai,4502,4.247456,3
caai,4503,2.771491,3
caai,4504,7.996297,3
caai,4505,7.524674,3
caai,4506,7.204955,3
caai,4507,9.366667,3
caai,4508,5.124368,3
caai,4509,5.242436,3
caai,4510,5.350296,3
caai,4511,11.849288,3
caai,4512,2.752338,3
caai,4513,5.954244,3
caai,4514,7.108940,3
caai,4515,3.320436,3
caai,4516,4.719573,3
caai,4517,3.406160,3
caai,4518,3.567537,3
caai,4519,8.378806,3
caai,4520,3.164790,3
caai,4521,7.165929,3
caai,4522,4.462423,3
caai,4523,5.155310,3
caai,4524,9.420944,3
caai,4525,7.211648,3
caai,4526,6.533515,3
caai,4527,5.885348,3
caai,4528,12.751754,3
caai,4529,4.629102,3
caai,4530,5.799152,3
caai,4531,14.137594,3
caai,4532,4.532147,3
caai,4533,6.108212,3
caai,4534,7.923518,3
caai,4535,6.900696,3
caai,4536,5.854541,3
caai,4537,10.871158,3
caai,4538,10.384821,3
caai,4539,5.329863,3
caai,4540,4.364905,3
caai,4541,7.161974,3
caai,4542,3.783112,3
caai,4543,4.942209,3
caai,4544,5.194751,3
caai,4545,6.732321,3
caai,4546,3.817423,3
caai,4547,3.644904,3
caai,4548,3.024050,3
caai,4549,5.250292,3
caai,4550,7.743919,3
caai,4551,5.078806,3
caai,4552,2.350218,3
caai,4553,14.517365,3
caai,4554,4.679128,3
caai,4555,6.969491,3
caai,4556,5.587258,3
caai,4557,2.817170,3
caai,4558,2.637819,3
caai,4559,8.789033,3
caai,4560,8.281653,3
caai,4561,4.863693,3
caai,4562,5.623024,3
caai,4563,3.515927,3
caai,4564,10.894500,3
caai,4565,5.485860,3
caai,4566,8.942440,3
caai,4567,3.188989,3
caai,4568,11.975624,3
caai,4569,4.992138,3
caai,4570,5.269388,3
caai,4571,4.577389,3
caai,4572,3.321716,3
caai,4573,6.536913,3
caai,4574,10.001458,3
caai,4575,18.648571,3
caai,4576,4.835097,3
caai,4577,5.972339,3
caai,4578,8.276881,3
caai,4579,4.715846,3
caai,4580,2.774667,3
caai,4581,10.699130,3
caai,4582,7.416363,3
caai,4583,4.004032,3
caai,4584,6.808870,3
caai,4585,8.194250,3
caai,4586,15.759647,3
caai,4587,7.213457,3
caai,4588,3.721761,3
caai,4589,11.249279,3
caai,4590,5.380762,3
caai,4591,4.198859,3
caai,4592,4.551759,3
caai,4593,5.953521,3
caai,4594,2.265953,3
caai,4595,8.801982,3
caai,4596,2.057925,3
caai,4597,9.248111,3
caai,4598,9.562572,3
caai,4599,9.671317,3
caai,4600,4.043957,3
caai,4601,10.528014,3
caai,4602,5.376616,3
caai,4603,11.527424,3
caai,4604,11.776397,3
caai,4605,4.098429,3
caai,4606,3.565147,3
caai,4607,4.854437,3
caai,4608,7.160918,3
caai,4609,11.682397,3
caai,4610,3.515231,3
caai,4611,9.294997,3
caai,4612,4.878702,3
caai,4613,5.269415,3
caai,4614,10.438848,3
caai,4615,3.671925,3
caai,4616,5.089157,3
caai,4617,3.307067,3
caai,4618,6.838706,3
caai,4619,4.480692,3
caai,4620,5.323398,3
caai,4621,6.030515,3
caai,4622,15.447047,3
caai,4623,3.418081,3
caai,4624,4.375153,3
caai,4625,8.529793,3
caai,4626,5.119559,3
caai,4627,3.279752,3
caai,4628,3.725865,3
caai,4629,10.994809,3
caai,4630,8.209608,3
caai,4631,3.065676,3
caai,4632,3.699703,3
caai,4633,5.529154,3
caai,4634,3.238466,3
caai,4635,4.362328,3
caai,4636,7.639280,3
caai,4637,3.956928,3
caai,4638,5.077973,3
caai,4639,2.917188,3
caai,4640,2.715181,3
caai,4641,4.564197,3
caai,4642,8.261015,3
caai,4643,3.393416,3
caai,4644,4.168372,3
caai,4645,7.004513,3
caai,4646,4.387377,3
caai,4647,6.268311,3
caai,4648,7.799310,3
caai,4649,1.865054,3
caai,4650,2.440539,3
caai,4651,2.239504,3
caai,4652,8.595239,3
caai,4653,11.467723,3
caai,4654,3.951571,3
caai,4655,4.445372,3
caai,4656,3.992414,3
caai,4657,3.936454,3
caai,4658,7.001121,3
caai,4659,3.316439,3
caai,4660,15.599714,3
caai,4661,3.541349,3
caai,4662,4.167779,3
caai,4663,4.220538,3
caai,4664,4.333622,3
caai,4665,2.806535,3
caai,4666,4.360188,3
caai,4667,4.836878,3
caai,4668,2.591012,3
caai,4669,8.601061,3
caai,4670,2.502747,3
caai,4671,6.425257,3
caai,4672,3.493286,3
caai,4673,2.510405,3
caai,4674,6.354233,3
caai,4675,3.764573,3
caai,4676,6.816524,3
caai,4677,4.535707,3
caai,4678,9.046955,3
caai,4679,6.469681,3
caai,4680,3.332134,3
caai,4681,10.324600,3
caai,4682,3.612451,3
caai,4683,3.221256,3
caai,4684,3.479167,3
caai,4685,4.114771,3
caai,4686,3.360109,3
caai,4687,8.171384,3
caai,4688,3.278856,3
caai,4689,12.824401,3
caai,4690,5.187892,3
caai,4691,5.315323,3
caai,4692,16.132007,3
caai,4693,4.926631,3
caai,4694,13.195106,3
caai,4695,5.343985,3
caai,4696,4.053216,3
caai,4697,3.336149,3
caai,4698,9.308939,3
caai,4699,6.464171,3
caai,4700,8.730593,3
caai,4701,6.791283,3
caai,4702,4.760319,3
caai,4703,6.743890,3
caai,4704,5.298169,3
caai,4705,3.030277,3
caai,4706,12.182182,3
caai,4707,3.464423,3
caai,4708,5.643845,3
caai,4709,4.649128,3
caai,4710,6.166548,3
caai,4711,6.929299,3
caai,4712,11.595690,3
caai,4713,5.879884,3
caai,4714,11.710929,3
caai,4715,5.681234,3
caai,4716,9.691478,3
caai,4717,3.996050,3
caai,4718,4.588781,3
caai,4719,9.381358,3
caai,4720,10.462041,3
caai,4721,4.247084,3
caai,4722,5.199537,3
caai,4723,5.721818,3
caai,4724,8.118613,3
caai,4725,14.702114,3
caai,4726,13.703935,3
caai,4727,4.729565,3
caai,4728,4.352106,3
caai,4729,10.638481,3
caai,4730,8.579261,3
caai,4731,4.709306,3
caai,4732,4.446823,3
caai,4733,6.736395,3
caai,4734,4.801870,3
caai,4735,4.285575,3
caai,4736,3.586666,3
caai,4737,6.962441,3
caai,4738,2.931409,3
caai,4739,7.249670,3
caai,4740,6.768397,3
caai,4741,3.780099,3
caai,4742,2.766097,3
caai,4743,10.947322,3
caai,4744,8.919090,3
caai,4745,9.207220,3
caai,4746,7.377097,3
caai,4747,6.186488,3
caai,4748,5.000547,3
caai,4749,9.789141,3
caai,4750,4.293083,3
caai,4751,4.613126,3
caai,4752,13.170418,3
caai,4753,6.748873,3
caai,4754,1.947673,3
caai,4755,5.519970,3
caai,4756,4.449027,3
caai,4757,2.991093,3
caai,4758,3.848922,3
caai,4759,6.942697,3
caai,4760,17.684650,3
caai,4761,6.781552,3
caai,4762,6.131979,3
caai,4763,4.978039,3
caai,4764,8.211617,3
caai,4765,3.703024,3
caai,4766,11.902610,3
caai,4767,3.764431,3
caai,4768,4.142102,3
caai,4769,3.969311,3
caai,4770,6.815337,3
caai,4771,4.627419,3
caai,4772,13.054874,3
caai,4773,5.036811,3
caai,4774,3.178475,3
caai,4775,5.639397,3
caai,4776,8.052348,3
caai,4777,9.793079,3
caai,4778,2.785713,3
caai,4779,7.865696,3
caai,4780,6.857380,3
caai,4781,5.245329,3
caai,4782,4.301104,3
caai,4783,4.149008,3
caai,4784,3.858673,3
caai,4785,8.541796,3
caai,4786,5.822989,3
caai,4787,4.172701,3
caai,4788,4.319885,3
caai,4789,4.366084,3
caai,4790,4.294012,3
caai,4791,2.873246,3
caai,4792,5.923117,3
caai,4793,4.438365,3
caai,4794,8.047522,3
caai,4795,3.770228,3
caai,4796,3.796164,3
caai,4797,13.354968,3
caai,4798,2.936591,3
caai,4799,4.080813,3
caai,4800,4.039983,3
caai,4801,4.723825,3
caai,4802,8.945683,3
caai,4803,5.725087,3
caai,4804,7.276763,3
caai,4805,2.988355,3
caai,4806,2.680152,3
caai,4807,10.159042,3
caai,4808,8.140260,3
caai,4809,4.637283,3
caai,4810,9.391773,3
caai,4811,2.834231,3
caai,4812,3.218497,3
caai,4813,7.404188,3
caai,4814,11.449409,3
caai,4815,3.979943,3
caai,4816,4.663901,3
caai,4817,3.184746,3
caai,4818,3.928355,3
caai,4819,3.989266,3
caai,4820,13.948837,3
caai,4821,15.225857,3
caai,4822,5.426207,3
caai,4823,8.265402,3
caai,4824,5.332244,3
caai,4825,7.688170,3
caai,4826,7.605071,3
caai,4827,6.605186,3
caai,4828,4.470234,3
caai,4829,8.052764,3
caai,4830,8.487790,3
caai,4831,6.909995,3
caai,4832,8.369949,3
caai,4833,9.947846,3
caai,4834,4.094238,3
caai,4835,6.009788,3
caai,4836,7.342616,3
caai,4837,5.265664,3
caai,4838,5.541173,3
caai,4839,3.134973,3
caai,4840,6.584181,3
caai,4841,3.894942,3
caai,4842,3.405206,3
caai,4843,3.941922,3
caai,4844,8.864073,3
caai,4845,2.968518,3
caai,4846,4.535432,3
caai,4847,7.830637,3
caai,4848,4.161218,3
caai,4849,9.871261,3
caai,4850,3.295779,3
caai,4851,4.808588,3
caai,4852,10.583068,3
caai,4853,7.348741,3
caai,4854,12.528068,3
caai,4855,3.322415,3
caai,4856,5.615323,3
caai,4857,7.981586,3
caai,4858,7.662104,3
caai,4859,4.514874,3
caai,4860,2.684910,3
caai,4861,6.529465,3
caai,4862,6.699338,3
caai,4863,3.975148,3
caai,4864,5.921619,3
caai,4865,1.827892,3
caai,4866,4.731257,3
caai,4867,5.425788,3
caai,4868,3.825630,3
caai,4869,6.831528,3
caai,4870,7.288732,3
caai,4871,4.821055,3
caai,4872,2.278988,3
caai,4873,3.775636,3
caai,4874,6.432004,3
caai,4875,3.807167,3
caai,4876,3.755748,3
caai,4877,6.286842,3
caai,4878,11.975417,3
caai,4879,3.194693,3
caai,4880,5.928914,3
caai,4881,5.666150,3
caai,4882,11.887527,3
caai,4883,4.135273,3
caai,4884,5.962681,3
caai,4885,3.756326,3
caai,4886,5.464696,3
caai,4887,8.794797,3
caai,4888,4.256282,3
caai,4889,12.306625,3
caai,4890,3.405927,3
caai,4891,5.589363,3
caai,4892,6.241506,3
caai,4893,3.813784,3
caai,4894,9.534430,3
caai,4895,6.719248,3
caai,4896,5.664906,3
caai,4897,6.978537,3
caai,4898,4.303861,3
caai,4899,7.241005,3
caai,4900,6.608508,3
caai,4901,4.534490,3
caai,4902,10.756396,3
caai,4903,7.013901,3
caai,4904,2.913906,3
caai,4905,6.192197,3
caai,4906,5.015424,3
caai,4907,4.455226,3
caai,4908,19.358227,3
caai,4909,2.803515,3
caai,4910,11.272616,3
caai,4911,5.414524,3
caai,4912,5.290393,3
caai,4913,2.835703,3
caai,4914,4.383085,3
caai,4915,5.252820,3
caai,4916,4.533354,3
caai,4917,4.781952,3
caai,4918,4.278574,3
caai,4919,9.881150,3
caai,4920,4.114507,3
caai,4921,5.666524,3
caai,4922,9.174773,3
caai,4923,9.923825,3
caai,4924,3.583902,3
caai,4925,5.109319,3
caai,4926,9.044436,3
caai,4927,2.177303,3
caai,4928,5.911642,3
caai,4929,10.091464,3
caai,4930,6.933270,3
caai,4931,5.117208,3
caai,4932,4.293935,3
caai,4933,3.731068,3
caai,4934,5.265995,3
caai,4935,9.533394,3
caai,4936,9.673169,3
caai,4937,2.710681,3
caai,4938,5.299965,3
caai,4939,9.899636,3
caai,4940,3.442279,3
caai,4941,2.677286,3
caai,4942,3.904390,3
caai,4943,3.683652,3
caai,4944,4.768228,3
caai,4945,2.762481,3
caai,4946,8.530441,3
caai,4947,11.969553,3
caai,4948,3.870423,3
caai,4949,4.098793,3
caai,4950,11.435695,3
caai,4951,5.153422,3
caai,4952,6.741991,3
caai,4953,3.631234,3
caai,4954,6.178146,3
caai,4955,3.868587,3
caai,4956,7.198307,3
caai,4957,6.701464,3
caai,4958,2.607610,3
caai,4959,6.691432,3
caai,4960,8.292626,3
caai,4961,4.774651,3
caai,4962,4.435732,3
caai,4963,2.175962,3
caai,4964,3.452852,3
caai,4965,14.223576,3
caai,4966,6.054193,3
caai,4967,5.288953,3
caai,4968,10.033568,3
caai,4969,6.170397,3
caai,4970,3.920320,3
caai,4971,6.574356,3
caai,4972,5.970324,3
caai,4973,5.154457,3
caai,4974,4.634381,3
caai,4975,3.901205,3
caai,4976,4.539542,3
caai,4977,7.123242,3
caai,4978,5.232956,3
caai,4979,3.900356,3
caai,4980,3.327203,3
caai,4981,4.783891,3
caai,4982,5.687023,3
caai,4983,3.250575,3
caai,4984,5.905817,3
caai,4985,8.135148,3
caai,4986,9.029190,3
caai,4987,7.206316,3
caai,4988,5.923681,3
caai,4989,4.880167,3
caai,4990,2.707150,3
caai,4991,15.989576,3
caai,4992,4.099388,3
caai,4993,8.810763,3
caai,4994,3.205867,3
caai,4995,6.882064,3
caai,4996,9.874772,3
caai,4997,11.310723,3
caai,4998,7.571954,3
caai,4999,3.198486,3
caai,5000,8.802448,3
caai,5001,3.340296,3
caai,5002,5.086995,3
caai,5003,7.983151,3
caai,5004,7.697272,3
caai,5005,3.215002,3
caai,5006,4.011498,3
caai,5007,10.380902,3
caai,5008,6.063026,3
caai,5009,2.220655,3
caai,5010,2.933037,3
caai,5011,4.713849,3
caai,5012,10.509348,3
caai,5013,4.389927,3
caai,5014,3.208241,3
caai,5015,3.596639,3
caai,5016,6.326954,3
caai,5017,3.972710,3
caai,5018,3.849854,3
caai,5019,5.958383,3
caai,5020,11.677885,3
caai,5021,10.165908,3
caai,5022,3.643418,3
caai,5023,3.879709,3
caai,5024,5.784038,3
caai,5025,7.658676,3
caai,5026,4.576220,3
caai,5027,11.406713,3
caai,5028,6.433020,3
caai,5029,6.135033,3
caai,5030,5.556160,3
caai,5031,7.738942,3
caai,5032,16.694186,3
caai,5033,5.397551,3
caai,5034,3.373977,3
caai,5035,12.380384,3
caai,5036,2.940094,3
caai,5037,3.308221,3
caai,5038,10.019459,3
caai,5039,6.179098,3
caai,5040,9.441181,3
caai,5041,9.353668,3
caai,5042,6.149360,3
caai,5043,5.907868,3
caai,5044,7.164317,3
caai,5045,7.039600,3
caai,5046,6.800009,3
caai,5047,8.295497,3
caai,5048,1.993665,3
caai,5049,3.376081,3
caai,5050,4.240064,3
caai,5051,2.081819,3
caai,5052,4.338908,3
caai,5053,3.625307,3
caai,5054,3.985682,3
caai,5055,8.183784,3
caai,5056,9.854512,3
caai,5057,14.306955,3
caai,5058,8.632387,3
caai,5059,5.276064,3
caai,5060,2.589189,3
caai,5061,14.811286,3
caai,5062,3.428612,3
caai,5063,7.093104,3
caai,5064,7.875089,3
caai,5065,13.296274,3
caai,5066,5.937717,3
caai,5067,8.934762,3
caai,5068,14.103165,3
caai,5069,7.777622,3
caai,5070,3.814550,3
caai,5071,9.344668,3
caai,5072,6.672040,3
caai,5073,6.483852,3
caai,5074,3.374107,3
caai,5075,4.279298,3
caai,5076,18.805912,3
caai,5077,13.508792,3
caai,5078,4.956046,3
caai,5079,7.357683,3
caai,5080,3.110004,3
caai,5081,3.605123,3
caai,5082,8.929699,3
caai,5083,2.884194,3
caai,5084,4.526960,3
caai,5085,6.458434,3
caai,5086,5.257022,3
caai,5087,2.406356,3
caai,5088,5.605990,3
caai,5089,3.368717,3
caai,5090,4.239954,3
caai,5091,5.540835,3
caai,5092,4.912638,3
caai,5093,7.796136,3
caai,5094,11.845782,3
caai,5095,3.709844,3
caai,5096,7.381644,3
caai,5097,9.664971,3
caai,5098,2.800608,3
caai,5099,6.011812,3
caai,5100,3.141686,3
caai,5101,3.601003,3
caai,5102,14.967577,3
caai,5103,5.844677,3
caai,5104,18.241282,3
caai,5105,3.914515,3
caai,5106,10.342173,3
caai,5107,3.132901,3
caai,5108,8.966430,3
caai,5109,7.395597,3
caai,5110,12.453769,3
caai,5111,4.647080,3
caai,5112,4.938454,3
caai,5113,10.982162,3
caai,5114,11.780903,3
caai,5115,4.498129,3
caai,5116,7.706904,3
caai,5117,8.746909,3
caai,5118,4.625109,3
caai,5119,10.024808,3
caai,5120,6.952677,3
caai,5121,12.246765,3
caai,5122,7.475354,3
caai,5123,3.326619,3
caai,5124,2.891484,3
caai,5125,13.651176,3
caai,5126,13.154349,3
caai,5127,4.883017,3
caai,5128,3.153604,3
caai,5129,2.383701,3
caai,5130,4.783376,3
caai,5131,14.397173,3
caai,5132,3.973866,3
caai,5133,8.223262,3
caai,5134,2.621968,3
caai,5135,16.250063,3
caai,5136,8.856953,3
caai,5137,5.499021,3
caai,5138,4.414958,3
caai,5139,2.017236,3
caai,5140,2.148759,3
caai,5141,3.586027,3
caai,5142,5.667666,3
caai,5143,3.674801,3
caai,5144,17.505319,3
caai,5145,4.491546,3
caai,5146,4.424943,3
caai,5147,3.843669,3
caai,5148,6.668592,3
caai,5149,4.730301,3
caai,5150,2.809723,3
caai,5151,2.639699,3
caai,5152,3.349665,3
caai,5153,15.422571,3
caai,5154,2.302534,3
caai,5155,10.564582,3
caai,5156,3.137932,3
caai,5157,4.527755,3
caai,5158,3.412842,3
caai,5159,6.549986,3
caai,5160,5.963474,3
caai,5161,6.172768,3
caai,5162,3.952810,3
caai,5163,10.846746,3
caai,5164,2.711871,3
caai,5165,3.859573,3
caai,5166,11.101824,3
caai,5167,7.690731,3
caai,5168,5.628047,3
caai,5169,4.085115,3
caai,5170,4.476136,3
caai,5171,5.702067,3
caai,5172,4.713414,3
caai,5173,6.311065,3
caai,5174,7.455532,3
caai,5175,6.650995,3
caai,5176,6.989644,3
caai,5177,5.419966,3
caai,5178,3.086848,3
caai,5179,6.453938,3
caai,5180,3.889345,3
caai,5181,8.084505,3
caai,5182,4.613394,3
caai,5183,3.230748,3
caai,5184,6.786911,3
caai,5185,6.214919,3
caai,5186,6.864849,3
caai,5187,4.672426,3
caai,5188,13.055061,3
caai,5189,12.624911,3
caai,5190,1.985134,3
caai,5191,2.654508,3
caai,5192,12.493680,3
caai,5193,3.182869,3
caai,5194,6.985664,3
caai,5195,4.957395,3
caai,5196,3.140798,3
caai,5197,8.437134,3
caai,5198,6.430837,3
caai,5199,10.846523,3
caai,5200,8.431462,3
caai,5201,3.063777,3
caai,5202,3.940941,3
caai,5203,3.731269,3
caai,5204,5.082838,3
caai,5205,3.514538,3
caai,5206,9.340181,3
caai,5207,6.198932,3
caai,5208,5.651870,3
caai,5209,5.270495,3
caai,5210,5.372742,3
caai,5211,9.990803,3
caai,5212,4.926382,3
caai,5213,3.356224,3
caai,5214,5.070950,3
caai,5215,4.772499,3
caai,5216,4.211518,3
caai,5217,4.364794,3
caai,5218,10.091887,3
caai,5219,5.726551,3
caai,5220,3.854924,3
caai,5221,4.716675,3
caai,5222,7.397766,3
caai,5223,8.555820,3
caai,5224,4.960196,3
caai,5225,8.647399,3
caai,5226,5.564787,3
caai,5227,14.798719,3
caai,5228,4.316585,3
caai,5229,3.308525,3
caai,5230,4.524433,3
caai,5231,8.854787,3
caai,5232,3.673337,3
caai,5233,4.548775,3
caai,5234,6.346069,3
caai,5235,6.803992,3
caai,5236,9.078890,3
caai,5237,3.252468,3
caai,5238,3.005327,3
caai,5239,2.204266,3
caai,5240,2.547534,3
caai,5241,21.566738,3
caai,5242,2.940982,3
caai,5243,5.730479,3
caai,5244,3.631657,3
caai,5245,3.619474,3
caai,5246,5.664025,3
caai,5247,2.716277,3
caai,5248,2.527331,3
caai,5249,4.760492,3
caai,5250,2.692868,3
caai,5251,4.653357,3
caai,5252,6.226205,3
caai,5253,3.001963,3
caai,5254,6.232869,3
caai,5255,2.849144,3
caai,5256,8.481635,3
caai,5257,4.630975,3
caai,5258,3.053154,3
caai,5259,3.472178,3
caai,5260,12.269879,3
caai,5261,3.524489,3
caai,5262,4.394972,3
caai,5263,4.352731,3
caai,5264,2.602908,3
caai,5265,5.103909,3
caai,5266,6.204682,3
caai,5267,14.208035,3
caai,5268,13.160928,3
caai,5269,3.055968,3
caai,5270,3.140120,3
caai,5271,5.974619,3
caai,5272,3.632011,3
caai,5273,11.739879,3
caai,5274,11.326958,3
caai,5275,4.723810,3
caai,5276,4.563723,3
caai,5277,6.146819,3
caai,5278,5.376609,3
caai,5279,5.696096,3
caai,5280,6.632324,3
caai,5281,7.674667,3
caai,5282,4.429391,3
caai,5283,4.011248,3
caai,5284,5.926525,3
caai,5285,3.340332,3
caai,5286,4.400679,3
caai,5287,9.260279,3
caai,5288,3.046614,3
caai,5289,7.483166,3
caai,5290,7.409673,3
caai,5291,4.627864,3
caai,5292,5.596693,3
caai,5293,4.807329,3
caai,5294,4.346925,3
caai,5295,4.101005,3
caai,5296,11.344132,3
caai,5297,7.538342,3
caai,5298,9.124309,3
caai,5299,2.565314,3
caai,5300,3.238249,3
caai,5301,1.665021,3
caai,5302,12.576337,3
caai,5303,4.892393,3
caai,5304,3.169444,3
caai,5305,4.185693,3
caai,5306,10.231515,3
caai,5307,10.677819,3
caai,5308,8.147430,3
caai,5309,6.153098,3
caai,5310,3.312806,3
caai,5311,3.132596,3
caai,5312,10.703301,3
caai,5313,6.987640,3
caai,5314,4.823148,3
caai,5315,7.261182,3
caai,5316,8.372431,3
caai,5317,14.223819,3
caai,5318,9.154268,3
caai,5319,3.231930,3
caai,5320,5.078999,3
caai,5321,9.649659,3
caai,5322,5.149644,3
caai,5323,4.353236,3
caai,5324,9.205285,3
caai,5325,4.937789,3
caai,5326,3.944379,3
caai,5327,4.265861,3
caai,5328,6.084677,3
caai,5329,4.231978,3
caai,5330,6.445540,3
caai,5331,8.045584,3
caai,5332,8.845389,3
caai,5333,12.621635,3
caai,5334,14.274927,3
caai,5335,5.306916,3
caai,5336,2.919841,3
caai,5337,3.828396,3
caai,5338,1.938065,3
caai,5339,4.546847,3
caai,5340,2.324660,3
caai,5341,15.094686,3
caai,5342,10.099363,3
caai,5343,3.770333,3
caai,5344,5.442194,3
caai,5345,6.496004,3
caai,5346,5.813441,3
caai,5347,10.271094,3
caai,5348,7.305449,3
caai,5349,6.554687,3
caai,5350,2.781917,3
caai,5351,8.345539,3
caai,5352,3.483809,3
caai,5353,4.962159,3
caai,5354,4.859233,3
caai,5355,2.802506,3
caai,5356,3.189372,3
caai,5357,3.270782,3
caai,5358,5.205187,3
caai,5359,11.162906,3
caai,5360,3.193100,3
caai,5361,9.265917,3
caai,5362,16.622552,3
caai,5363,9.695416,3
caai,5364,4.920061,3
caai,5365,2.448612,3
caai,5366,2.978686,3
caai,5367,6.613070,3
caai,5368,17.803777,3
caai,5369,5.751695,3
caai,5370,3.301578,3
caai,5371,5.483981,3
caai,5372,8.428705,3
caai,5373,4.634432,3
caai,5374,4.668933,3
caai,5375,4.955725,3
caai,5376,9.708529,3
caai,5377,5.310418,3
caai,5378,2.502424,3
caai,5379,2.952419,3
caai,5380,8.858721,3
caai,5381,5.499299,3
caai,5382,9.066903,3
caai,5383,6.935694,3
caai,5384,7.726027,3
caai,5385,5.615556,3
caai,5386,6.083677,3
caai,5387,4.370907,3
caai,5388,3.714048,3
caai,5389,6.059218,3
caai,5390,4.071637,3
caai,5391,7.342209,3
caai,5392,7.854064,3
caai,5393,4.362931,3
caai,5394,5.884249,3
caai,5395,4.815593,3
caai,5396,7.032180,3
caai,5397,5.837785,3
caai,5398,11.671841,3
caai,5399,7.067878,3
caai,5400,12.714649,3
caai,5401,10.616132,3
caai,5402,3.685538,3
caai,5403,8.028782,3
caai,5404,10.229773,3
caai,5405,4.240799,3
caai,5406,3.564887,3
caai,5407,4.616309,3
caai,5408,5.354393,3
caai,5409,4.478231,3
caai,5410,8.496288,3
caai,5411,6.944699,3
caai,5412,3.131220,3
caai,5413,10.016437,3
caai,5414,6.178629,3
caai,5415,7.833133,3
caai,5416,3.346855,3
caai,5417,5.522452,3
caai,5418,6.856825,3
caai,5419,6.736109,3
caai,5420,4.863059,3
caai,5421,2.776981,3
caai,5422,6.230408,3
caai,5423,9.724007,3
caai,5424,4.705236,3
caai,5425,6.399052,3
caai,5426,3.335101,3
caai,5427,7.222731,3
caai,5428,10.987568,3
caai,5429,4.754695,3
caai,5430,4.093635,3
caai,5431,7.264030,3
caai,5432,6.237526,3
caai,5433,2.865314,3
caai,5434,8.325247,3
caai,5435,4.292029,3
caai,5436,5.410402,3
caai,5437,4.693096,3
caai,5438,2.638241,3
caai,5439,4.834756,3
caai,5440,2.483093,3
caai,5441,4.183426,3
caai,5442,3.573691,3
caai,5443,4.707165,3
caai,5444,7.432839,3
caai,5445,3.704897,3
caai,5446,3.412461,3
caai,5447,11.159160,3
caai,5448,3.652220,3
caai,5449,7.745841,3
caai,5450,3.768034,3
caai,5451,2.969117,3
caai,5452,10.124213,3
caai,5453,2.391112,3
caai,5454,9.511039,3
caai,5455,5.698389,3
caai,5456,6.082227,3
caai,5457,7.261777,3
caai,5458,9.830632,3
caai,5459,4.761194,3
caai,5460,4.240886,3
caai,5461,4.296224,3
caai,5462,3.746265,3
caai,5463,6.877044,3
caai,5464,10.034368,3
caai,5465,9.169818,3
caai,5466,5.523235,3
caai,5467,6.625796,3
caai,5468,2.893356,3
caai,5469,14.486575,3
caai,5470,5.899590,3
caai,5471,10.616357,3
caai,5472,4.051366,3
caai,5473,7.036732,3
caai,5474,11.688144,3
caai,5475,4.014879,3
caai,5476,4.581746,3
caai,5477,6.114636,3
caai,5478,3.406078,3
caai,5479,3.200110,3
caai,5480,9.680763,3
caai,5481,9.603179,3
caai,5482,4.254499,3
caai,5483,3.877695,3
caai,5484,6.761036,3
caai,5485,2.414826,3
caai,5486,5.737498,3
caai,5487,12.117962,3
caai,5488,3.715313,3
caai,5489,2.956113,3
caai,5490,3.339721,3
caai,5491,16.306301,3
caai,5492,9.283717,3
caai,5493,7.286082,3
caai,5494,3.959826,3
caai,5495,6.316234,3
caai,5496,2.905625,3
caai,5497,3.958530,3
caai,5498,5.959678,3
caai,5499,8.576168,3
caai,5500,13.376742,3
caai,5501,6.022839,3
caai,5502,3.810507,3
caai,5503,3.472513,3
caai,5504,8.100302,3
caai,5505,2.619438,3
caai,5506,4.235697,3
caai,5507,5.078031,3
caai,5508,5.211928,3
caai,5509,7.325219,3
caai,5510,3.688376,3
caai,5511,3.458772,3
caai,5512,9.284602,3
caai,5513,5.501992,3
caai,5514,5.573111,3
caai,5515,4.363802,3
caai,5516,9.659379,3
caai,5517,6.214168,3
caai,5518,4.114265,3
caai,5519,2.026213,3
caai,5520,6.483947,3
caai,5521,6.370919,3
caai,5522,9.025904,3
caai,5523,6.936083,3
caai,5524,3.852318,3
caai,5525,4.986154,3
caai,5526,10.038654,3
caai,5527,19.401576,3
caai,5528,3.430211,3
caai,5529,5.244432,3
caai,5530,9.423804,3
caai,5531,14.265707,3
caai,5532,3.494291,3
caai,5533,6.937533,3
caai,5534,3.034886,3
caai,5535,6.276527,3
caai,5536,4.569802,3
caai,5537,3.535970,3
caai,5538,6.837430,3
caai,5539,3.524663,3
caai,5540,3.536226,3
caai,5541,7.481798,3
caai,5542,3.930053,3
caai,5543,6.801729,3
caai,5544,9.988083,3
caai,5545,2.772713,3
caai,5546,5.204439,3
caai,5547,13.101353,3
caai,5548,7.601608,3
caai,5549,5.317483,3
caai,5550,12.501406,3
caai,5551,4.677351,3
caai,5552,2.031196,3
caai,5553,8.743654,3
caai,5554,7.201346,3
caai,5555,3.964715,3
caai,5556,3.486802,3
caai,5557,8.480015,3
caai,5558,13.743192,3
caai,5559,3.058405,3
caai,5560,4.196012,3
caai,5561,2.902944,3
caai,5562,6.271965,3
caai,5563,6.348945,3
caai,5564,7.608186,3
caai,5565,5.079982,3
caai,5566,9.393558,3
caai,5567,8.482719,3
caai,5568,6.382359,3
caai,5569,2.210642,3
caai,5570,11.336072,3
caai,5571,3.243561,3
caai,5572,4.159498,3
caai,5573,3.994254,3
caai,5574,5.292309,3
caai,5575,8.337097,3
caai,5576,4.146212,3
caai,5577,6.298295,3
caai,5578,3.431280,3
caai,5579,6.550064,3
caai,5580,3.183704,3
caai,5581,7.293780,3
caai,5582,3.044990,3
caai,5583,2.032655,3
caai,5584,6.954602,3
caai,5585,4.197359,3
caai,5586,4.091843,3
caai,5587,4.065406,3
caai,5588,7.373657,3
caai,5589,3.701056,3
caai,5590,7.743591,3
caai,5591,9.129182,3
caai,5592,6.014620,3
caai,5593,4.484896,3
caai,5594,13.114380,3
caai,5595,8.525228,3
caai,5596,10.724157,3
caai,5597,5.939127,3
caai,5598,20.515316,3
caai,5599,2.437198,3
caai,5600,10.096297,3
caai,5601,4.824764,3
caai,5602,2.457684,3
caai,5603,5.672946,3
caai,5604,5.844568,3
caai,5605,7.361313,3
caai,5606,5.840545,3
caai,5607,4.039289,3
caai,5608,5.673965,3
caai,5609,8.627266,3
caai,5610,8.964932,3
caai,5611,5.716687,3
caai,5612,3.833001,3
caai,5613,6.246645,3
caai,5614,10.160420,3
caai,5615,4.528742,3
caai,5616,2.570842,3
caai,5617,4.472421,3
caai,5618,3.406815,3
caai,5619,5.094568,3
caai,5620,4.571965,3
caai,5621,2.901989,3
caai,5622,5.073469,3
caai,5623,4.593214,3
caai,5624,3.711599,3
caai,5625,8.147649,3
caai,5626,4.083451,3
caai,5627,5.038315,3
caai,5628,6.579189,3
caai,5629,12.109831,3
caai,5630,4.904122,3
caai,5631,4.249102,3
caai,5632,2.642975,3
caai,5633,3.924113,3
caai,5634,3.472829,3
caai,5635,11.457928,3
caai,5636,2.752927,3
caai,5637,6.597591,3
caai,5638,6.013618,3
caai,5639,6.362042,3
caai,5640,5.080480,3
caai,5641,6.015856,3
caai,5642,5.153229,3
caai,5643,5.252896,3
caai,5644,4.885295,3
caai,5645,2.696039,3
caai,5646,3.591387,3
caai,5647,6.661799,3
caai,5648,5.239808,3
caai,5649,13.467041,3
caai,5650,2.798820,3
caai,5651,11.366966,3
caai,5652,4.452200,3
caai,5653,5.092407,3
caai,5654,7.860123,3
caai,5655,7.865979,3
caai,5656,5.437751,3
caai,5657,3.533274,3
caai,5658,5.331375,3
caai,5659,3.550265,3
caai,5660,5.142190,3
caai,5661,9.754587,3
caai,5662,3.227608,3
caai,5663,2.478827,3
caai,5664,5.398783,3
caai,5665,4.915832,3
caai,5666,6.761624,3
caai,5667,2.770466,3
caai,5668,4.385682,3
caai,5669,16.731218,3
caai,5670,5.841145,3
caai,5671,3.565326,3
caai,5672,5.032445,3
caai,5673,5.452224,3
caai,5674,3.025140,3
caai,5675,5.071066,3
caai,5676,2.254759,3
caai,5677,4.618606,3
caai,5678,5.026909,3
caai,5679,11.124456,3
caai,5680,4.173553,3
caai,5681,9.535928,3
caai,5682,7.515098,3
caai,5683,5.058278,3
caai,5684,5.007384,3
caai,5685,15.899894,3
caai,5686,5.528146,3
caai,5687,6.261353,3
caai,5688,3.899247,3
caai,5689,8.800472,3
caai,5690,3.480335,3
caai,5691,4.659304,3
caai,5692,5.585552,3
caai,5693,3.293505,3
caai,5694,2.435168,3
caai,5695,6.517294,3
caai,5696,11.352153,3
caai,5697,11.155905,3
caai,5698,8.248250,3
caai,5699,7.022928,3
caai,5700,14.589903,3
caai,5701,7.890687,3
caai,5702,4.384816,3
caai,5703,4.966892,3
caai,5704,6.710914,3
caai,5705,8.253611,3
caai,5706,3.446554,3
caai,5707,6.259254,3
caai,5708,6.675937,3
caai,5709,9.779719,3
caai,5710,5.131284,3
caai,5711,3.048012,3
caai,5712,12.716596,3
caai,5713,4.444937,3
caai,5714,11.286617,3
caai,5715,3.438235,3
caai,5716,6.609513,3
caai,5717,4.639354,3
caai,5718,20.416136,3
caai,5719,3.478439,3
caai,5720,4.690205,3
caai,5721,2.591365,3
caai,5722,4.017438,3
caai,5723,6.268930,3
caai,5724,5.717257,3
caai,5725,9.422329,3
caai,5726,9.675308,3
caai,5727,3.067155,3
caai,5728,4.179412,3
caai,5729,3.451004,3
caai,5730,5.247550,3
caai,5731,1.947258,3
caai,5732,11.147290,3
caai,5733,2.630830,3
caai,5734,2.684990,3
caai,5735,2.994865,3
caai,5736,3.588984,3
caai,5737,8.464180,3
caai,5738,9.512712,3
caai,5739,4.613582,3
caai,5740,4.756740,3
caai,5741,3.367163,3
caai,5742,4.786740,3
caai,5743,7.633034,3
caai,5744,14.098015,3
caai,5745,11.033640,3
caai,5746,2.658532,3
caai,5747,10.592715,3
caai,5748,4.305841,3
caai,5749,3.331895,3
caai,5750,6.789694,3
caai,5751,4.217474,3
caai,5752,5.101361,3
caai,5753,4.253008,3
caai,5754,3.255598,3
caai,5755,2.963660,3
caai,5756,4.711429,3
caai,5757,5.544468,3
caai,5758,3.235528,3
caai,5759,4.273460,3
caai,5760,7.744761,3
caai,5761,3.628190,3
caai,5762,4.399859,3
caai,5763,8.254392,3
caai,5764,4.031740,3
caai,5765,3.516233,3
caai,5766,6.320896,3
caai,5767,6.622357,3
caai,5768,5.293525,3
caai,5769,7.379595,3
caai,5770,9.912718,3
caai,5771,5.230820,3
caai,5772,5.670913,3
caai,5773,4.919274,3
caai,5774,5.396591,3
caai,5775,9.395092,3
caai,5776,6.395372,3
caai,5777,6.052231,3
caai,5778,3.016463,3
caai,5779,12.295541,3
caai,5780,4.452138,3
caai,5781,4.058616,3
caai,5782,3.476491,3
caai,5783,5.158630,3
caai,5784,3.896386,3
caai,5785,4.820421,3
caai,5786,3.707132,3
caai,5787,7.518638,3
caai,5788,4.543828,3
caai,5789,3.588108,3
caai,5790,3.849607,3
caai,5791,12.450215,3
caai,5792,3.981116,3
caai,5793,4.902885,3
caai,5794,9.093488,3
caai,5795,3.807873,3
caai,5796,4.381675,3
caai,5797,8.748074,3
caai,5798,13.843467,3
caai,5799,11.314141,3
caai,5800,6.127396,3
caai,5801,4.177507,3
caai,5802,2.572239,3
caai,5803,5.615941,3
caai,5804,7.223515,3
caai,5805,11.519132,3
caai,5806,6.416002,3
caai,5807,5.711014,3
caai,5808,4.024733,3
caai,5809,5.653058,3
caai,5810,4.291368,3
caai,5811,4.931696,3
caai,5812,5.599602,3
caai,5813,3.724548,3
caai,5814,4.056461,3
caai,5815,2.369695,3
caai,5816,4.654947,3
caai,5817,10.449314,3
caai,5818,4.575897,3
caai,5819,6.698639,3
caai,5820,7.149154,3
caai,5821,5.049555,3
caai,5822,10.136761,3
caai,5823,4.079528,3
caai,5824,7.499576,3
caai,5825,5.534629,3
caai,5826,4.239616,3
caai,5827,8.938588,3
caai,5828,7.035419,3
caai,5829,5.852251,3
caai,5830,3.725276,3
caai,5831,3.732669,3
caai,5832,8.069779,3
caai,5833,2.921101,3
caai,5834,5.995957,3
caai,5835,4.395339,3
caai,5836,8.428000,3
caai,5837,6.498311,3
caai,5838,7.241745,3
caai,5839,4.191311,3
caai,5840,3.764787,3
caai,5841,5.766495,3
caai,5842,5.452576,3
caai,5843,3.551639,3
caai,5844,11.851200,3
caai,5845,4.031908,3
caai,5846,12.685707,3
caai,5847,3.619372,3
caai,5848,6.532325,3
caai,5849,7.575024,3
caai,5850,3.615728,3
caai,5851,2.754194,3
caai,5852,10.142719,3
caai,5853,7.121586,3
caai,5854,7.843279,3
caai,5855,2.361583,3
caai,5856,5.465560,3
caai,5857,3.494167,3
caai,5858,10.265664,3
caai,5859,5.794812,3
caai,5860,6.166065,3
caai,5861,8.091921,3
caai,5862,8.703961,3
caai,5863,6.480280,3
caai,5864,8.498904,3
caai,5865,8.060282,3
caai,5866,3.004985,3
caai,5867,4.187405,3
caai,5868,4.829372,3
caai,5869,4.825766,3
caai,5870,15.066521,3
caai,5871,5.554856,3
caai,5872,2.756303,3
caai,5873,8.080858,3
caai,5874,2.950362,3
caai,5875,10.141915,3
caai,5876,5.145188,3
caai,5877,3.717910,3
caai,5878,6.498857,3
caai,5879,6.006662,3
caai,5880,3.967721,3
caai,5881,11.329788,3
caai,5882,4.718826,3
caai,5883,5.729773,3
caai,5884,4.392698,3
caai,5885,6.783684,3
caai,5886,3.634425,3
caai,5887,5.317673,3
caai,5888,10.820352,3
caai,5889,6.189582,3
caai,5890,5.461772,3
caai,5891,9.417141,3
caai,5892,6.870404,3
caai,5893,3.176158,3
caai,5894,5.285475,3
caai,5895,2.954351,3
caai,5896,4.493526,3
caai,5897,6.557399,3
caai,5898,4.728051,3
caai,5899,4.030794,3
caai,5900,10.962561,3
caai,5901,11.493887,3
caai,5902,15.034502,3
caai,5903,16.237287,3
caai,5904,3.618060,3
caai,5905,9.392023,3
caai,5906,4.282475,3
caai,5907,7.502933,3
caai,5908,4.232879,3
caai,5909,10.807926,3
caai,5910,3.475471,3
caai,5911,7.007875,3
caai,5912,4.733906,3
caai,5913,8.583124,3
caai,5914,3.329446,3
caai,5915,6.109865,3
caai,5916,4.911922,3
caai,5917,4.417576,3
caai,5918,4.837841,3
caai,5919,5.819960,3
caai,5920,4.381412,3
caai,5921,2.925762,3
caai,5922,13.331950,3
caai,5923,5.654111,3
caai,5924,3.597722,3
caai,5925,7.332010,3
caai,5926,9.731321,3
caai,5927,5.723723,3
caai,5928,6.567633,3
caai,5929,5.973854,3
caai,5930,3.876037,3
caai,5931,10.165829,3
caai,5932,20.076069,3
caai,5933,9.494184,3
caai,5934,3.977631,3
caai,5935,3.182878,3
caai,5936,3.048303,3
caai,5937,5.805924,3
caai,5938,6.149674,3
caai,5939,7.873213,3
caai,5940,3.078243,3
caai,5941,4.039941,3
caai,5942,9.739961,3
caai,5943,6.121149,3
caai,5944,3.778484,3
caai,5945,9.609354,3
caai,5946,3.005310,3
caai,5947,4.441887,3
caai,5948,3.537114,3
caai,5949,4.031048,3
caai,5950,5.962940,3
caai,5951,10.136782,3
caai,5952,13.041458,3
caai,5953,4.674934,3
caai,5954,6.485473,3
caai,5955,5.990349,3
caai,5956,8.120012,3
caai,5957,5.096394,3
caai,5958,5.521722,3
caai,5959,6.084047,3
caai,5960,3.315183,3
caai,5961,6.694344,3
caai,5962,6.586424,3
caai,5963,8.395701,3
caai,5964,6.648464,3
caai,5965,4.865207,3
caai,5966,9.126131,3
caai,5967,2.922055,3
caai,5968,6.484076,3
caai,5969,2.668312,3
caai,5970,14.124566,3
caai,5971,6.604144,3
caai,5972,2.830276,3
caai,5973,9.528346,3
caai,5974,8.563324,3
caai,5975,4.157265,3
caai,5976,6.428195,3
caai,5977,4.313545,3
caai,5978,4.265151,3
caai,5979,2.501175,3
caai,5980,5.225658,3
caai,5981,4.414909,3
caai,5982,4.453156,3
caai,5983,4.205868,3
caai,5984,5.056705,3
caai,5985,10.260426,3
caai,5986,5.337998,3
caai,5987,2.559543,3
caai,5988,5.649490,3
caai,5989,11.295644,3
caai,5990,6.196350,3
caai,5991,10.747900,3
caai,5992,9.729479,3
caai,5993,2.808510,3
caai,5994,9.303844,3
caai,5995,3.730931,3
caai,5996,6.544813,3
caai,5997,4.701875,3
caai,5998,4.845063,3
caai,5999,4.571945,3
caai,6000,3.420751,3
caai,6001,5.339946,3
caai,6002,6.297987,3
caai,6003,3.869201,3
caai,6004,3.534630,3
caai,6005,4.938364,3
caai,6006,6.774230,3
caai,6007,3.685772,3
caai,6008,10.036052,3
caai,6009,8.810220,3
caai,6010,9.241495,3
caai,6011,4.802273,3
caai,6012,4.715051,3
caai,6013,8.877763,3
caai,6014,7.564019,3
caai,6015,4.180051,3
caai,6016,3.264776,3
caai,6017,5.709114,3
caai,6018,5.998696,3
caai,6019,7.617606,3
caai,6020,5.917939,3
caai,6021,6.620614,3
caai,6022,4.764565,3
caai,6023,3.921087,3
caai,6024,5.611942,3
caai,6025,13.362035,3
caai,6026,3.467157,3
caai,6027,7.351076,3
caai,6028,4.367531,3
caai,6029,3.855832,3
caai,6030,2.061620,3
caai,6031,4.289518,3
caai,6032,2.984291,3
caai,6033,4.058106,3
caai,6034,2.550951,3
caai,6035,9.959987,3
caai,6036,10.335007,3
caai,6037,14.634386,3
caai,6038,3.262131,3
caai,6039,10.916031,3
caai,6040,10.212052,3
caai,6041,4.074600,3
caai,6042,3.490757,3
caai,6043,6.810124,3
caai,6044,3.471772,3
caai,6045,12.098511,3
caai,6046,10.145033,3
caai,6047,7.980999,3
caai,6048,3.984897,3
caai,6049,5.616920,3
caai,6050,5.067079,3
caai,6051,6.011864,3
caai,6052,10.038001,3
caai,6053,6.714047,3
caai,6054,6.145463,3
caai,6055,5.129127,3
caai,6056,8.284623,3
caai,6057,4.576492,3
caai,6058,9.875472,3
caai,6059,6.521712,3
caai,6060,4.470312,3
caai,6061,7.778079,3
caai,6062,3.249917,3
caai,6063,5.734770,3
caai,6064,3.454355,3
caai,6065,4.317990,3
caai,6066,3.783123,3
caai,6067,3.734007,3
caai,6068,7.008497,3
caai,6069,7.316347,3
caai,6070,4.053160,3
caai,6071,2.796726,3
caai,6072,4.651072,3
caai,6073,16.514028,3
caai,6074,5.405535,3
caai,6075,3.725750,3
caai,6076,9.671197,3
caai,6077,3.294654,3
caai,6078,6.372031,3
caai,6079,3.070737,3
caai,6080,7.838089,3
caai,6081,4.283063,3
caai,6082,4.544786,3
caai,6083,9.746427,3
caai,6084,4.601699,3
caai,6085,2.953943,3
caai,6086,4.282143,3
caai,6087,2.324081,3
caai,6088,4.552972,3
caai,6089,5.577487,3
caai,6090,3.745423,3
caai,6091,9.501355,3
caai,6092,3.237395,3
caai,6093,5.138891,3
caai,6094,3.933072,3
caai,6095,7.862433,3
caai,6096,4.362087,3
caai,6097,3.492318,3
caai,6098,2.963321,3
caai,6099,6.696307,3
caai,6100,2.087094,3
caai,6101,7.872882,3
caai,6102,6.355228,3
caai,6103,6.397983,3
caai,6104,6.952449,3
caai,6105,8.857112,3
caai,6106,3.631894,3
caai,6107,9.424794,3
caai,6108,3.193395,3
caai,6109,8.074589,3
caai,6110,5.990545,3
caai,6111,12.313134,3
caai,6112,2.892718,3
caai,6113,4.644557,3
caai,6114,5.353356,3
caai,6115,11.165715,3
caai,6116,4.029878,3
caai,6117,6.546449,3
caai,6118,4.993457,3
caai,6119,3.206646,3
caai,6120,5.057915,3
caai,6121,6.433096,3
caai,6122,5.518603,3
caai,6123,2.818700,3
caai,6124,5.374501,3
caai,6125,5.964109,3
caai,6126,3.425650,3
caai,6127,4.036430,3
caai,6128,7.497171,3
caai,6129,3.061011,3
caai,6130,7.174197,3
caai,6131,3.827893,3
caai,6132,3.634892,3
caai,6133,4.927872,3
caai,6134,6.453730,3
caai,6135,4.906326,3
caai,6136,4.896544,3
caai,6137,7.332442,3
caai,6138,9.020970,3
caai,6139,10.075188,3
caai,6140,16.390824,3
caai,6141,6.423816,3
caai,6142,5.017356,3
caai,6143,14.170026,3
caai,6144,8.056510,3
caai,6145,7.422454,3
caai,6146,10.467649,3
caai,6147,8.746176,3
caai,6148,5.877239,3
caai,6149,6.941262,3
caai,6150,10.153350,3
caai,6151,6.898726,3
caai,6152,5.450008,3
caai,6153,4.376407,3
caai,6154,5.264648,3
caai,6155,3.826396,3
caai,6156,3.493813,3
caai,6157,10.844326,3
caai,6158,3.471414,3
caai,6159,5.735626,3
caai,6160,6.432710,3
caai,6161,13.398170,3
caai,6162,3.481979,3
caai,6163,8.774873,3
caai,6164,4.528891,3
caai,6165,5.515947,3
caai,6166,6.595065,3
caai,6167,6.404802,3
caai,6168,8.120066,3
caai,6169,11.517752,3
caai,6170,14.668041,3
caai,6171,8.423091,3
caai,6172,5.961189,3
caai,6173,3.487651,3
caai,6174,3.162640,3
caai,6175,4.041206,3
caai,6176,4.965669,3
caai,6177,5.471754,3
caai,6178,6.353378,3
caai,6179,3.819379,3
caai,6180,3.423427,3
caai,6181,12.431082,3
caai,6182,5.067205,3
caai,6183,4.674716,3
caai,6184,3.302626,3
caai,6185,7.053953,3
caai,6186,9.794407,3
caai,6187,5.943010,3
caai,6188,3.760884,3
caai,6189,4.221693,3
caai,6190,3.581738,3
caai,6191,3.290736,3
caai,6192,5.037999,3
caai,6193,15.620326,3
caai,6194,2.668303,3
caai,6195,6.180887,3
caai,6196,4.595892,3
caai,6197,5.023725,3
caai,6198,15.193208,3
caai,6199,6.817186,3
caai,6200,3.194672,3
caai,6201,4.566574,3
caai,6202,6.218612,3
caai,6203,5.276008,3
caai,6204,4.237252,3
caai,6205,4.493574,3
caai,6206,6.167971,3
caai,6207,4.018595,3
caai,6208,3.793220,3
caai,6209,3.909912,3
caai,6210,6.784017,3
caai,6211,2.212413,3
caai,6212,2.344534,3
caai,6213,3.854801,3
caai,6214,8.241587,3
caai,6215,3.257730,3
caai,6216,3.254459,3
caai,6217,4.769923,3
caai,6218,2.778012,3
caai,6219,3.018104,3
caai,6220,3.450389,3
caai,6221,2.980894,3
caai,6222,5.982051,3
caai,6223,2.605150,3
caai,6224,9.716497,3
caai,6225,3.720779,3
caai,6226,2.685561,3
caai,6227,9.306126,3
caai,6228,3.290760,3
caai,6229,2.269481,3
caai,6230,4.952959,3
caai,6231,3.166881,3
caai,6232,10.970697,3
caai,6233,3.488627,3
caai,6234,6.099624,3
caai,6235,2.961192,3
caai,6236,17.612012,3
caai,6237,3.284029,3
caai,6238,6.080061,3
caai,6239,8.093001,3
caai,6240,9.692928,3
caai,6241,5.298543,3
caai,6242,4.179298,3
caai,6243,10.179612,3
caai,6244,11.015891,3
caai,6245,7.311726,3
caai,6246,7.279010,3
caai,6247,3.075543,3
caai,6248,4.259822,3
caai,6249,3.406076,3
caai,6250,4.704282,3
caai,6251,3.359210,3
caai,6252,3.113086,3
caai,6253,9.649827,3
caai,6254,4.180483,3
caai,6255,6.408782,3
caai,6256,5.028176,3
caai,6257,5.072210,3
caai,6258,3.818112,3
caai,6259,5.314165,3
caai,6260,6.144111,3
caai,6261,6.180089,3
caai,6262,3.032593,3
caai,6263,7.861517,3
caai,6264,4.576793,3
caai,6265,5.711712,3
caai,6266,6.363572,3
caai,6267,5.000254,3
caai,6268,10.298272,3
caai,6269,6.442920,3
caai,6270,8.430801,3
caai,6271,5.737447,3
caai,6272,6.336376,3
caai,6273,13.405776,3
caai,6274,2.945538,3
caai,6275,10.127020,3
caai,6276,4.683021,3
caai,6277,4.054477,3
caai,6278,3.748478,3
caai,6279,4.635998,3
caai,6280,2.895762,3
caai,6281,4.427315,3
caai,6282,3.479769,3
caai,6283,12.145770,3
caai,6284,3.861157,3
caai,6285,9.709365,3
caai,6286,6.335458,3
caai,6287,3.119395,3
caai,6288,5.024831,3
caai,6289,4.494846,3
caai,6290,7.855464,3
caai,6291,3.503590,3
caai,6292,2.754941,3
caai,6293,2.437695,3
caai,6294,6.408199,3
caai,6295,5.721644,3
caai,6296,5.248721,3
caai,6297,5.981584,3
caai,6298,7.826841,3
caai,6299,7.349737,3
caai,6300,3.701372,3
caai,6301,8.814255,3
caai,6302,6.211548,3
caai,6303,4.120860,3
caai,6304,17.794938,3
caai,6305,15.409853,3
caai,6306,4.420745,3
caai,6307,4.516512,3
caai,6308,5.257046,3
caai,6309,4.472723,3
caai,6310,5.892170,3
caai,6311,9.474233,3
caai,6312,7.240787,3
caai,6313,6.635356,3
caai,6314,5.683072,3
caai,6315,6.746706,3
caai,6316,7.885946,3
caai,6317,3.020262,3
caai,6318,5.311652,3
caai,6319,4.527540,3
caai,6320,8.663611,3
caai,6321,6.884735,3
caai,6322,5.393904,3
caai,6323,3.126936,3
caai,6324,4.180400,3
caai,6325,9.601268,3
caai,6326,6.728797,3
caai,6327,6.961825,3
caai,6328,7.299183,3
caai,6329,7.720986,3
caai,6330,2.846840,3
caai,6331,5.803187,3
caai,6332,8.454531,3
caai,6333,6.714764,3
caai,6334,3.238102,3
caai,6335,8.743863,3
caai,6336,5.118898,3
caai,6337,2.654348,3
caai,6338,5.424602,3
caai,6339,6.611622,3
caai,6340,13.505858,3
caai,6341,6.240536,3
caai,6342,5.372891,3
caai,6343,5.070017,3
caai,6344,8.832119,3
caai,6345,6.477463,3
caai,6346,2.718231,3
caai,6347,6.449322,3
caai,6348,3.262638,3
caai,6349,3.139865,3
caai,6350,4.367712,3
caai,6351,7.132325,3
caai,6352,4.148537,3
caai,6353,6.247680,3
caai,6354,4.237470,3
caai,6355,4.439949,3
caai,6356,8.382953,3
caai,6357,5.856901,3
caai,6358,6.152724,3
caai,6359,5.499395,3
caai,6360,2.197323,3
caai,6361,8.637077,3
caai,6362,5.157904,3
caai,6363,4.542098,3
caai,6364,8.245505,3
caai,6365,9.375815,3
caai,6366,7.499048,3
caai,6367,11.725209,3
caai,6368,2.715848,3
caai,6369,5.343511,3
caai,6370,2.597941,3
caai,6371,2.913105,3
caai,6372,4.402663,3
caai,6373,8.746361,3
caai,6374,14.333088,3
caai,6375,3.992138,3
caai,6376,3.791096,3
caai,6377,7.576645,3
caai,6378,3.186779,3
caai,6379,13.507834,3
caai,6380,7.751058,3
caai,6381,8.404330,3
caai,6382,4.123397,3
caai,6383,4.521502,3
caai,6384,5.619384,3
caai,6385,2.832599,3
caai,6386,4.649712,3
caai,6387,8.698585,3
caai,6388,8.618706,3
caai,6389,3.928820,3
caai,6390,3.467238,3
caai,6391,4.884762,3
caai,6392,6.817678,3
caai,6393,9.099848,3
caai,6394,4.160315,3
caai,6395,4.232231,3
caai,6396,5.074317,3
caai,6397,8.005298,3
caai,6398,2.893622,3
caai,6399,18.182428,3
caai,6400,7.213584,3
caai,6401,3.775727,3
caai,6402,9.246561,3
caai,6403,3.389534,3
caai,6404,3.277962,3
caai,6405,4.230592,3
caai,6406,10.213342,3
caai,6407,4.304002,3
caai,6408,4.684969,3
caai,6409,8.736507,3
caai,6410,12.810228,3
caai,6411,4.507355,3
caai,6412,6.855108,3
caai,6413,2.837123,3
caai,6414,6.391025,3
caai,6415,7.452885,3
caai,6416,3.517022,3
caai,6417,2.781910,3
caai,6418,2.603988,3
caai,6419,2.927606,3
caai,6420,5.975529,3
caai,6421,4.291961,3
caai,6422,2.665864,3
caai,6423,7.628622,3
caai,6424,9.550876,3
caai,6425,8.767658,3
caai,6426,12.680946,3
caai,6427,7.682146,3
caai,6428,9.460707,3
caai,6429,3.047197,3
caai,6430,6.379384,3
caai,6431,5.387097,3
caai,6432,3.867500,3
caai,6433,2.581648,3
caai,6434,7.380442,3
caai,6435,5.084629,3
caai,6436,7.072179,3
caai,6437,4.131212,3
caai,6438,8.487548,3
caai,6439,5.667971,3
caai,6440,6.384565,3
caai,6441,3.153663,3
caai,6442,4.247408,3
caai,6443,3.110675,3
caai,6444,9.850051,3
caai,6445,5.327213,3
caai,6446,4.297530,3
caai,6447,6.867239,3
caai,6448,5.373892,3
caai,6449,3.710954,3
caai,6450,5.645551,3
caai,6451,3.919601,3
caai,6452,3.137356,3
caai,6453,3.847669,3
caai,6454,4.532870,3
caai,6455,15.496820,3
caai,6456,3.447669,3
caai,6457,4.825599,3
caai,6458,5.475767,3
caai,6459,7.263115,3
caai,6460,3.397515,3
caai,6461,4.967546,3
caai,6462,9.773422,3
caai,6463,8.560394,3
caai,6464,4.341448,3
caai,6465,3.135014,3
caai,6466,3.497637,3
caai,6467,5.833872,3
caai,6468,5.023643,3
caai,6469,5.270342,3
caai,6470,3.581499,3
caai,6471,1.622170,3
caai,6472,4.486252,3
caai,6473,3.484126,3
caai,6474,5.952059,3
caai,6475,6.498491,3
caai,6476,3.861786,3
caai,6477,4.381241,3
caai,6478,4.328489,3
caai,6479,3.595414,3
caai,6480,2.671876,3
caai,6481,3.555937,3
caai,6482,3.617118,3
caai,6483,8.783717,3
caai,6484,4.741281,3
caai,6485,3.965422,3
caai,6486,6.302776,3
caai,6487,4.201992,3
caai,6488,4.668441,3
caai,6489,4.635308,3
caai,6490,2.810980,3
caai,6491,6.148780,3
caai,6492,4.660885,3
caai,6493,7.225760,3
caai,6494,5.270874,3
caai,6495,7.133857,3
caai,6496,4.768040,3
caai,6497,7.812028,3
caai,6498,6.797585,3
caai,6499,4.445713,3
caai,6500,3.247815,3
caai,6501,4.206437,3
caai,6502,5.310680,3
caai,6503,8.941142,3
caai,6504,8.680062,3
caai,6505,3.087555,3
caai,6506,6.793596,3
caai,6507,7.821691,3
caai,6508,2.644927,3
caai,6509,5.610174,3
caai,6510,7.810955,3
caai,6511,4.424615,3
caai,6512,6.287140,3
caai,6513,15.422802,3
caai,6514,4.571856,3
caai,6515,7.112989,3
caai,6516,4.790560,3
caai,6517,3.036004,3
caai,6518,6.129201,3
caai,6519,6.866005,3
caai,6520,5.523928,3
caai,6521,6.163746,3
caai,6522,1.689429,3
caai,6523,6.852976,3
caai,6524,3.097301,3
caai,6525,3.635526,3
caai,6526,7.711265,3
caai,6527,4.629840,3
caai,6528,3.381878,3
caai,6529,3.225492,3
caai,6530,2.886993,3
caai,6531,7.113466,3
caai,6532,4.302403,3
caai,6533,3.763806,3
caai,6534,8.787603,3
caai,6535,2.805551,3
caai,6536,3.329429,3
caai,6537,2.828759,3
caai,6538,4.151305,3
caai,6539,2.471924,3
caai,6540,5.239100,3
caai,6541,8.123525,3
caai,6542,5.516275,3
caai,6543,5.346083,3
caai,6544,5.667047,3
caai,6545,6.896634,3
caai,6546,9.476380,3
caai,6547,7.218765,3
caai,6548,5.049948,3
caai,6549,3.913186,3
caai,6550,3.717861,3
caai,6551,5.355298,3
caai,6552,6.590403,3
caai,6553,3.265566,3
caai,6554,9.684994,3
caai,6555,2.692382,3
caai,6556,6.003716,3
caai,6557,6.069406,3
caai,6558,3.244924,3
caai,6559,13.828318,3
caai,6560,6.984022,3
caai,6561,7.040796,3
caai,6562,4.112111,3
caai,6563,6.574194,3
caai,6564,5.123458,3
caai,6565,7.934305,3
caai,6566,3.232703,3
caai,6567,3.517475,3
caai,6568,5.349761,3
caai,6569,6.573222,3
caai,6570,6.179162,3
caai,6571,8.122926,3
caai,6572,6.310070,3
caai,6573,4.373983,3
caai,6574,15.074686,3
caai,6575,2.792315,3
caai,6576,4.193612,3
caai,6577,3.175777,3
caai,6578,5.657369,3
caai,6579,9.164324,3
caai,6580,5.324801,3
caai,6581,4.690671,3
caai,6582,4.527072,3
caai,6583,2.584487,3
caai,6584,4.604835,3
caai,6585,2.763651,3
caai,6586,10.013638,3
caai,6587,3.721286,3
caai,6588,10.045913,3
caai,6589,17.901517,3
caai,6590,5.185951,3
caai,6591,4.878772,3
caai,6592,6.679238,3
caai,6593,4.320198,3
caai,6594,1.769831,3
caai,6595,7.471415,3
caai,6596,4.120855,3
caai,6597,7.957711,3
caai,6598,3.781368,3
caai,6599,2.853184,3
caai,6600,5.770430,3
caai,6601,10.360978,3
caai,6602,5.032575,3
caai,6603,4.111441,3
caai,6604,14.608280,3
caai,6605,10.699369,3
caai,6606,8.985293,3
caai,6607,3.369632,3
caai,6608,5.293559,3
caai,6609,8.198517,3
caai,6610,3.773075,3
caai,6611,4.869923,3
caai,6612,3.555354,3
caai,6613,3.172774,3
caai,6614,7.827258,3
caai,6615,2.663875,3
caai,6616,5.859262,3
caai,6617,5.445090,3
caai,6618,4.998442,3
caai,6619,5.473332,3
caai,6620,12.709688,3
caai,6621,4.779319,3
caai,6622,4.532504,3
caai,6623,3.994860,3
caai,6624,5.679773,3
caai,6625,2.538551,3
caai,6626,8.757354,3
caai,6627,5.093440,3
caai,6628,3.699299,3
caai,6629,4.743475,3
caai,6630,3.234468,3
caai,6631,3.145201,3
caai,6632,7.378441,3
caai,6633,2.332503,3
caai,6634,8.295076,3
caai,6635,4.186720,3
caai,6636,5.039206,3
caai,6637,4.815072,3
caai,6638,3.875303,3
caai,6639,11.120157,3
caai,6640,4.480600,3
caai,6641,2.537889,3
caai,6642,4.784709,3
caai,6643,5.056094,3
caai,6644,3.304291,3
caai,6645,7.257016,3
caai,6646,9.163934,3
caai,6647,10.756571,3
caai,6648,10.754763,3
caai,6649,8.209126,3
caai,6650,4.771804,3
caai,6651,4.533885,3
caai,6652,7.905682,3
caai,6653,6.232495,3
caai,6654,2.776614,3
caai,6655,3.281586,3
caai,6656,4.945719,3
caai,6657,6.858685,3
caai,6658,4.758238,3
caai,6659,4.672812,3
caai,6660,5.275487,3
caai,6661,9.857887,3
caai,6662,3.456577,3
caai,6663,3.725559,3
caai,6664,7.165274,3
caai,6665,5.829647,3
caai,6666,3.798079,3
caai,6667,6.722522,3
caai,6668,5.504732,3
caai,6669,6.033703,3
caai,6670,4.872902,3
caai,6671,3.482522,3
caai,6672,7.862036,3
caai,6673,3.210554,3
caai,6674,4.750360,3
caai,6675,10.939003,3
caai,6676,4.668867,3
caai,6677,4.924161,3
caai,6678,3.831191,3
caai,6679,2.878906,3
caai,6680,5.934712,3
caai,6681,5.541386,3
caai,6682,2.605388,3
caai,6683,6.408634,3
caai,6684,4.406084,3
caai,6685,5.624664,3
caai,6686,4.693726,3
caai,6687,4.409859,3
caai,6688,5.485040,3
caai,6689,3.197304,3
caai,6690,8.022343,3
caai,6691,3.848065,3
caai,6692,3.880960,3
caai,6693,4.338391,3
caai,6694,6.694079,3
caai,6695,3.460233,3
caai,6696,7.929468,3
caai,6697,2.810198,3
caai,6698,6.342289,3
caai,6699,3.303328,3
caai,6700,3.761230,3
caai,6701,3.133065,3
caai,6702,4.837947,3
caai,6703,5.789207,3
caai,6704,3.328193,3
caai,6705,10.023303,3
caai,6706,7.123436,3
caai,6707,6.653473,3
caai,6708,3.966077,3
caai,6709,3.614739,3
caai,6710,2.115701,3
caai,6711,11.300356,3
caai,6712,5.125918,3
caai,6713,3.146709,3
caai,6714,5.828171,3
caai,6715,4.987168,3
caai,6716,3.838364,3
caai,6717,7.573582,3
caai,6718,3.899511,3
caai,6719,12.026853,3
caai,6720,4.774091,3
caai,6721,3.644495,3
caai,6722,4.603259,3
caai,6723,8.237932,3
caai,6724,3.194702,3
caai,6725,4.626906,3
caai,6726,7.230641,3
caai,6727,6.505003,3
caai,6728,5.179049,3
caai,6729,2.715114,3
caai,6730,4.856218,3
caai,6731,3.911751,3
caai,6732,9.670364,3
caai,6733,3.971063,3
caai,6734,2.868621,3
caai,6735,8.033312,3
caai,6736,7.260283,3
caai,6737,8.154708,3
caai,6738,15.071340,3
caai,6739,5.180183,3
caai,6740,4.660108,3
caai,6741,5.877166,3
caai,6742,5.076279,3
caai,6743,4.557700,3
caai,6744,6.183597,3
caai,6745,3.356131,3
caai,6746,4.289333,3
caai,6747,6.738781,3
caai,6748,8.733158,3
caai,6749,5.556992,3
caai,6750,3.565602,3
caai,6751,8.183444,3
caai,6752,4.982455,3
caai,6753,6.607074,3
caai,6754,8.152180,3
caai,6755,5.545423,3
caai,6756,11.841976,3
caai,6757,3.958453,3
caai,6758,3.825497,3
caai,6759,9.323565,3
caai,6760,4.304701,3
caai,6761,5.384011,3
caai,6762,3.031117,3
caai,6763,2.756920,3
caai,6764,7.044987,3
caai,6765,5.623444,3
caai,6766,9.389071,3
caai,6767,4.948982,3
caai,6768,5.053512,3
caai,6769,8.602391,3
caai,6770,5.424918,3
caai,6771,5.045864,3
caai,6772,3.038702,3
caai,6773,6.541297,3
caai,6774,5.655741,3
caai,6775,8.641116,3
caai,6776,10.646984,3
caai,6777,3.341974,3
caai,6778,4.324251,3
caai,6779,6.528243,3
caai,6780,6.522772,3
caai,6781,7.595397,3
caai,6782,5.654282,3
caai,6783,4.311446,3
caai,6784,2.805424,3
caai,6785,3.144580,3
caai,6786,14.026933,3
caai,6787,5.128079,3
caai,6788,3.841866,3
caai,6789,5.118342,3
caai,6790,3.414418,3
caai,6791,6.248887,3
caai,6792,3.169085,3
caai,6793,3.752887,3
caai,6794,4.238960,3
caai,6795,9.219986,3
caai,6796,4.086758,3
caai,6797,3.344628,3
caai,6798,10.264127,3
caai,6799,6.766561,3
caai,6800,8.795691,3
caai,6801,5.448774,3
caai,6802,3.474370,3
caai,6803,5.498979,3
caai,6804,3.540720,3
caai,6805,4.616859,3
caai,6806,4.218123,3
caai,6807,7.037068,3
caai,6808,2.932775,3
caai,6809,6.289463,3
caai,6810,8.326789,3
caai,6811,3.509875,3
caai,6812,5.365166,3
caai,6813,10.661399,3
caai,6814,8.501724,3
caai,6815,4.218496,3
caai,6816,6.209457,3
caai,6817,5.116262,3
caai,6818,4.915833,3
caai,6819,7.120832,3
caai,6820,7.965005,3
caai,6821,5.504942,3
caai,6822,4.396370,3
caai,6823,5.210982,3
caai,6824,3.381074,3
caai,6825,1.892201,3
caai,6826,3.813587,3
caai,6827,12.955821,3
caai,6828,6.047255,3
caai,6829,3.861598,3
caai,6830,4.503606,3
caai,6831,5.086472,3
caai,6832,12.197265,3
caai,6833,14.165505,3
caai,6834,10.409135,3
caai,6835,6.806617,3
caai,6836,2.240260,3
caai,6837,6.371756,3
caai,6838,3.059364,3
caai,6839,5.489761,3
caai,6840,3.549999,3
caai,6841,6.122791,3
caai,6842,4.632131,3
caai,6843,11.572626,3
caai,6844,4.775299,3
caai,6845,4.311320,3
caai,6846,4.246763,3
caai,6847,3.164934,3
caai,6848,3.413294,3
caai,6849,3.220364,3
caai,6850,8.449481,3
caai,6851,6.608465,3
caai,6852,4.885748,3
caai,6853,8.122881,3
caai,6854,4.783841,3
caai,6855,5.278693,3
caai,6856,9.887305,3
caai,6857,3.869290,3
caai,6858,8.548068,3
caai,6859,5.743256,3
caai,6860,2.384491,3
caai,6861,5.041976,3
caai,6862,3.966809,3
caai,6863,9.836848,3
caai,6864,5.237999,3
caai,6865,4.066527,3
caai,6866,8.052529,3
caai,6867,2.903113,3
caai,6868,6.136883,3
caai,6869,5.046446,3
caai,6870,9.235064,3
caai,6871,5.081872,3
caai,6872,14.706020,3
caai,6873,8.271526,3
caai,6874,17.393272,3
caai,6875,3.434011,3
caai,6876,4.413071,3
caai,6877,4.159593,3
caai,6878,3.559217,3
caai,6879,3.893369,3
caai,6880,5.507222,3
caai,6881,12.176269,3
caai,6882,3.984994,3
caai,6883,4.044568,3
caai,6884,9.720822,3
caai,6885,3.786101,3
caai,6886,3.875890,3
caai,6887,5.097434,3
caai,6888,3.990802,3
caai,6889,3.745781,3
caai,6890,9.854018,3
caai,6891,3.086111,3
caai,6892,12.093647,3
caai,6893,2.162914,3
caai,6894,7.504828,3
caai,6895,3.862626,3
caai,6896,3.021455,3
caai,6897,16.987604,3
caai,6898,5.654848,3
caai,6899,3.401664,3
caai,6900,3.264782,3
caai,6901,4.401463,3
caai,6902,7.037288,3
caai,6903,7.629797,3
caai,6904,5.037427,3
caai,6905,7.099281,3
caai,6906,6.631602,3
caai,6907,3.008189,3
caai,6908,3.724295,3
caai,6909,5.694166,3
caai,6910,5.459371,3
caai,6911,4.529071,3
caai,6912,4.490679,3
caai,6913,2.973429,3
caai,6914,4.428667,3
caai,6915,11.423842,3
caai,6916,4.073841,3
caai,6917,5.466126,3
caai,6918,6.588248,3
caai,6919,15.816840,3
caai,6920,6.362112,3
caai,6921,5.151826,3
caai,6922,3.564731,3
caai,6923,4.776486,3
caai,6924,2.222755,3
caai,6925,4.495874,3
caai,6926,2.869644,3
caai,6927,4.001298,3
caai,6928,8.665076,3
caai,6929,6.631060,3
caai,6930,2.359034,3
caai,6931,9.368233,3
caai,6932,7.997641,3
caai,6933,3.338992,3
caai,6934,5.351144,3
caai,6935,4.891671,3
caai,6936,4.580408,3
caai,6937,6.633906,3
caai,6938,3.564536,3
caai,6939,4.291935,3
caai,6940,4.961550,3
caai,6941,8.410835,3
caai,6942,5.498879,3
caai,6943,5.483604,3
caai,6944,6.005506,3
caai,6945,8.403287,3
caai,6946,17.463504,3
caai,6947,3.217033,3
caai,6948,3.728877,3
caai,6949,4.339968,3
caai,6950,3.938612,3
caai,6951,6.678601,3
caai,6952,10.745341,3
caai,6953,3.457821,3
caai,6954,5.389105,3
caai,6955,6.652364,3
caai,6956,5.469526,3
caai,6957,2.827194,3
caai,6958,9.848112,3
caai,6959,6.995755,3
caai,6960,5.097799,3
caai,6961,4.698761,3
caai,6962,6.002339,3
caai,6963,4.020856,3
caai,6964,4.684199,3
caai,6965,12.272400,3
caai,6966,7.907044,3
caai,6967,4.612161,3
caai,6968,2.904975,3
caai,6969,10.079766,3
caai,6970,3.193500,3
caai,6971,8.618271,3
caai,6972,2.598103,3
caai,6973,11.067099,3
caai,6974,4.227101,3
caai,6975,11.049424,3
caai,6976,5.593598,3
caai,6977,4.680756,3
caai,6978,8.337215,3
caai,6979,6.369945,3
caai,6980,8.131954,3
caai,6981,5.879481,3
caai,6982,5.379540,3
caai,6983,7.982907,3
caai,6984,8.237649,3
caai,6985,3.619481,3
caai,6986,3.695638,3
caai,6987,6.428581,3
caai,6988,5.724887,3
caai,6989,3.003419,3
caai,6990,5.729115,3
caai,6991,6.169681,3
caai,6992,5.350943,3
caai,6993,10.893998,3
caai,6994,4.387827,3
caai,6995,5.319483,3
caai,6996,6.011522,3
caai,6997,9.679938,3
caai,6998,6.209164,3
caai,6999,8.422489,3
caai,7000,2.421596,3
caai,7001,6.884518,3
caai,7002,2.853408,3
caai,7003,8.795594,3
caai,7004,3.932010,3
caai,7005,3.628161,3
caai,7006,8.703470,3
caai,7007,9.955620,3
caai,7008,10.107576,3
caai,7009,5.053340,3
caai,7010,6.814023,3
caai,7011,6.110232,3
caai,7012,4.583823,3
caai,7013,4.683083,3
caai,7014,9.336938,3
caai,7015,3.475896,3
caai,7016,3.606206,3
caai,7017,2.939343,3
caai,7018,3.076715,3
caai,7019,4.796507,3
caai,7020,12.348364,3
caai,7021,3.643866,3
caai,7022,4.311951,3
caai,7023,5.431298,3
caai,7024,5.963942,3
caai,7025,8.318782,3
caai,7026,7.696812,3
caai,7027,6.832756,3
caai,7028,4.455757,3
caai,7029,8.529048,3
caai,7030,12.592217,3
caai,7031,9.549513,3
caai,7032,6.913037,3
caai,7033,4.088219,3
caai,7034,3.831889,3
caai,7035,2.921288,3
caai,7036,3.415017,3
caai,7037,6.263086,3
caai,7038,7.145701,3
caai,7039,8.426738,3
caai,7040,5.953153,3
caai,7041,5.209328,3
caai,7042,10.517588,3
caai,7043,9.311309,3
caai,7044,4.821016,3
caai,7045,7.101691,3
caai,7046,4.906077,3
caai,7047,8.706254,3
caai,7048,9.447512,3
caai,7049,3.751307,3
caai,7050,11.524099,3
caai,7051,4.215762,3
caai,7052,3.733960,3
caai,7053,5.697216,3
caai,7054,8.903178,3
caai,7055,3.997619,3
caai,7056,10.462422,3
caai,7057,5.837684,3
caai,7058,5.598434,3
caai,7059,2.718726,3
caai,7060,7.599137,3
caai,7061,10.244165,3
caai,7062,3.355936,3
caai,7063,10.474076,3
caai,7064,5.708388,3
caai,7065,5.444620,3
caai,7066,4.167686,3
caai,7067,3.700142,3
caai,7068,4.312847,3
caai,7069,3.620886,3
caai,7070,5.272075,3
caai,7071,4.067713,3
caai,7072,2.171976,3
caai,7073,4.810508,3
caai,7074,2.901284,3
caai,7075,5.460666,3
caai,7076,3.218687,3
caai,7077,7.551734,3
caai,7078,4.202102,3
caai,7079,9.152653,3
caai,7080,2.542315,3
caai,7081,3.856769,3
caai,7082,5.543153,3
caai,7083,3.093564,3
caai,7084,4.596355,3
caai,7085,9.965955,3
caai,7086,4.710781,3
caai,7087,5.828046,3
caai,7088,4.262547,3
caai,7089,3.512230,3
caai,7090,4.609395,3
caai,7091,3.098656,3
caai,7092,5.962673,3
caai,7093,14.265498,3
caai,7094,3.038468,3
caai,7095,7.324861,3
caai,7096,6.416160,3
caai,7097,4.771275,3
caai,7098,7.093929,3
caai,7099,3.541668,3
caai,7100,5.394545,3
caai,7101,6.423392,3
caai,7102,5.114126,3
caai,7103,2.310571,3
caai,7104,3.321519,3
caai,7105,4.150522,3
caai,7106,10.981285,3
caai,7107,3.290975,3
caai,7108,5.196102,3
caai,7109,6.257908,3
caai,7110,3.589535,3
caai,7111,7.843158,3
caai,7112,3.573260,3
caai,7113,14.026898,3
caai,7114,6.316845,3
caai,7115,7.493766,3
caai,7116,5.327274,3
caai,7117,2.805477,3
caai,7118,2.233093,3
caai,7119,4.410509,3
caai,7120,12.616027,3
caai,7121,6.921470,3
caai,7122,3.505227,3
caai,7123,9.831170,3
caai,7124,5.617972,3
caai,7125,5.251786,3
caai,7126,4.921702,3
caai,7127,5.896418,3
caai,7128,11.783120,3
caai,7129,4.184844,3
caai,7130,6.603702,3
caai,7131,7.607433,3
caai,7132,3.285058,3
caai,7133,3.497071,3
caai,7134,9.597271,3
caai,7135,4.967565,3
caai,7136,9.104487,3
caai,7137,3.138548,3
caai,7138,3.829360,3
caai,7139,2.698930,3
caai,7140,7.494531,3
caai,7141,7.251928,3
caai,7142,2.084985,3
caai,7143,2.303947,3
caai,7144,2.336603,3
caai,7145,6.335756,3
caai,7146,5.030029,3
caai,7147,11.082883,3
caai,7148,8.188239,3
caai,7149,5.931693,3
caai,7150,3.803198,3
caai,7151,3.458538,3
caai,7152,6.634135,3
caai,7153,6.424776,3
caai,7154,6.587417,3
caai,7155,7.469689,3
caai,7156,6.612695,3
caai,7157,10.333532,3
caai,7158,5.591040,3
caai,7159,5.988884,3
caai,7160,4.997294,3
caai,7161,7.064396,3
caai,7162,10.080560,3
caai,7163,4.719645,3
caai,7164,3.874550,3
caai,7165,5.050011,3
caai,7166,9.817399,3
caai,7167,3.547627,3
caai,7168,14.075898,3
caai,7169,10.565426,3
caai,7170,5.806197,3
caai,7171,7.884448,3
caai,7172,5.893125,3
caai,7173,3.863715,3
caai,7174,10.624381,3
caai,7175,11.714046,3
caai,7176,5.243895,3
caai,7177,7.753826,3
caai,7178,8.671148,3
caai,7179,3.895786,3
caai,7180,10.070237,3
caai,7181,10.182064,3
caai,7182,4.653858,3
caai,7183,5.281821,3
caai,7184,3.153681,3
caai,7185,3.358682,3
caai,7186,2.783901,3
caai,7187,7.161239,3
caai,7188,7.725969,3
caai,7189,6.421089,3
caai,7190,3.481531,3
caai,7191,6.298474,3
caai,7192,2.523598,3
caai,7193,4.092590,3
caai,7194,10.948924,3
caai,7195,3.402674,3
caai,7196,3.951182,3
caai,7197,5.793700,3
caai,7198,6.485256,3
caai,7199,8.629709,3
caai,7200,12.920336,3
caai,7201,2.471507,3
caai,7202,3.461696,3
caai,7203,2.533970,3
caai,7204,4.403618,3
caai,7205,3.918880,3
caai,7206,1.263106,3
caai,7207,5.429006,3
caai,7208,2.105894,3
caai,7209,2.700749,3
caai,7210,1.696088,3
caai,7211,4.351527,3
caai,7212,2.469629,3
caai,7213,10.341245,3
caai,7214,2.999997,3
caai,7215,2.981044,3
caai,7216,2.541314,3
caai,7217,8.078028,3
caai,7218,2.615581,3
caai,7219,2.315906,3
caai,7220,4.517330,3
caai,7221,3.186698,3
caai,7222,1.952195,3
caai,7223,2.435196,3
caai,7224,2.672382,3
caai,7225,2.866110,3
caai,7226,2.089194,3
caai,7227,2.247660,3
caai,7228,2.545342,3
caai,7229,5.003572,3
caai,7230,2.783142,3
caai,7231,3.011834,3
caai,7232,2.123286,3
caai,7233,3.241352,3
caai,7234,2.904190,3
caai,7235,2.840443,3
caai,7236,3.784089,3
caai,7237,3.672112,3
caai,7238,6.297479,3
caai,7239,2.646913,3
caai,7240,3.935146,3
caai,7241,1.895153,3
caai,7242,2.904881,3
caai,7243,3.494115,3
caai,7244,4.302950,3
caai,7245,3.569488,3
caai,7246,3.110435,3
caai,7247,3.135476,3
caai,7248,2.313294,3
caai,7249,3.412625,3
caai,7250,3.652717,3
caai,7251,2.034125,3
caai,7252,5.154375,3
caai,7253,3.230156,3
caai,7254,4.084330,3
caai,7255,13.673172,3
caai,7256,2.667712,3
caai,7257,2.487294,3
caai,7258,2.911735,3
caai,7259,3.783827,3
caai,7260,7.515131,1
caai,7261,6.794390,1
caai,7262,10.204816,1
caai,7263,10.295991,1
caai,7264,6.745114,1
caai,7265,9.644466,1
caai,7266,6.726373,1
caai,7267,12.304045,1
caai,7268,10.608046,1
caai,7269,15.365126,1
caai,7270,9.916508,1
caai,7271,8.406386,1
caai,7272,7.167499,1
caai,7273,4.767831,1
caai,7274,6.170198,1
caai,7275,8.963676,1
caai,7276,4.700003,1
caai,7277,9.317879,1
caai,7278,5.418946,1
caai,7279,9.121981,1
caai,7280,8.441820,1
caai,7281,6.443431,1
caai,7282,15.612888,1
caai,7283,8.603328,1
caai,7284,10.125943,1
caai,7285,8.125492,1
caai,7286,5.383762,1
caai,7287,11.972150,1
caai,7288,7.327531,1
caai,7289,8.195940,1
caai,7290,9.756553,1
caai,7291,17.497466,1
caai,7292,10.103929,1
caai,7293,9.959600,1
caai,7294,11.007304,1
caai,7295,5.948406,1
caai,7296,9.336273,1
caai,7297,6.198753,1
caai,7298,9.864501,1
caai,7299,4.461585,1
caai,7300,8.170894,1
caai,7301,10.454405,1
caai,7302,4.233756,1
caai,7303,10.366301,1
caai,7304,10.342726,1
caai,7305,7.991261,1
caai,7306,16.041846,1
caai,7307,6.339105,1
caai,7308,11.730348,1
caai,7309,5.031151,1
caai,7310,7.781819,1
caai,7311,12.639434,1
caai,7312,4.076847,1
caai,7313,16.082940,1
caai,7314,7.865693,1
caai,7315,13.775623,1
caai,7316,12.060094,1
caai,7317,8.704537,1
caai,7318,6.709646,1
caai,7319,6.365070,1
caai,7320,7.283269,1
caai,7321,8.409162,1
caai,7322,14.812023,1
caai,7323,5.729950,1
caai,7324,13.752940,1
caai,7325,15.954025,1
caai,7326,4.298057,1
caai,7327,5.135076,1
caai,7328,11.403692,1
caai,7329,8.920822,1
caai,7330,11.746233,1
caai,7331,9.453962,1
caai,7332,9.465487,1
caai,7333,17.716365,1
caai,7334,16.767200,1
caai,7335,5.407361,1
caai,7336,5.316395,1
caai,7337,7.124094,1
caai,7338,8.353079,1
caai,7339,10.369742,1
caai,7340,6.466014,1
caai,7341,4.501222,1
caai,7342,6.725112,1
caai,7343,10.210413,1
caai,7344,8.801219,1
caai,7345,18.384969,1
caai,7346,15.159265,1
caai,7347,7.405883,1
caai,7348,14.995714,1
caai,7349,7.615471,1
caai,7350,4.583008,1
caai,7351,17.354404,1
caai,7352,5.275323,1
caai,7353,11.332841,1
caai,7354,6.042137,1
caai,7355,14.980994,1
caai,7356,9.315244,1
caai,7357,8.869983,1
caai,7358,6.846807,1
caai,7359,7.182298,1
caai,7360,7.296622,1
caai,7361,9.523557,1
caai,7362,9.127023,1
caai,7363,12.641883,1
caai,7364,9.340917,1
caai,7365,8.313407,1
caai,7366,10.144740,1
caai,7367,7.651643,1
caai,7368,9.796421,1
caai,7369,8.537628,1
caai,7370,6.274619,1
caai,7371,11.520119,1
caai,7372,14.507733,1
caai,7373,10.588940,1
caai,7374,6.888213,1
caai,7375,4.649509,1
caai,7376,17.252390,1
caai,7377,4.878434,1
caai,7378,10.981317,1
caai,7379,17.149672,1
caai,7380,7.494569,1
caai,7381,15.647738,1
caai,7382,11.030145,1
caai,7383,12.983164,1
caai,7384,14.421907,1
caai,7385,3.313577,1
caai,7386,11.709517,1
caai,7387,5.882046,1
caai,7388,10.580914,1
caai,7389,8.790018,1
caai,7390,9.790430,1
caai,7391,15.512309,1
caai,7392,11.420758,1
caai,7393,13.385984,1
caai,7394,8.790361,1
caai,7395,6.963325,1
caai,7396,18.298744,1
caai,7397,6.785917,1
caai,7398,8.373812,1
caai,7399,12.225929,1
caai,7400,8.351536,1
caai,7401,10.820216,1
caai,7402,10.303827,1
caai,7403,7.572609,1
caai,7404,10.421948,1
caai,7405,10.072159,1
caai,7406,11.334386,1
caai,7407,13.997449,1
caai,7408,5.020306,1
caai,7409,5.092343,1
caai,7410,6.195576,1
caai,7411,7.798745,1
caai,7412,9.758607,1
caai,7413,7.758637,1
caai,7414,16.305117,1
caai,7415,6.005666,1
caai,7416,8.198333,1
caai,7417,7.977824,1
caai,7418,11.481200,1
caai,7419,14.885133,1
caai,7420,10.725160,1
caai,7421,2.588184,1
caai,7422,12.370785,1
caai,7423,7.929993,1
caai,7424,7.369825,1
caai,7425,10.320669,1
caai,7426,9.851218,1
caai,7427,18.333571,1
caai,7428,4.908492,1
caai,7429,7.436549,1
caai,7430,4.490751,1
caai,7431,5.964649,1
caai,7432,10.182251,1
caai,7433,9.683529,1
caai,7434,6.221010,1
caai,7435,13.805462,1
caai,7436,8.802676,1
caai,7437,7.821336,1
caai,7438,8.573894,1
caai,7439,8.640416,1
caai,7440,14.313943,1
caai,7441,4.273927,1
caai,7442,7.412266,1
caai,7443,12.713258,1
caai,7444,12.418003,1
caai,7445,11.511249,1
caai,7446,11.464093,1
caai,7447,8.792498,1
caai,7448,7.752337,1
caai,7449,7.415468,1
caai,7450,13.165780,1
caai,7451,8.219763,1
caai,7452,5.653491,1
caai,7453,11.847564,1
caai,7454,7.509687,1
caai,7455,7.594257,1
caai,7456,5.391927,1
caai,7457,9.191151,1
caai,7458,12.707704,1
caai,7459,7.033695,1
caai,7460,5.179062,1
caai,7461,11.749032,1
caai,7462,16.009064,1
caai,7463,10.945218,1
caai,7464,8.998877,1
caai,7465,10.104609,1
caai,7466,4.571226,1
caai,7467,9.519191,1
caai,7468,9.645223,1
caai,7469,11.657116,1
caai,7470,10.536171,1
caai,7471,12.590936,1
caai,7472,9.046281,1
caai,7473,5.309575,1
caai,7474,3.986473,1
caai,7475,4.994773,1
caai,7476,7.485203,1
caai,7477,10.751037,1
caai,7478,5.195586,1
caai,7479,6.057924,1
caai,7480,3.958180,1
caai,7481,9.615818,1
caai,7482,5.638363,1
caai,7483,6.292597,1
caai,7484,6.355984,1
caai,7485,4.408131,1
caai,7486,7.177255,1
caai,7487,13.426377,1
caai,7488,3.537875,1
caai,7489,17.224333,1
caai,7490,11.373989,1
caai,7491,8.448095,1
caai,7492,9.875841,1
caai,7493,7.335136,1
caai,7494,13.427583,1
caai,7495,7.758792,1
caai,7496,4.430878,1
caai,7497,4.979024,1
caai,7498,6.630685,1
caai,7499,11.727705,1
caai,7500,4.528041,1
caai,7501,10.139899,1
caai,7502,6.687870,1
caai,7503,11.048691,1
caai,7504,9.458249,1
caai,7505,7.108327,1
caai,7506,5.252328,1
caai,7507,9.223220,1
caai,7508,5.318888,1
caai,7509,4.757324,1
caai,7510,7.609209,1
caai,7511,20.975931,1
caai,7512,14.901466,1
caai,7513,9.666172,1
caai,7514,11.385997,1
caai,7515,7.318762,1
caai,7516,9.390438,1
caai,7517,7.907387,1
caai,7518,4.597845,1
caai,7519,8.919089,1
caai,7520,5.786898,1
caai,7521,13.564988,1
caai,7522,11.010530,1
caai,7523,16.360232,1
caai,7524,8.047701,1
caai,7525,4.900039,1
caai,7526,6.107692,1
caai,7527,7.749908,1
caai,7528,5.900548,1
caai,7529,2.944842,1
caai,7530,10.845766,1
caai,7531,36.432034,1
caai,7532,15.073104,1
caai,7533,6.535614,1
caai,7534,10.483406,1
caai,7535,3.410540,1
caai,7536,13.198907,1
caai,7537,4.664860,1
caai,7538,9.561481,1
caai,7539,7.356958,1
caai,7540,6.489452,1
caai,7541,2.713647,1
caai,7542,6.565231,1
caai,7543,7.317055,1
caai,7544,3.658343,1
caai,7545,10.919118,1
caai,7546,7.095451,1
caai,7547,14.735414,1
caai,7548,5.311513,1
caai,7549,9.631715,1
caai,7550,4.091802,1
caai,7551,8.561285,1
caai,7552,14.055147,1
caai,7553,9.542571,1
caai,7554,6.561384,1
caai,7555,4.607769,1
caai,7556,9.815805,1
caai,7557,6.440827,1
caai,7558,6.252547,1
caai,7559,6.345340,1
caai,7560,10.232236,1
caai,7561,12.151438,1
caai,7562,8.182851,1
caai,7563,12.477767,1
caai,7564,4.923776,1
caai,7565,6.760228,1
caai,7566,6.951307,1
caai,7567,8.263853,1
caai,7568,10.484560,1
caai,7569,10.066940,1
caai,7570,11.410902,1
caai,7571,6.599241,1
caai,7572,4.968798,1
caai,7573,5.565740,1
caai,7574,11.139372,1
caai,7575,6.133347,1
caai,7576,7.512229,1
caai,7577,11.793800,1
caai,7578,5.829706,1
caai,7579,4.548439,1
caai,7580,6.066474,1
caai,7581,7.138535,1
caai,7582,10.103115,1
caai,7583,15.001330,1
caai,7584,5.432359,1
caai,7585,11.680480,1
caai,7586,6.724563,1
caai,7587,5.412361,1
caai,7588,7.551322,1
caai,7589,8.118480,1
caai,7590,6.541201,1
caai,7591,10.536657,1
caai,7592,24.977111,1
caai,7593,14.462430,1
caai,7594,12.911600,1
caai,7595,7.725343,1
caai,7596,11.873822,1
caai,7597,7.641897,1
caai,7598,7.406265,1
caai,7599,9.079147,1
caai,7600,21.253135,1
caai,7601,5.330112,1
caai,7602,6.584703,1
caai,7603,10.833183,1
caai,7604,10.055102,1
caai,7605,9.057258,1
caai,7606,11.279079,1
caai,7607,8.140461,1
caai,7608,16.272089,1
caai,7609,7.931729,1
caai,7610,4.260767,1
caai,7611,18.212474,1
caai,7612,6.826826,1
caai,7613,14.020858,1
caai,7614,11.559697,1
caai,7615,4.083950,1
caai,7616,11.107791,1
caai,7617,8.102858,1
caai,7618,5.118257,1
caai,7619,7.705135,1
caai,7620,5.869788,2
caai,7621,5.626606,2
caai,7622,10.221261,2
caai,7623,6.680935,2
caai,7624,6.543072,2
caai,7625,5.023309,2
caai,7626,2.445150,2
caai,7627,6.031923,2
caai,7628,13.401196,2
caai,7629,13.821067,2
caai,7630,5.620535,2
caai,7631,3.276649,2
caai,7632,6.487892,2
caai,7633,8.530684,2
caai,7634,5.112730,2
caai,7635,7.615448,2
caai,7636,8.334831,2
caai,7637,10.992381,2
caai,7638,3.153299,2
caai,7639,6.368553,2
caai,7640,4.777175,2
caai,7641,6.732718,2
caai,7642,10.088904,2
caai,7643,10.725702,2
caai,7644,4.308192,2
caai,7645,5.863852,2
caai,7646,4.197077,2
caai,7647,3.850324,2
caai,7648,6.161642,2
caai,7649,7.517092,2
caai,7650,6.400732,2
caai,7651,5.943977,2
caai,7652,9.593127,2
caai,7653,4.363066,2
caai,7654,3.522372,2
caai,7655,18.873884,2
caai,7656,10.150967,2
caai,7657,7.053865,2
caai,7658,5.275110,2
caai,7659,5.769959,2
caai,7660,5.288081,2
caai,7661,8.860613,2
caai,7662,5.332844,2
caai,7663,5.109988,2
caai,7664,13.213117,2
caai,7665,8.564952,2
caai,7666,6.888963,2
caai,7667,6.958768,2
caai,7668,9.436591,2
caai,7669,7.966138,2
caai,7670,8.742813,2
caai,7671,4.975366,2
caai,7672,3.875922,2
caai,7673,7.450081,2
caai,7674,5.640856,2
caai,7675,3.826292,2
caai,7676,5.177335,2
caai,7677,6.961444,2
caai,7678,6.589815,2
caai,7679,4.144503,2
caai,7680,5.494581,2
caai,7681,5.882247,2
caai,7682,4.719936,2
caai,7683,4.347766,2
caai,7684,9.298353,2
caai,7685,8.716954,2
caai,7686,7.879326,2
caai,7687,5.164438,2
caai,7688,8.275577,2
caai,7689,11.653750,2
caai,7690,4.529888,2
caai,7691,4.807141,2
caai,7692,4.719445,2
caai,7693,5.419809,2
caai,7694,7.787802,2
caai,7695,4.364639,2
caai,7696,3.926070,2
caai,7697,10.214699,2
caai,7698,4.396785,2
caai,7699,9.475362,2
caai,7700,3.609918,2
caai,7701,19.101267,2
caai,7702,11.650234,2
caai,7703,5.961569,2
caai,7704,7.110271,2
caai,7705,6.095179,2
caai,7706,7.834491,2
caai,7707,3.645869,2
caai,7708,16.956881,2
caai,7709,4.170515,2
caai,7710,6.157190,2
caai,7711,4.543840,2
caai,7712,5.074576,2
caai,7713,11.173524,2
caai,7714,6.040075,2
caai,7715,6.137625,2
caai,7716,6.430581,2
caai,7717,6.724411,2
caai,7718,4.049494,2
caai,7719,7.246236,2
caai,7720,13.124569,2
caai,7721,5.667692,2
caai,7722,5.572981,2
caai,7723,5.621414,2
caai,7724,11.656510,2
caai,7725,5.223507,2
caai,7726,8.395233,2
caai,7727,9.427918,2
caai,7728,9.953404,2
caai,7729,5.632979,2
caai,7730,5.988498,2
caai,7731,5.406453,2
caai,7732,5.406167,2
caai,7733,5.466562,2
caai,7734,10.147215,2
caai,7735,2.797855,2
caai,7736,6.226716,2
caai,7737,4.303443,2
caai,7738,5.364352,2
caai,7739,9.637610,2
caai,7740,5.391301,1
caai,7741,6.446466,1
caai,7742,10.724572,1
caai,7743,4.670587,1
caai,7744,8.288817,1
caai,7745,6.891898,1
caai,7746,10.173126,1
caai,7747,14.983841,1
caai,7748,9.912744,1
caai,7749,18.837963,1
caai,7750,15.839032,1
caai,7751,7.952677,1
caai,7752,15.807701,1
caai,7753,10.924679,1
caai,7754,5.205159,1
caai,7755,6.539310,1
caai,7756,5.324916,1
caai,7757,5.093760,1
caai,7758,3.666534,1
caai,7759,21.258521,1
caai,7760,9.763033,1
caai,7761,10.216031,1
caai,7762,7.304800,1
caai,7763,15.865889,1
caai,7764,17.521799,1
caai,7765,12.578704,1
caai,7766,18.954321,1
caai,7767,3.474851,1
caai,7768,5.683819,1
caai,7769,10.334983,1
caai,7770,12.867748,1
caai,7771,9.936163,1
caai,7772,5.993883,1
caai,7773,6.734603,1
caai,7774,4.425655,1
caai,7775,5.689857,1
caai,7776,9.062786,1
caai,7777,6.839798,1
caai,7778,10.293826,1
caai,7779,5.058123,1
caai,7780,6.993619,1
caai,7781,4.674478,1
caai,7782,7.679113,1
caai,7783,15.861281,1
caai,7784,12.110384,1
caai,7785,10.664911,1
caai,7786,10.191840,1
caai,7787,3.717502,1
caai,7788,8.354924,1
caai,7789,11.146005,1
caai,7790,5.299152,1
caai,7791,22.564185,1
caai,7792,7.635997,1
caai,7793,14.649972,1
caai,7794,10.249942,1
caai,7795,7.613184,1
caai,7796,14.490218,1
caai,7797,10.941162,1
caai,7798,9.705609,1
caai,7799,13.243223,1
caai,7800,5.464017,1
caai,7801,10.654184,1
caai,7802,9.985496,1
caai,7803,12.105481,1
caai,7804,10.529731,1
caai,7805,14.131740,1
caai,7806,13.217652,1
caai,7807,6.601851,1
caai,7808,7.860525,1
caai,7809,6.169122,1
caai,7810,9.518769,1
caai,7811,3.810599,1
caai,7812,12.322181,1
caai,7813,11.132023,1
caai,7814,8.643041,1
caai,7815,5.134308,1
caai,7816,4.622468,1
caai,7817,11.026656,1
caai,7818,5.858417,1
caai,7819,8.435435,1
caai,7820,5.416674,1
caai,7821,5.315395,1
caai,7822,9.542141,1
caai,7823,8.192200,1
caai,7824,7.866582,1
caai,7825,9.819077,1
caai,7826,23.565367,1
caai,7827,7.773257,1
caai,7828,7.286656,1
caai,7829,18.233399,1
caai,7830,4.384257,1
caai,7831,6.162035,1
caai,7832,7.016760,1
caai,7833,14.630011,1
caai,7834,5.940617,1
caai,7835,21.121838,1
caai,7836,6.369876,1
caai,7837,8.979326,1
caai,7838,9.328144,1
caai,7839,6.561347,1
caai,7840,9.947171,1
caai,7841,4.811458,1
caai,7842,9.797618,1
caai,7843,12.635260,1
caai,7844,7.626739,1
caai,7845,14.371073,1
caai,7846,5.248623,1
caai,7847,5.090286,1
caai,7848,11.013417,1
caai,7849,9.227979,1
caai,7850,5.906114,1
caai,7851,10.265975,1
caai,7852,5.484964,1
caai,7853,10.690832,1
caai,7854,7.535416,1
caai,7855,6.603855,1
caai,7856,6.895090,1
caai,7857,11.428505,1
caai,7858,10.816325,1
caai,7859,6.321543,1
caai,7860,11.610371,1
caai,7861,5.098341,1
caai,7862,10.075201,1
caai,7863,5.828265,1
caai,7864,8.370612,1
caai,7865,5.659718,1
caai,7866,25.192732,1
caai,7867,5.053632,1
caai,7868,11.329602,1
caai,7869,10.412258,1
caai,7870,9.982247,1
caai,7871,12.234035,1
caai,7872,5.124652,1
caai,7873,5.040356,1
caai,7874,8.631676,1
caai,7875,14.105956,1
caai,7876,15.371904,1
caai,7877,8.590244,1
caai,7878,16.196087,1
caai,7879,13.328140,1
caai,7880,8.454998,1
caai,7881,7.593646,1
caai,7882,7.956681,1
caai,7883,14.290019,1
caai,7884,12.549047,1
caai,7885,6.858407,1
caai,7886,3.167363,1
caai,7887,8.446432,1
caai,7888,12.457211,1
caai,7889,5.446857,1
caai,7890,20.090829,1
caai,7891,5.872483,1
caai,7892,7.901149,1
caai,7893,13.673136,1
caai,7894,6.391992,1
caai,7895,10.918910,1
caai,7896,9.110431,1
caai,7897,8.935100,1
caai,7898,9.514664,1
caai,7899,5.387910,1
caai,7900,26.033862,1
caai,7901,5.447321,1
caai,7902,7.719344,1
caai,7903,5.718052,1
caai,7904,12.160541,1
caai,7905,5.223196,1
caai,7906,6.193768,1
caai,7907,6.124814,1
caai,7908,8.994703,1
caai,7909,6.398695,1
caai,7910,11.442152,1
caai,7911,5.811936,1
caai,7912,4.628691,1
caai,7913,5.920450,1
caai,7914,4.865772,1
caai,7915,9.007404,1
caai,7916,13.510685,1
caai,7917,9.167825,1
caai,7918,13.817577,1
caai,7919,26.722139,1
caai,7920,8.254435,2
caai,7921,8.240370,2
caai,7922,5.139902,2
caai,7923,8.409732,2
caai,7924,4.927165,2
caai,7925,11.081635,2
caai,7926,6.761643,2
caai,7927,9.883365,2
caai,7928,4.548321,2
caai,7929,2.890247,2
caai,7930,5.200921,2
caai,7931,7.599055,2
caai,7932,7.449821,2
caai,7933,5.474235,2
caai,7934,14.522161,2
caai,7935,4.775773,2
caai,7936,6.978379,2
caai,7937,6.418249,2
caai,7938,10.686615,2
caai,7939,11.299911,2
caai,7940,5.199192,2
caai,7941,6.508295,2
caai,7942,3.742019,2
caai,7943,16.163493,2
caai,7944,17.290209,2
caai,7945,8.791057,2
caai,7946,5.176307,2
caai,7947,4.764250,2
caai,7948,11.219423,2
caai,7949,4.696844,2
caai,7950,4.713957,2
caai,7951,8.517816,2
caai,7952,6.893594,2
caai,7953,6.805964,2
caai,7954,9.170628,2
caai,7955,10.090668,2
caai,7956,6.049469,2
caai,7957,7.640764,2
caai,7958,6.129781,2
caai,7959,6.509762,2
caai,7960,9.234337,2
caai,7961,6.061577,2
caai,7962,7.039576,2
caai,7963,4.091660,2
caai,7964,5.758985,2
caai,7965,3.253082,2
caai,7966,6.580665,2
caai,7967,4.529587,2
caai,7968,11.147184,2
caai,7969,7.360758,2
caai,7970,6.548856,2
caai,7971,3.636903,2
caai,7972,9.107180,2
caai,7973,6.365353,2
caai,7974,4.472359,2
caai,7975,9.733166,2
caai,7976,5.252224,2
caai,7977,3.380428,2
caai,7978,11.453251,2
caai,7979,3.964429,2
caai,7980,2.952138,2
caai,7981,7.170072,2
caai,7982,5.858819,2
caai,7983,8.970262,2
caai,7984,5.441204,2
caai,7985,4.060449,2
caai,7986,8.055656,2
caai,7987,12.606077,2
caai,7988,5.338152,2
caai,7989,7.789982,2
caai,7990,6.213269,2
caai,7991,4.702712,2
caai,7992,7.473940,2
caai,7993,5.184158,2
caai,7994,8.719794,2
caai,7995,8.900825,2
caai,7996,3.938005,2
caai,7997,2.871155,2
caai,7998,5.882340,2
caai,7999,5.576476,2
caai,8000,6.746688,2
caai,8001,4.731237,2
caai,8002,6.754930,2
caai,8003,4.826264,2
caai,8004,4.996707,2
caai,8005,13.411322,2
caai,8006,5.499737,2
caai,8007,9.537494,2
caai,8008,6.042930,2
caai,8009,6.143676,2
caai,8010,8.537184,2
caai,8011,8.113297,2
caai,8012,8.451435,2
caai,8013,11.525199,2
caai,8014,7.325128,2
caai,8015,11.165697,2
caai,8016,12.677640,2
caai,8017,4.895393,2
caai,8018,9.080154,2
caai,8019,12.047671,2
caai,8020,9.393089,2
caai,8021,5.857227,2
caai,8022,8.661987,2
caai,8023,6.041565,2
caai,8024,3.712990,2
caai,8025,8.176282,2
caai,8026,6.336432,2
caai,8027,10.129976,2
caai,8028,7.100625,2
caai,8029,10.672443,2
caai,8030,7.504322,2
caai,8031,5.996658,2
caai,8032,5.982489,2
caai,8033,8.200912,2
caai,8034,12.176193,2
caai,8035,6.183133,2
caai,8036,8.851518,2
caai,8037,6.407396,2
caai,8038,6.464318,2
caai,8039,7.116067,2
caai,8040,4.168844,1
caai,8041,5.613125,1
caai,8042,9.594875,1
caai,8043,5.421024,1
caai,8044,8.784303,1
caai,8045,11.872120,1
caai,8046,7.719055,1
caai,8047,14.612344,1
caai,8048,8.654921,1
caai,8049,7.820126,1
caai,8050,9.106274,1
caai,8051,7.502898,1
caai,8052,11.198752,1
caai,8053,11.851990,1
caai,8054,7.198140,1
caai,8055,11.579966,1
caai,8056,12.900411,1
caai,8057,4.258980,1
caai,8058,9.544515,1
caai,8059,8.953083,1
caai,8060,7.260522,1
caai,8061,12.010923,1
caai,8062,6.638855,1
caai,8063,7.836512,1
caai,8064,6.237901,1
caai,8065,6.795119,1
caai,8066,15.914865,1
caai,8067,16.781820,1
caai,8068,21.789722,1
caai,8069,8.681751,1
caai,8070,6.300974,1
caai,8071,7.422020,1
caai,8072,8.387110,1
caai,8073,8.777938,1
caai,8074,10.606030,1
caai,8075,9.099800,1
caai,8076,5.088112,1
caai,8077,15.031639,1
caai,8078,8.621007,1
caai,8079,9.058866,1
caai,8080,6.120735,1
caai,8081,6.151238,1
caai,8082,12.297999,1
caai,8083,9.188329,1
caai,8084,8.034245,1
caai,8085,11.888222,1
caai,8086,8.262250,1
caai,8087,8.246237,1
caai,8088,22.051578,1
caai,8089,8.163572,1
caai,8090,9.463981,1
caai,8091,8.299866,1
caai,8092,9.403022,1
caai,8093,8.979806,1
caai,8094,10.125212,1
caai,8095,10.121802,1
caai,8096,7.056927,1
caai,8097,5.774807,1
caai,8098,8.835406,1
caai,8099,22.387603,1
caai,8100,9.494945,1
caai,8101,6.593062,1
caai,8102,7.945579,1
caai,8103,11.501940,1
caai,8104,12.472472,1
caai,8105,9.992698,1
caai,8106,6.474640,1
caai,8107,3.907110,1
caai,8108,12.890922,1
caai,8109,10.011423,1
caai,8110,12.000351,1
caai,8111,6.178985,1
caai,8112,6.444103,1
caai,8113,6.353739,1
caai,8114,7.415148,1
caai,8115,10.313756,1
caai,8116,8.685961,1
caai,8117,13.077199,1
caai,8118,12.077091,1
caai,8119,7.019125,1
caai,8120,9.294978,1
caai,8121,7.939090,1
caai,8122,10.178835,1
caai,8123,5.657384,1
caai,8124,12.566017,1
caai,8125,3.969273,1
caai,8126,3.345610,1
caai,8127,3.781701,1
caai,8128,5.152901,1
caai,8129,5.198892,1
caai,8130,11.482495,1
caai,8131,8.355437,1
caai,8132,5.226815,1
caai,8133,10.433959,1
caai,8134,7.152715,1
caai,8135,10.053518,1
caai,8136,10.477773,1
caai,8137,13.092551,1
caai,8138,5.867018,1
caai,8139,9.610287,1
caai,8140,11.762344,1
caai,8141,9.886260,1
caai,8142,16.961340,1
caai,8143,10.554364,1
caai,8144,7.937452,1
caai,8145,6.685960,1
caai,8146,4.389496,1
caai,8147,8.569060,1
caai,8148,11.434251,1
caai,8149,7.811339,1
caai,8150,8.741949,1
caai,8151,5.558709,1
caai,8152,8.339115,1
caai,8153,14.086115,1
caai,8154,8.643204,1
caai,8155,4.525966,1
caai,8156,7.109301,1
caai,8157,6.732258,1
caai,8158,7.782297,1
caai,8159,17.726772,1
caai,8160,6.804209,1
caai,8161,10.716693,1
caai,8162,10.603643,1
caai,8163,7.253126,1
caai,8164,5.442359,1
caai,8165,11.533210,1
caai,8166,16.734507,1
caai,8167,4.112647,1
caai,8168,7.816870,1
caai,8169,5.348746,1
caai,8170,5.817413,1
caai,8171,6.895364,1
caai,8172,3.996794,1
caai,8173,6.014297,1
caai,8174,9.904508,1
caai,8175,6.417986,1
caai,8176,7.503991,1
caai,8177,4.467388,1
caai,8178,8.249138,1
caai,8179,9.006594,1
caai,8180,12.028335,1
caai,8181,5.275972,1
caai,8182,7.452730,1
caai,8183,6.232411,1
caai,8184,13.462312,1
caai,8185,4.244960,1
caai,8186,9.112639,1
caai,8187,8.940278,1
caai,8188,10.940844,1
caai,8189,10.001460,1
caai,8190,8.479426,1
caai,8191,9.421224,1
caai,8192,9.700560,1
caai,8193,4.553527,1
caai,8194,6.273555,1
caai,8195,4.301806,1
caai,8196,6.158440,1
caai,8197,12.418276,1
caai,8198,7.465202,1
caai,8199,11.010494,1
caai,8200,14.462827,1
caai,8201,6.507587,1
caai,8202,12.145409,1
caai,8203,7.224002,1
caai,8204,5.027354,1
caai,8205,12.259014,1
caai,8206,16.395157,1
caai,8207,14.566041,1
caai,8208,8.168612,1
caai,8209,9.799777,1
caai,8210,18.146888,1
caai,8211,6.856644,1
caai,8212,10.424919,1
caai,8213,5.041411,1
caai,8214,8.707392,1
caai,8215,6.252030,1
caai,8216,6.259389,1
caai,8217,6.035804,1
caai,8218,14.225983,1
caai,8219,13.093156,1
caai,8220,4.388589,1
caai,8221,6.813057,1
caai,8222,8.646727,1
caai,8223,11.965762,1
caai,8224,8.271950,1
caai,8225,5.854369,1
caai,8226,6.451384,1
caai,8227,7.932047,1
caai,8228,19.152343,1
caai,8229,8.359326,1
caai,8230,9.665297,1
caai,8231,8.425604,1
caai,8232,7.254763,1
caai,8233,8.539775,1
caai,8234,7.423438,1
caai,8235,11.085614,1
caai,8236,11.150291,1
caai,8237,11.508692,1
caai,8238,8.457331,1
caai,8239,4.528662,1
caai,8240,7.600799,1
caai,8241,6.477907,1
caai,8242,8.161690,1
caai,8243,3.441946,1
caai,8244,4.558789,1
caai,8245,8.442380,1
caai,8246,4.167413,1
caai,8247,9.024992,1
caai,8248,9.037398,1
caai,8249,7.548224,1
caai,8250,18.701183,1
caai,8251,5.439547,1
caai,8252,9.693735,1
caai,8253,9.918092,1
caai,8254,10.092612,1
caai,8255,13.049003,1
caai,8256,5.546511,1
caai,8257,5.212531,1
caai,8258,10.628841,1
caai,8259,17.223453,1
caai,8260,12.762473,1
caai,8261,20.237166,1
caai,8262,13.059692,1
caai,8263,4.850731,1
caai,8264,8.077751,1
caai,8265,6.636330,1
caai,8266,9.362839,1
caai,8267,10.312016,1
caai,8268,8.244987,1
caai,8269,6.634143,1
caai,8270,6.472108,1
caai,8271,6.910695,1
caai,8272,13.305799,1
caai,8273,6.582648,1
caai,8274,7.547337,1
caai,8275,4.275710,1
caai,8276,13.422626,1
caai,8277,13.479068,1
caai,8278,9.473230,1
caai,8279,8.608929,1
caai,8280,14.195002,1
caai,8281,14.777240,1
caai,8282,4.276420,1
caai,8283,9.988616,1
caai,8284,14.019085,1
caai,8285,4.670111,1
caai,8286,8.063741,1
caai,8287,11.604758,1
caai,8288,10.582410,1
caai,8289,4.647492,1
caai,8290,10.099809,1
caai,8291,5.799676,1
caai,8292,4.946695,1
caai,8293,7.921346,1
caai,8294,8.332785,1
caai,8295,7.065257,1
caai,8296,5.087313,1
caai,8297,5.037075,1
caai,8298,5.881572,1
caai,8299,17.525815,1
caai,8300,4.113375,1
caai,8301,6.809422,1
caai,8302,10.097616,1
caai,8303,8.298230,1
caai,8304,6.396711,1
caai,8305,6.467371,1
caai,8306,8.001188,1
caai,8307,4.564758,1
caai,8308,5.820455,1
caai,8309,32.579571,1
caai,8310,8.098475,1
caai,8311,7.951526,1
caai,8312,10.144626,1
caai,8313,7.628526,1
caai,8314,7.568163,1
caai,8315,11.804667,1
caai,8316,8.458094,1
caai,8317,4.709333,1
caai,8318,8.490810,1
caai,8319,5.987194,1
caai,8320,7.510718,1
caai,8321,5.500640,1
caai,8322,7.507845,1
caai,8323,3.129648,1
caai,8324,19.085610,1
caai,8325,7.191812,1
caai,8326,15.033006,1
caai,8327,11.115933,1
caai,8328,5.010678,1
caai,8329,8.106523,1
caai,8330,17.089368,1
caai,8331,9.900456,1
caai,8332,3.717054,1
caai,8333,6.271063,1
caai,8334,11.900813,1
caai,8335,8.287060,1
caai,8336,9.613551,1
caai,8337,10.214529,1
caai,8338,7.763196,1
caai,8339,12.466854,1
caai,8340,4.021914,1
caai,8341,12.753647,1
caai,8342,11.612388,1
caai,8343,8.146007,1
caai,8344,14.486936,1
caai,8345,19.223869,1
caai,8346,13.267399,1
caai,8347,16.043791,1
caai,8348,10.483746,1
caai,8349,8.428168,1
caai,8350,3.658850,1
caai,8351,4.457189,1
caai,8352,7.547139,1
caai,8353,10.576274,1
caai,8354,6.106090,1
caai,8355,8.110094,1
caai,8356,6.369191,1
caai,8357,14.642515,1
caai,8358,5.359760,1
caai,8359,12.247022,1
caai,8360,8.326513,1
caai,8361,7.420166,1
caai,8362,8.019071,1
caai,8363,8.791838,1
caai,8364,5.110699,1
caai,8365,8.212098,1
caai,8366,6.069758,1
caai,8367,9.267183,1
caai,8368,8.068633,1
caai,8369,10.985075,1
caai,8370,7.217198,1
caai,8371,5.552037,1
caai,8372,7.313636,1
caai,8373,6.029099,1
caai,8374,8.859750,1
caai,8375,3.642206,1
caai,8376,7.469471,1
caai,8377,9.864726,1
caai,8378,6.359883,1
caai,8379,8.973834,1
caai,8380,7.592826,1
caai,8381,6.900594,1
caai,8382,12.632676,1
caai,8383,7.231878,1
caai,8384,14.196153,1
caai,8385,10.007512,1
caai,8386,7.649954,1
caai,8387,5.358722,1
caai,8388,11.505113,1
caai,8389,5.634352,1
caai,8390,18.637850,1
caai,8391,9.137320,1
caai,8392,7.593185,1
caai,8393,16.859542,1
caai,8394,4.890519,1
caai,8395,3.006172,1
caai,8396,6.691628,1
caai,8397,14.751312,1
caai,8398,8.969781,1
caai,8399,8.448432,1
caai,8400,5.288793,1
caai,8401,5.698150,1
caai,8402,5.380164,1
caai,8403,14.498573,1
caai,8404,7.595222,1
caai,8405,11.331553,1
caai,8406,10.450138,1
caai,8407,8.250545,1
caai,8408,7.180730,1
caai,8409,9.877591,1
caai,8410,10.293484,1
caai,8411,7.941722,1
caai,8412,14.345612,1
caai,8413,10.852196,1
caai,8414,8.811835,1
caai,8415,5.369305,1
caai,8416,13.354227,1
caai,8417,7.875665,1
caai,8418,15.033553,1
caai,8419,11.866601,1
caai,8420,7.974363,1
caai,8421,9.638140,1
caai,8422,5.648398,1
caai,8423,10.132335,1
caai,8424,3.922108,1
caai,8425,4.456556,1
caai,8426,10.523297,1
caai,8427,7.617572,1
caai,8428,5.645012,1
caai,8429,4.522975,1
caai,8430,5.737638,1
caai,8431,3.693628,1
caai,8432,16.131346,1
caai,8433,8.469707,1
caai,8434,10.650922,1
caai,8435,6.349589,1
caai,8436,6.449686,1
caai,8437,6.859957,1
caai,8438,6.444959,1
caai,8439,14.058138,1
caai,8440,10.136989,1
caai,8441,8.986856,1
caai,8442,7.161425,1
caai,8443,5.574736,1
caai,8444,6.190078,1
caai,8445,3.078023,1
caai,8446,11.744421,1
caai,8447,7.220081,1
caai,8448,7.680777,1
caai,8449,5.539056,1
caai,8450,8.382294,1
caai,8451,9.379604,1
caai,8452,5.712400,1
caai,8453,12.544711,1
caai,8454,11.321513,1
caai,8455,15.847808,1
caai,8456,7.163407,1
caai,8457,7.949511,1
caai,8458,3.298935,1
caai,8459,6.372069,1
caai,8460,14.744668,1
caai,8461,8.428659,1
caai,8462,6.867001,1
caai,8463,9.630098,1
caai,8464,6.276308,1
caai,8465,8.828705,1
caai,8466,7.577333,1
caai,8467,4.245545,1
caai,8468,12.402149,1
caai,8469,6.668937,1
caai,8470,5.272244,1
caai,8471,6.395622,1
caai,8472,9.981309,1
caai,8473,10.806646,1
caai,8474,7.066683,1
caai,8475,8.911707,1
caai,8476,7.525592,1
caai,8477,5.299039,1
caai,8478,6.300977,1
caai,8479,14.477082,1
caai,8480,8.800373,1
caai,8481,5.248446,1
caai,8482,10.599007,1
caai,8483,10.905694,1
caai,8484,10.772802,1
caai,8485,7.336857,1
caai,8486,15.008407,1
caai,8487,10.564042,1
caai,8488,8.116275,1
caai,8489,10.104512,1
caai,8490,7.752089,1
caai,8491,12.314221,1
caai,8492,12.473640,1
caai,8493,4.598375,1
caai,8494,6.601701,1
caai,8495,8.337052,1
caai,8496,7.744567,1
caai,8497,7.502901,1
caai,8498,8.605308,1
caai,8499,14.144124,1
caai,8500,12.441052,1
caai,8501,8.929185,1
caai,8502,9.895306,1
caai,8503,6.044872,1
caai,8504,4.054528,1
caai,8505,10.776340,1
caai,8506,4.778774,1
caai,8507,11.861700,1
caai,8508,7.538839,1
caai,8509,8.600837,1
caai,8510,13.074971,1
caai,8511,8.525094,1
caai,8512,8.411083,1
caai,8513,12.166672,1
caai,8514,7.350121,1
caai,8515,6.393427,1
caai,8516,16.677930,1
caai,8517,6.508509,1
caai,8518,6.757053,1
caai,8519,14.500479,1
caai,8520,8.804135,1
caai,8521,10.474745,1
caai,8522,15.114992,1
caai,8523,12.081012,1
caai,8524,9.947280,1
caai,8525,20.742571,1
caai,8526,7.574227,1
caai,8527,5.740512,1
caai,8528,12.621966,1
caai,8529,10.006531,1
caai,8530,8.534534,1
caai,8531,11.460840,1
caai,8532,3.592225,1
caai,8533,7.939380,1
caai,8534,13.321057,1
caai,8535,5.021670,1
caai,8536,6.109290,1
caai,8537,8.240969,1
caai,8538,8.932661,1
caai,8539,16.901123,1
caai,8540,23.078357,1
caai,8541,6.004962,1
caai,8542,8.045126,1
caai,8543,10.238936,1
caai,8544,9.452037,1
caai,8545,5.033844,1
caai,8546,6.438402,1
caai,8547,5.633168,1
caai,8548,6.896179,1
caai,8549,13.709526,1
caai,8550,8.253490,1
caai,8551,9.898444,1
caai,8552,6.172048,1
caai,8553,7.745074,1
caai,8554,6.258730,1
caai,8555,4.138589,1
caai,8556,6.681790,1
caai,8557,9.900145,1
caai,8558,8.255028,1
caai,8559,12.744121,1
caai,8560,9.577827,1
caai,8561,9.096099,1
caai,8562,14.895552,1
caai,8563,9.404725,1
caai,8564,7.027650,1
caai,8565,6.062051,1
caai,8566,5.579373,1
caai,8567,7.736729,1
caai,8568,16.681073,1
caai,8569,9.232473,1
caai,8570,5.986054,1
caai,8571,10.696243,1
caai,8572,5.479528,1
caai,8573,8.791347,1
caai,8574,5.986807,1
caai,8575,8.449380,1
caai,8576,8.858436,1
caai,8577,10.252459,1
caai,8578,8.119720,1
caai,8579,9.237878,1
caai,8580,4.215687,1
caai,8581,5.714684,1
caai,8582,7.447831,1
caai,8583,8.387772,1
caai,8584,9.275457,1
caai,8585,3.940593,1
caai,8586,12.174305,1
caai,8587,9.729205,1
caai,8588,9.946641,1
caai,8589,6.965718,1
caai,8590,16.082453,1
caai,8591,6.204304,1
caai,8592,7.941649,1
caai,8593,5.613425,1
caai,8594,9.491394,1
caai,8595,6.842933,1
caai,8596,2.475009,1
caai,8597,5.725730,1
caai,8598,12.565492,1
caai,8599,7.634022,1
caai,8600,8.190414,1
caai,8601,6.975067,1
caai,8602,25.241487,1
caai,8603,2.471847,1
caai,8604,8.635050,1
caai,8605,19.069233,1
caai,8606,5.178031,1
caai,8607,7.448033,1
caai,8608,8.571538,1
caai,8609,6.825386,1
caai,8610,10.638637,1
caai,8611,9.110244,1
caai,8612,13.996603,1
caai,8613,8.958357,1
caai,8614,10.675179,1
caai,8615,12.944155,1
caai,8616,5.923321,1
caai,8617,8.045393,1
caai,8618,10.263068,1
caai,8619,30.061459,1
caai,8620,7.471392,1
caai,8621,10.837601,1
caai,8622,7.381551,1
caai,8623,13.677973,1
caai,8624,3.872795,1
caai,8625,4.849385,1
caai,8626,9.024197,1
caai,8627,7.914114,1
caai,8628,9.933157,1
caai,8629,8.685068,1
caai,8630,10.364705,1
caai,8631,8.024569,1
caai,8632,5.798364,1
caai,8633,8.546005,1
caai,8634,7.305562,1
caai,8635,7.786701,1
caai,8636,18.525829,1
caai,8637,13.924856,1
caai,8638,12.594504,1
caai,8639,12.955627,1
caai,8640,6.695573,2
caai,8641,6.347723,2
caai,8642,8.501887,2
caai,8643,6.049623,2
caai,8644,6.158251,2
caai,8645,10.846232,2
caai,8646,5.378319,2
caai,8647,6.748280,2
caai,8648,11.690566,2
caai,8649,7.989088,2
caai,8650,5.334370,2
caai,8651,5.534421,2
caai,8652,5.780860,2
caai,8653,9.867833,2
caai,8654,8.799086,2
caai,8655,3.886036,2
caai,8656,4.256137,2
caai,8657,4.902444,2
caai,8658,6.180342,2
caai,8659,5.002963,2
caai,8660,9.617104,2
caai,8661,10.126339,2
caai,8662,5.298038,2
caai,8663,3.988693,2
caai,8664,10.395443,2
caai,8665,9.844512,2
caai,8666,14.124708,2
caai,8667,5.108374,2
caai,8668,9.417362,2
caai,8669,4.594603,2
caai,8670,6.995318,2
caai,8671,12.114943,2
caai,8672,8.531869,2
caai,8673,9.286663,2
caai,8674,3.818915,2
caai,8675,4.853401,2
caai,8676,4.572302,2
caai,8677,5.666316,2
caai,8678,8.978234,2
caai,8679,11.423453,2
caai,8680,4.237276,2
caai,8681,5.641722,2
caai,8682,3.282015,2
caai,8683,8.142819,2
caai,8684,8.646539,2
caai,8685,12.825715,2
caai,8686,8.020952,2
caai,8687,12.657292,2
caai,8688,6.905517,2
caai,8689,13.487827,2
caai,8690,12.667429,2
caai,8691,7.138582,2
caai,8692,8.126265,2
caai,8693,7.034471,2
caai,8694,4.931773,2
caai,8695,3.752813,2
caai,8696,8.116474,2
caai,8697,4.439423,2
caai,8698,11.863395,2
caai,8699,11.318913,2
caai,8700,7.959699,2
caai,8701,9.090731,2
caai,8702,7.218523,2
caai,8703,6.783497,2
caai,8704,4.450808,2
caai,8705,3.465348,2
caai,8706,12.083071,2
caai,8707,12.689161,2
caai,8708,5.142055,2
caai,8709,7.852456,2
caai,8710,3.792189,2
caai,8711,3.989319,2
caai,8712,5.323050,2
caai,8713,3.620087,2
caai,8714,6.470005,2
caai,8715,7.106387,2
caai,8716,16.232782,2
caai,8717,9.731503,2
caai,8718,8.537272,2
caai,8719,12.418863,2
caai,8720,4.112492,2
caai,8721,4.321047,2
caai,8722,2.449332,2
caai,8723,6.346294,2
caai,8724,3.988834,2
caai,8725,3.642370,2
caai,8726,5.299434,2
caai,8727,6.320618,2
caai,8728,6.356069,2
caai,8729,3.954204,2
caai,8730,4.084202,2
caai,8731,6.779249,2
caai,8732,9.345159,2
caai,8733,7.064795,2
caai,8734,7.526669,2
caai,8735,5.846292,2
caai,8736,9.312011,2
caai,8737,4.081547,2
caai,8738,3.714884,2
caai,8739,4.134369,2
caai,8740,9.700843,2
caai,8741,7.343586,2
caai,8742,11.050161,2
caai,8743,4.264428,2
caai,8744,5.495769,2
caai,8745,7.405614,2
caai,8746,6.795968,2
caai,8747,11.949364,2
caai,8748,5.276791,2
caai,8749,4.838092,2
caai,8750,4.966153,2
caai,8751,7.772451,2
caai,8752,8.631362,2
caai,8753,8.437661,2
caai,8754,13.070628,2
caai,8755,15.528516,2
caai,8756,6.873352,2
caai,8757,4.528197,2
caai,8758,5.928299,2
caai,8759,13.523827,2
caai,8760,7.898203,1
caai,8761,4.169969,1
caai,8762,8.958694,1
caai,8763,5.247149,1
caai,8764,12.804817,1
caai,8765,14.871271,1
caai,8766,9.010910,1
caai,8767,2.711143,1
caai,8768,7.380837,1
caai,8769,9.102050,1
caai,8770,11.486483,1
caai,8771,8.027674,1
caai,8772,17.496367,1
caai,8773,7.005185,1
caai,8774,13.744050,1
caai,8775,8.715560,1
caai,8776,9.698745,1
caai,8777,8.727513,1
caai,8778,11.017174,1
caai,8779,10.083037,1
caai,8780,5.999812,1
caai,8781,10.561192,1
caai,8782,13.982600,1
caai,8783,9.895738,1
caai,8784,7.914524,1
caai,8785,8.265210,1
caai,8786,5.814135,1
caai,8787,11.158087,1
caai,8788,8.345057,1
caai,8789,8.161966,1
caai,8790,9.970981,1
caai,8791,8.012985,1
caai,8792,7.170252,1
caai,8793,6.176025,1
caai,8794,9.601124,1
caai,8795,19.227195,1
caai,8796,7.158687,1
caai,8797,6.346583,1
caai,8798,7.408831,1
caai,8799,5.909766,1
caai,8800,6.861680,1
caai,8801,13.396481,1
caai,8802,3.335479,1
caai,8803,10.376655,1
caai,8804,7.888366,1
caai,8805,5.359420,1
caai,8806,14.266307,1
caai,8807,13.203149,1
caai,8808,14.778481,1
caai,8809,18.664041,1
caai,8810,6.198061,1
caai,8811,9.115587,1
caai,8812,10.128531,1
caai,8813,5.104271,1
caai,8814,7.398078,1
caai,8815,7.023633,1
caai,8816,11.439385,1
caai,8817,10.120012,1
caai,8818,7.128072,1
caai,8819,4.683429,1
caai,8820,4.809472,1
caai,8821,15.492208,1
caai,8822,10.970452,1
caai,8823,4.294012,1
caai,8824,8.616010,1
caai,8825,7.078124,1
caai,8826,10.365672,1
caai,8827,21.662940,1
caai,8828,8.261612,1
caai,8829,7.664224,1
caai,8830,13.567465,1
caai,8831,7.822733,1
caai,8832,5.539478,1
caai,8833,4.826241,1
caai,8834,8.279375,1
caai,8835,9.011554,1
caai,8836,14.850828,1
caai,8837,5.731778,1
caai,8838,8.062626,1
caai,8839,4.924081,1
caai,8840,13.201438,1
caai,8841,8.291909,1
caai,8842,7.421208,1
caai,8843,11.615913,1
caai,8844,6.533868,1
caai,8845,10.191469,1
caai,8846,7.712035,1
caai,8847,13.512694,1
caai,8848,13.227266,1
caai,8849,11.576551,1
caai,8850,8.526197,1
caai,8851,5.423259,1
caai,8852,7.057137,1
caai,8853,10.023508,1
caai,8854,11.351627,1
caai,8855,7.640592,1
caai,8856,4.847115,1
caai,8857,5.780155,1
caai,8858,5.141186,1
caai,8859,13.303737,1
caai,8860,8.690794,1
caai,8861,7.114024,1
caai,8862,18.373472,1
caai,8863,13.381253,1
caai,8864,8.204700,1
caai,8865,3.579574,1
caai,8866,9.550756,1
caai,8867,15.229514,1
caai,8868,8.265022,1
caai,8869,11.020226,1
caai,8870,20.880435,1
caai,8871,16.429440,1
caai,8872,4.862075,1
caai,8873,11.694835,1
caai,8874,6.805625,1
caai,8875,12.804328,1
caai,8876,9.548227,1
caai,8877,8.468397,1
caai,8878,8.230640,1
caai,8879,7.744898,1
caai,8880,13.550108,1
caai,8881,3.957859,1
caai,8882,4.421793,1
caai,8883,7.761001,1
caai,8884,16.902851,1
caai,8885,4.992418,1
caai,8886,12.946701,1
caai,8887,6.988586,1
caai,8888,9.722177,1
caai,8889,14.537463,1
caai,8890,9.292696,1
caai,8891,8.933229,1
caai,8892,15.925164,1
caai,8893,9.228909,1
caai,8894,6.139023,1
caai,8895,11.048363,1
caai,8896,11.232609,1
caai,8897,5.175681,1
caai,8898,6.154251,1
caai,8899,6.891444,1
caai,8900,4.848621,1
caai,8901,7.173191,1
caai,8902,9.638579,1
caai,8903,8.682735,1
caai,8904,9.896978,1
caai,8905,6.701201,1
caai,8906,12.854110,1
caai,8907,11.791421,1
caai,8908,8.332151,1
caai,8909,27.675457,1
caai,8910,5.982366,1
caai,8911,13.852385,1
caai,8912,5.661163,1
caai,8913,12.601182,1
caai,8914,11.072683,1
caai,8915,6.096071,1
caai,8916,9.639733,1
caai,8917,8.519576,1
caai,8918,10.476103,1
caai,8919,17.353617,1
caai,8920,10.829307,1
caai,8921,13.926995,1
caai,8922,7.428471,1
caai,8923,11.777940,1
caai,8924,14.050018,1
caai,8925,3.442416,1
caai,8926,11.341365,1
caai,8927,6.292451,1
caai,8928,11.316542,1
caai,8929,11.372532,1
caai,8930,6.405323,1
caai,8931,17.610549,1
caai,8932,6.092855,1
caai,8933,4.903774,1
caai,8934,19.091340,1
caai,8935,8.021550,1
caai,8936,9.390701,1
caai,8937,23.340619,1
caai,8938,10.243233,1
caai,8939,6.992954,1
caai,8940,5.706150,2
caai,8941,6.150317,2
caai,8942,10.834444,2
caai,8943,5.577238,2
caai,8944,4.566380,2
caai,8945,4.576193,2
caai,8946,6.725552,2
caai,8947,8.132332,2
caai,8948,4.820056,2
caai,8949,4.552418,2
caai,8950,18.483111,2
caai,8951,6.267904,2
caai,8952,3.714003,2
caai,8953,6.772796,2
caai,8954,12.252856,2
caai,8955,3.828219,2
caai,8956,9.052189,2
caai,8957,5.703727,2
caai,8958,12.616564,2
caai,8959,11.679987,2
caai,8960,5.450714,2
caai,8961,3.203258,2
caai,8962,2.877224,2
caai,8963,3.040416,2
caai,8964,17.943838,2
caai,8965,2.713640,2
caai,8966,10.986664,2
caai,8967,6.555138,2
caai,8968,3.209666,2
caai,8969,12.340097,2
caai,8970,13.691477,2
caai,8971,3.309667,2
caai,8972,3.441413,2
caai,8973,3.765811,2
caai,8974,4.042698,2
caai,8975,7.791475,2
caai,8976,9.065629,2
caai,8977,9.504530,2
caai,8978,9.383195,2
caai,8979,7.279675,2
caai,8980,6.907862,2
caai,8981,6.609782,2
caai,8982,6.497222,2
caai,8983,8.024308,2
caai,8984,11.393665,2
caai,8985,9.652633,2
caai,8986,10.926021,2
caai,8987,4.936123,2
caai,8988,5.537700,2
caai,8989,5.792314,2
caai,8990,5.180237,2
caai,8991,8.895347,2
caai,8992,4.242282,2
caai,8993,5.982145,2
caai,8994,6.563864,2
caai,8995,3.858855,2
caai,8996,7.229977,2
caai,8997,12.008185,2
caai,8998,3.372448,2
caai,8999,8.818010,2
